Date,Close,Close,Close,Close,Close,Close,Close,Close,Close,Close,Close,Close,Close,Close,Close,Close,Close,Close,Close,Close,Close,Close,Close,Close,Close,Close,Close,Close,Close,Close,Close,Close,Close,Close,Close,Close,Close,Close,Close,Close,Close,Close,Close,Close,Close,Close,Close,Close,Close,Close,Close,Close,Close,Close,Close,Close,Close,Close,Close,Close
9/9/2021 16:00:00,6570,3175,3730,2700,5450,1990,1257,14000,424,1270,0,1237,114,2510,1035,195,3950,1281,715,995,338,1750,995,2780,161,272,3180,153,473,133,2215,4500,695,1280,785,735,188,3390,1665,254,141,2950,835,4986,2025,1795,420,0,1365,0,2340,17300,0,2702,5100,1360,4100,6275,8525,6600
9/10/2021 16:00:00,6520,3100,3780,2725,5425,2038,1275,14825,442,1583,0,1387,115,2530,1025,218,4010,1281,715,1000,338,1795,1010,2800,165,272,3200,161,462,134,2229,4210,700,1295,790,740,186,3330,1680,250,153,3040,805,4824,2074,1880,410,0,1350,0,2350,17125,0,2751,5150,1365,4080,6225,8500,6675
9/13/2021 16:00:00,6555,3075,3700,2700,5450,2077,1279,14925,440,1975,0,1461,115,2470,1070,222,4020,1331,715,995,338,1885,1005,2800,163,270,3170,158,462,134,2215,4440,700,1285,785,735,187,3350,1645,252,144,3110,805,5009,2250,1855,418,0,1340,0,2330,17450,0,2741,5075,1380,4040,6225,8425,6600
9/14/2021 16:00:00,6545,3050,3700,2700,5525,2068,1257,14950,438,2081,0,1405,114,2440,1080,222,4060,1336,715,1000,338,1870,1015,2790,162,270,3180,158,462,133,2250,4440,700,1300,790,735,189,3440,1665,248,145,3300,805,5009,2270,1860,408,0,1385,0,2370,17775,0,2673,5025,1380,4050,6175,8450,6600
9/15/2021 16:00:00,6495,3063,3660,2675,5400,2038,1239,14700,430,1941,0,1359,115,2580,1100,222,3990,1331,710,1000,340,1835,1010,2770,164,268,3190,158,456,133,2243,4670,705,1300,770,735,187,3450,1650,252,153,3250,783,5148,2250,1860,414,0,1390,0,2410,18000,0,2654,4960,1385,4040,6250,8375,6600
9/16/2021 16:00:00,6500,3075,3640,2638,5375,2097,1239,14800,434,2025,0,1387,114,2650,1100,237,3990,1336,710,995,338,1810,1035,2760,163,266,3180,159,453,133,2250,4620,705,1295,765,735,187,3440,1800,272,147,3280,788,5542,2407,1920,414,0,1390,0,2410,18250,0,2644,4860,1375,4010,6200,8225,6550
9/17/2021 16:00:00,6520,3025,3610,2650,5425,2097,1239,15850,438,2014,0,1466,114,2660,1085,235,4400,1346,710,985,340,1800,1010,2760,162,264,3190,158,445,133,2250,4400,700,1285,765,730,187,3530,1795,268,141,3340,803,5658,2338,1900,420,0,1335,0,2320,17825,0,2654,4850,1435,3950,6200,8150,6750
9/20/2021 16:00:00,6585,3013,3590,2575,5300,2029,1204,16175,430,1986,0,1419,113,2570,1030,231,4110,1336,710,965,336,1760,1015,2740,159,268,3190,157,459,132,2265,4210,700,1285,750,735,185,3520,1850,258,137,3410,823,5913,2250,1900,404,0,1320,0,2290,17650,0,2644,4810,1370,3880,6150,8125,6375
9/21/2021 16:00:00,6490,2988,3570,2563,5225,2019,1195,15700,426,1958,0,1401,112,2560,1035,224,3990,1326,705,970,336,1740,1000,2740,155,262,3200,160,543,130,2272,4300,700,1285,745,730,184,3530,1795,260,136,3300,823,5821,2241,1860,410,0,1345,0,2280,17700,0,2566,4740,1385,3840,6150,8300,6500
9/22/2021 16:00:00,6555,3038,3610,2575,5275,2058,1208,16300,400,2098,0,1401,112,2570,1030,222,3950,1341,705,975,334,1755,1010,2740,156,262,3200,156,507,130,2265,4630,705,1290,745,730,184,3590,1840,318,139,3300,828,5519,2250,1870,412,0,1400,0,2350,18150,0,2654,4760,1385,4040,6200,8200,6550
9/23/2021 16:00:00,6580,3038,3770,2563,5150,2087,1222,16675,372,2154,0,1363,111,2570,1030,210,3960,1366,715,980,338,1760,1015,2750,158,260,3190,156,473,130,2265,4880,695,1285,740,725,183,3560,1825,320,137,3390,825,5496,2417,1910,412,0,1415,0,2420,18725,0,2585,4750,1380,4050,6150,8250,6525
9/24/2021 16:00:00,6585,2988,3820,2550,5150,2058,1213,15950,352,2243,0,1368,110,2530,1065,201,3950,1336,710,975,334,1750,1015,2740,156,258,3180,155,450,130,2265,4870,690,1285,735,720,181,3560,1820,340,134,3480,820,5496,2514,1930,412,0,1500,0,2450,18450,0,2585,4710,1330,3970,6150,8300,6600
9/27/2021 16:00:00,6580,2950,3750,2538,5175,2019,1208,15900,330,2165,0,1363,106,2570,1025,197,3930,1356,710,960,334,1735,995,2800,155,260,3170,145,436,127,2293,4870,695,1280,730,710,179,3520,1840,338,135,3380,810,5519,2466,1900,412,0,1510,0,2460,18525,0,2585,4660,1395,3860,6100,8350,6525
9/28/2021 16:00:00,6520,2975,3720,2525,5075,2009,1199,15100,328,2075,0,1275,106,2580,1025,187,3880,1331,710,965,332,1715,960,2780,151,260,3170,137,436,127,2293,4870,695,1290,725,675,177,3530,1890,330,154,3410,800,5426,2299,1900,412,0,1740,0,2630,19700,0,2527,4700,1395,3820,6150,8225,6400
9/29/2021 16:00:00,6580,3000,3740,2613,5325,1990,1239,14950,332,2109,0,1354,109,2570,1020,201,3670,1336,715,970,332,1720,910,2780,152,258,3170,144,425,128,2293,4870,685,1290,730,695,180,3530,1855,338,144,3360,785,5496,2143,1960,410,0,1720,0,2640,19525,0,2468,4670,1405,3920,6150,8225,6400
9/30/2021 16:00:00,7000,3075,3850,2688,5500,1990,1262,15100,324,2098,0,1289,107,2660,1005,195,3680,1356,720,975,334,1745,900,2770,151,260,3170,142,419,128,2293,4870,685,1280,745,690,180,3690,1895,326,169,3470,780,5496,2192,1945,410,0,1760,0,2760,20800,0,2459,4590,1380,3950,6350,8350,6425
10/1/2021 16:00:00,6760,3050,3900,2675,5450,1990,1319,15075,322,2109,0,1307,107,2620,965,190,3590,1401,735,975,334,1700,885,2750,150,260,3200,140,417,128,2293,4870,690,1280,750,685,179,3660,1865,318,158,3370,793,5542,2045,1945,410,0,1780,0,2720,21175,0,2400,4520,1340,3860,6250,8325,6250
10/4/2021 16:00:00,6960,3238,3970,2850,5575,2068,1359,14500,326,2047,0,1284,107,2760,1005,190,3470,1446,750,1010,336,1720,885,2780,150,260,3250,142,414,129,2293,5300,695,1315,760,700,183,3670,1910,366,169,3400,810,5380,2015,1990,410,0,1860,0,2890,24575,0,2741,4780,1330,3980,6425,8650,6325
10/5/2021 16:00:00,6945,3213,3930,2850,5550,2029,1355,13825,316,2003,0,1293,106,2710,970,187,3320,1421,735,995,340,1705,850,2780,147,262,3260,139,405,128,2422,5300,720,1305,755,680,179,3670,1855,342,157,3420,800,5195,1957,1980,410,0,1830,0,2840,24825,0,2566,4710,1325,4150,6500,8825,6150
10/6/2021 16:00:00,7180,3300,4120,3000,5975,2146,1408,13600,326,2053,0,1401,106,2780,955,187,3370,1421,750,1060,338,1715,835,2800,138,266,3270,140,397,129,2465,4930,710,1320,765,685,180,3760,1835,320,154,3540,810,5473,2094,2000,410,0,1865,0,2840,25650,0,2605,4720,1305,4270,6600,8850,6250
10/7/2021 16:00:00,7160,3350,4120,2988,5700,2087,1390,13125,338,2137,0,1354,107,2820,970,191,3490,1406,750,1040,334,1715,870,2820,135,268,3260,140,391,131,2444,5025,715,1310,775,700,181,3720,1850,318,158,3800,810,5473,2035,2000,410,0,1735,0,2680,23875,0,2585,4760,1295,4830,6700,8850,6225
10/8/2021 16:00:00,7290,3450,4160,3075,5900,2097,1408,12925,330,2126,0,1335,107,2830,1005,187,3530,1426,755,1045,336,1720,880,2820,137,268,3260,141,394,131,2501,5025,715,1300,770,690,181,3800,2000,310,157,3770,900,5612,1996,2100,410,0,1815,0,2780,24850,0,2673,4830,1290,4760,6700,8900,6300
10/11/2021 16:00:00,7255,3450,4180,3200,5775,2038,1413,12350,322,2098,0,1242,106,2780,970,179,3550,1431,760,1030,338,1730,890,2810,135,268,3260,138,419,130,2523,5025,720,1305,755,690,180,3810,2060,290,153,3670,950,5612,1957,2270,410,0,1915,0,2840,26750,0,3015,5025,1275,4830,6625,8850,6300
10/12/2021 16:00:00,7320,3500,4220,3200,5875,2029,1435,12700,318,2355,0,1163,105,2770,955,168,3560,1456,775,1025,336,1720,860,2820,136,268,3260,136,405,129,2523,4890,725,1320,755,690,179,3780,2070,288,153,3590,923,5542,1888,2270,404,0,1885,0,2830,26425,0,2937,4950,1260,4930,6675,8875,6425
10/13/2021 16:00:00,7525,3550,4280,3338,6275,2029,1488,12250,296,2383,0,1083,102,2820,955,159,3570,1471,775,1025,338,1720,840,2840,128,264,3260,131,402,129,2537,4890,725,1330,780,695,180,3770,2060,320,149,3820,915,5658,1810,2230,398,0,1860,0,2790,26250,0,2985,4940,1175,5250,6775,8950,6425
10/14/2021 16:00:00,7750,3588,4250,3438,6225,2038,1515,12375,300,2741,0,1158,104,2860,980,164,3420,1476,780,1075,342,1735,860,2850,130,266,3230,132,400,133,2516,4890,720,1320,820,700,187,3830,2060,336,150,4000,945,5705,1825,2220,398,0,1855,0,2820,25550,0,3015,5100,1245,5325,6850,9325,6400
10/15/2021 16:00:00,7650,3575,4320,3375,6250,2077,1519,13125,312,2741,0,1144,105,2860,970,165,3420,1476,775,1085,344,1775,855,2870,134,266,3250,134,400,132,2437,4890,725,1320,820,695,185,3810,2270,332,150,3830,905,5473,1967,2190,394,0,1860,0,2830,26000,0,3171,5100,1265,5225,6775,9275,6350
10/18/2021 16:00:00,7525,3588,4410,3538,6225,2194,1635,13425,328,2568,0,1265,108,2900,955,171,3500,1491,780,1085,348,1825,880,2890,137,270,3250,138,422,132,2465,4890,725,1330,845,710,191,3790,2280,358,157,3800,940,5496,1942,2140,404,0,1875,0,2860,25675,0,3239,5125,1235,5100,6775,9300,6350
10/19/2021 16:00:00,7500,3600,4400,3613,6350,2155,1608,13825,322,2702,0,1237,106,2900,970,167,3470,1466,775,1085,344,1810,870,2900,135,268,3230,137,450,132,2437,4890,725,1320,820,710,190,3740,2380,404,153,3800,948,5566,1947,2120,404,0,1855,0,2820,25425,0,3239,5050,1220,5125,6825,9300,6425
10/21/2021 16:00:00,7400,3588,4360,3663,6150,2097,1595,14750,314,3370,0,1279,105,2820,985,166,3870,1396,750,1070,340,1765,870,2900,136,272,3230,135,428,131,2379,4890,720,1330,820,700,189,3850,2390,408,154,3820,948,5566,1986,2050,404,0,1755,0,2720,24225,0,3171,5000,1290,5000,6700,9225,6500
10/22/2021 16:00:00,7525,3600,4400,3725,6175,2107,1617,14900,316,3147,0,1312,104,2840,970,168,3890,1436,765,1070,338,1775,860,2870,135,272,3230,144,431,131,2387,4890,710,1340,820,705,188,3870,2410,414,152,3910,950,5566,1976,2060,404,0,1735,0,2670,23800,0,3132,4920,1245,4850,6650,9100,6350
10/25/2021 16:00:00,7525,3563,4300,3675,6050,2077,1604,14925,318,3259,0,1391,104,2870,1005,199,3960,1421,760,1050,340,1785,865,2860,141,290,3250,150,442,131,2351,4560,715,1410,830,705,192,3780,2360,420,149,3800,1010,5380,1957,2060,400,0,1745,0,2740,24850,0,3141,4860,1245,4580,6650,9100,6225
10/26/2021 16:00:00,7525,3588,4350,3638,6150,2097,1581,15175,314,3398,0,1382,103,2840,1000,186,4070,1426,765,1055,338,1770,880,2800,137,284,3250,144,450,132,2358,4600,710,1375,825,700,188,3800,2360,392,148,3760,1000,5542,2084,2070,400,0,1765,0,2800,25200,0,3112,4860,1260,4640,6675,9100,6275
10/27/2021 16:00:00,7450,3575,4290,3538,6000,2087,1546,14825,306,3342,0,1298,104,2840,985,175,3980,1421,760,1025,336,1765,860,2840,136,278,3250,140,459,130,2351,4310,705,1355,810,700,184,3790,2280,424,148,3640,1010,5566,2025,2040,400,0,1730,0,2780,24150,0,3161,4800,1240,4540,6475,8850,6375
10/28/2021 16:00:00,7375,3513,4240,3525,6000,2029,1550,14850,304,3328,0,1317,102,2690,995,171,3970,1416,745,1030,334,1730,865,2800,135,266,3260,138,439,128,2351,4400,690,1345,790,690,183,3750,2130,422,152,3800,1000,5519,2006,1980,392,0,1630,0,2640,22475,0,3044,4790,1185,4440,6400,8800,6200
10/29/2021 16:00:00,7475,3588,4250,3500,6025,2058,1581,15500,304,3356,0,1317,103,2690,1050,178,3970,1421,780,1045,336,1730,885,2780,135,270,3260,137,439,129,2494,4150,700,1355,790,690,182,3800,2090,412,151,3810,993,5380,2064,2020,394,0,1680,0,2680,21600,0,3083,4850,1195,4420,6350,8800,6200
11/1/2021 16:00:00,7400,3588,4230,3425,6025,2038,1590,15000,308,3301,0,1345,104,2590,1050,185,3790,1441,770,1080,336,1765,890,2780,137,272,3250,136,439,128,2358,4470,700,1375,795,695,186,3700,2020,422,153,3670,933,5542,2006,2020,400,0,1685,0,2670,22250,0,3024,4800,1205,4420,6275,8800,6200
11/2/2021 16:00:00,7300,3513,4210,3400,5900,2019,1528,15300,304,3328,0,1303,103,2540,1020,177,3790,1411,765,1055,334,1750,865,2690,137,272,3230,134,433,128,2351,4470,695,1375,790,690,183,3660,2020,430,149,3620,920,5519,1986,2150,398,0,1645,0,2600,21525,0,3024,4760,1155,4470,6275,8850,6125
11/3/2021 16:00:00,7350,3563,4290,3513,5975,2038,1568,15400,302,3650,0,1312,103,2570,1030,178,3620,1416,760,1055,336,1730,845,2700,137,274,3220,135,422,128,2336,4570,685,1360,795,695,184,3720,2080,458,153,3760,963,5566,2015,2150,400,0,1675,0,2640,22300,0,3054,4770,1175,4450,6250,8775,6175
11/4/2021 16:00:00,7375,3588,4250,3500,5975,2009,1568,15200,310,3916,0,1382,103,2620,1045,179,3590,1436,765,1070,358,1760,845,2720,136,274,3250,134,428,129,2293,4540,695,1355,800,690,186,3770,2120,458,151,3670,923,5519,2045,2150,400,0,1675,0,2680,22400,0,3034,4790,1200,4450,6275,8800,6175
11/5/2021 16:00:00,7450,3550,4240,3475,5925,2029,1564,15175,310,3860,0,1359,103,2580,1020,187,3650,1416,760,1065,346,1750,850,2700,145,272,3230,138,425,128,2336,4490,695,1365,805,695,184,3770,2060,452,150,3720,893,5496,2015,2130,400,0,1645,0,2650,22325,0,3015,4810,1195,4430,6250,8800,6225
11/8/2021 16:00:00,7575,3500,4230,3525,5925,2038,1595,16025,310,4252,0,1457,105,2590,1020,226,3650,1416,770,1060,356,1750,915,2720,182,272,3220,157,428,133,2351,4620,695,1370,810,695,185,3750,2130,440,157,3910,900,5473,2084,2200,408,0,1695,0,2680,22625,0,3054,4850,1200,4460,6275,8900,6175
11/9/2021 16:00:00,7675,3438,4250,3525,5850,2029,1572,16725,304,4265,0,1410,103,2560,1015,210,3750,1426,765,1055,352,1755,900,2730,170,272,3250,150,431,130,2430,4340,690,1395,805,705,184,3710,2160,442,162,4080,890,5473,2035,2200,408,0,1705,0,2680,22675,0,3171,4840,1190,4430,6350,8925,6150
11/10/2021 16:00:00,7650,3575,4250,3538,6175,2029,1577,16425,302,4224,0,1396,104,2570,1000,216,3850,1421,760,1050,358,1760,890,2730,166,272,3240,149,439,130,2422,4190,695,1395,800,700,187,3700,2170,440,159,4000,875,5426,2035,2070,396,0,1690,0,2680,22275,0,3200,4840,1195,4370,6275,8900,6100
11/11/2021 16:00:00,7675,3613,4250,3513,6175,2019,1590,16275,302,4265,0,1424,102,2560,1010,210,4100,1401,760,1050,390,1770,1095,2730,176,272,3230,149,439,130,2394,4190,695,1385,805,705,187,3650,2140,436,161,3950,863,5473,2035,2090,400,0,1685,0,2680,21575,0,3200,4830,1205,4660,6325,8850,6100
11/12/2021 16:00:00,7525,3550,4220,3450,6150,2009,1590,15500,300,4265,0,1433,101,2500,1015,212,3820,1401,760,1060,374,1750,1020,2730,173,272,3270,149,433,129,2437,4200,695,1390,780,700,186,3600,2150,412,168,3980,845,5473,2055,2010,400,0,1685,0,2660,20775,0,3346,4890,1200,4600,6350,8950,6050
11/15/2021 16:00:00,7500,3525,4160,3400,6125,2019,1555,15625,300,4335,0,1732,99,2470,1025,228,3630,1381,760,1045,374,1820,980,2700,173,268,3280,147,428,128,2379,4160,695,1440,780,700,183,3600,2190,398,169,4000,828,5426,2084,2020,406,0,1610,0,2510,19325,0,3317,4860,1200,4510,6300,8925,5825
11/16/2021 16:00:00,7475,3613,4130,3438,6175,2038,1555,15825,300,4405,0,1923,99,2490,1030,237,3750,1381,760,1040,362,1770,995,2730,183,268,3290,150,425,128,2422,4100,695,1420,790,700,184,3670,2250,406,170,3970,833,5473,2192,2030,406,0,1615,0,2510,19100,0,3415,4820,1190,4570,6300,8825,6025
11/17/2021 16:00:00,7575,3613,4200,3500,6250,2029,1568,15800,302,4461,0,1905,99,2500,1080,231,3800,1386,755,1035,374,1750,1010,2720,189,268,3270,151,428,130,2415,4000,695,1400,785,695,184,3630,2290,416,167,3900,833,5380,2192,2040,402,0,1640,0,2550,19950,0,3395,4770,1180,4500,6300,8850,6000
11/18/2021 16:00:00,7400,3588,4180,3463,6200,2019,1577,15450,300,4377,0,2092,98,2450,1070,222,3790,1396,755,1030,408,1750,985,2710,180,268,3270,147,422,131,2408,3850,690,1425,785,700,184,3630,2240,400,161,3970,830,5426,2211,2010,406,0,1625,0,2540,19500,0,3366,4720,1200,4480,6550,9075,5850
11/19/2021 16:00:00,7425,3625,4280,3513,6225,2019,1595,15500,302,4489,0,2036,97,2480,1060,216,3650,1391,760,1045,394,1750,985,2710,176,268,3270,146,419,130,2394,3930,695,1415,785,695,184,3900,2230,400,157,3950,835,5287,2104,2060,406,0,1645,0,2620,20175,0,3619,4840,1265,4660,6550,9025,5950
11/22/2021 16:00:00,7475,3675,4280,3588,6200,2009,1652,15500,300,4405,0,2008,99,2540,1040,210,3560,1411,765,1040,390,1745,985,2720,182,270,3250,141,414,130,2408,3930,715,1410,775,695,182,3800,2180,400,164,4050,833,5357,2055,2060,400,0,1640,0,2600,20000,0,3659,4870,1305,4840,6625,9075,5925
11/23/2021 16:00:00,7475,3575,4210,3500,6250,1999,1612,14700,296,4098,0,1970,94,2480,1015,203,3490,1411,760,1040,386,1745,960,2710,180,268,3290,138,414,129,2494,3930,705,1395,770,695,182,3800,2240,396,163,3990,815,5287,1986,2050,400,0,1705,0,2640,21050,0,3532,4880,1250,4880,6600,8950,5900
11/24/2021 16:00:00,7475,3575,4210,3538,6225,1999,1612,15200,290,3888,0,1970,92,2490,1040,207,3640,1391,760,1035,382,1735,940,2720,190,270,3300,140,411,129,2451,3930,700,1400,770,695,181,3800,2210,402,167,3910,815,5380,2045,2050,400,0,1695,0,2660,21075,0,3532,4870,1270,4840,6550,9000,6000
11/25/2021 16:00:00,7425,3675,4220,3588,6225,1999,1617,15200,284,3664,0,2073,92,2510,1030,197,3680,1406,770,1035,370,1730,955,2720,190,268,3340,138,408,128,2408,3940,695,1400,765,695,181,4000,2240,394,169,3860,828,5450,2113,2080,400,0,1745,0,2700,21550,0,3561,4930,1225,4820,6475,8950,5925
11/26/2021 16:00:00,7275,3550,4160,3438,5900,1960,1590,14750,274,3594,0,2026,90,2470,1005,193,3510,1391,755,1010,352,1715,970,2700,179,268,3340,134,405,128,2422,3800,685,1355,750,690,178,4010,2100,388,162,3770,810,5102,2015,2050,400,0,1655,0,2600,20425,0,3463,4770,1165,4710,6350,8875,5825
11/29/2021 16:00:00,7400,3588,4170,3475,5975,1916,1555,15375,270,3804,0,2194,86,2410,1020,199,3610,1356,750,995,358,1710,935,2680,181,268,3340,133,397,127,2394,4150,685,1370,755,690,177,4140,2160,384,161,3700,805,4800,2150,2050,400,0,1690,0,2660,20875,0,3649,4750,1205,4630,6500,8875,5700
11/30/2021 16:00:00,7275,3500,4090,3400,5775,1907,1519,15825,264,3860,0,2129,82,2410,975,195,3700,1356,745,985,372,1705,920,2660,177,268,3370,132,394,126,2394,4150,680,1350,755,685,178,3990,2140,374,160,3570,805,4824,2130,2010,400,0,1700,0,2600,21550,0,3571,4790,1180,4480,6300,8450,6075
12/1/2021 16:00:00,7300,3538,4080,3325,5650,1809,1497,15550,262,3888,0,2157,77,2370,955,193,3760,1341,755,985,358,1695,930,2680,166,270,3330,128,394,126,2401,4150,675,1385,755,690,174,4080,2130,370,158,3350,805,4483,2070,2020,394,0,1755,0,2600,20900,0,3619,4690,1195,4310,6525,8925,5925
12/2/2021 16:00:00,7500,3600,4200,3413,5850,1765,1519,15450,264,3818,0,2008,74,2370,970,193,3710,1346,750,980,372,1675,895,2670,174,270,3340,124,394,125,2422,3870,670,1375,760,710,175,4160,2180,380,162,3370,800,4178,1995,2040,400,0,1810,0,2740,21875,0,3600,4790,1185,4290,6475,8850,6100
12/3/2021 16:00:00,7375,3575,4170,3363,5750,1829,1541,15250,270,3748,0,2054,75,2360,985,197,3760,1371,765,985,364,1680,895,2670,170,268,3300,124,394,124,2387,3870,675,1360,765,690,176,4070,2150,366,164,3470,803,3892,1925,2000,400,0,1815,0,2710,21550,0,3561,4760,1170,4220,6450,8700,5975
12/6/2021 16:00:00,7350,3588,4110,3425,5650,1834,1555,15400,270,3888,0,2568,77,2400,990,214,3820,1396,765,990,356,1700,900,2700,181,268,3240,128,391,123,2387,3610,675,1360,760,690,174,4170,2160,368,162,3660,800,4073,2110,2030,400,0,1910,0,2750,21500,0,3571,4750,1170,4200,6425,8750,5925
12/7/2021 16:00:00,7350,3650,4230,3525,5925,1819,1555,15100,286,4307,0,2521,77,2450,1015,251,4050,1411,765,995,364,1695,905,2720,202,266,3240,140,394,126,2408,3650,670,1360,760,695,174,4150,2280,372,165,3630,803,3911,2120,2020,400,0,1905,0,2750,21000,0,3688,4780,1170,4270,6350,8750,5825
12/8/2021 16:00:00,7425,3575,4210,3425,5800,1868,1555,15575,296,4293,0,2418,75,2400,1010,293,4000,1406,760,990,360,1705,935,2740,204,268,3240,140,391,124,2437,3710,675,1365,760,695,173,4090,2450,388,164,3650,798,4092,2240,2020,400,0,1925,0,2720,20825,0,3746,4740,1170,4270,6375,8775,5800
12/9/2021 16:00:00,7350,3675,4190,3413,6000,1853,1555,15725,294,4293,0,2446,80,2390,1045,304,4130,1411,760,985,356,1690,915,2740,206,266,3240,137,397,125,2437,3730,670,1370,765,695,175,4150,2600,386,165,3710,795,4092,2230,2000,398,0,1935,0,2720,20750,0,3776,4800,1180,4370,6550,8950,5925
12/10/2021 16:00:00,7375,3600,4130,3388,5925,1858,1555,15950,292,4461,0,2418,77,2390,1010,295,3940,1436,760,990,360,1710,950,2700,224,264,3270,144,400,125,2437,3760,670,1340,765,690,174,4150,2720,390,172,3770,798,4121,2120,2010,396,0,1920,0,2740,20100,0,3610,4770,1165,4430,6625,8850,6050
12/13/2021 16:00:00,7300,3563,4160,3425,5900,1848,1568,15775,286,4405,0,2418,77,2410,1005,319,3900,1426,765,985,364,1690,1040,2730,258,266,3270,155,397,126,2437,3810,675,1335,760,695,175,4080,2850,382,232,3780,805,4150,2080,2010,396,0,1920,0,2710,20225,0,3649,4710,1175,4380,6550,8750,5900
12/14/2021 16:00:00,7300,3588,4130,3438,5875,1834,1555,15350,280,4126,0,2456,75,2390,1005,325,3770,1396,755,975,360,1700,970,2720,258,266,3260,146,394,125,2437,3820,675,1320,755,695,174,4100,2890,392,260,3840,805,4102,2030,2010,396,0,1920,0,2730,20325,0,3522,4710,1165,4290,6450,8700,5900
12/15/2021 16:00:00,7300,3638,4200,3438,6000,1824,1564,15625,276,3888,0,2428,74,2400,1045,331,3870,1396,755,985,356,1700,975,2690,240,262,3260,141,391,125,2437,3820,670,1335,765,700,173,4080,2870,394,286,3820,803,4130,2020,2000,400,0,2020,0,2700,20325,0,3541,4650,1165,4270,6500,8800,5975
12/16/2021 16:00:00,7275,3625,4140,3375,5800,1799,1532,16175,276,4042,0,2428,74,2380,1125,333,4000,1381,760,975,356,1675,950,2700,230,260,3260,141,394,123,2437,3820,670,1340,765,695,172,4100,2760,394,267,3750,810,4159,2020,1965,400,0,2040,0,2680,20000,0,3610,4610,1150,4210,6425,8750,5950
12/17/2021 16:00:00,7500,3575,4110,3375,5800,1790,1532,15900,280,4042,0,2521,75,2430,1095,325,4040,1396,765,970,348,1655,930,2720,226,254,3260,142,391,123,2422,3830,670,1335,740,690,168,4100,2800,368,252,3720,800,4197,2000,1970,400,0,2050,0,2730,20675,0,3610,4660,1150,4150,6475,8800,5875
12/20/2021 16:00:00,7375,3538,4120,3363,5675,1756,1528,15775,272,3832,0,2456,73,2390,1085,310,4380,1381,750,970,340,1660,920,2700,212,252,3250,136,383,122,2430,3830,665,1325,750,685,169,4080,2820,352,235,3550,805,4188,1950,1970,400,0,2050,0,2650,20025,0,3698,4620,1165,4140,6375,8825,5875
12/21/2021 16:00:00,7375,3575,4080,3350,5650,1741,1528,15775,272,3916,0,2456,72,2390,1095,308,4440,1396,755,965,340,1635,910,2680,216,248,3240,137,383,120,2451,3830,665,1320,750,690,170,4160,2790,354,220,3800,798,4083,1970,1995,400,0,2120,0,2690,20400,0,3678,4620,1195,4080,6375,8750,5900
12/22/2021 16:00:00,7325,3525,4050,3313,5625,1721,1528,16475,268,3846,0,2605,73,2380,1125,287,4320,1346,740,960,338,1600,900,2680,208,248,3250,134,377,120,2444,3830,670,1315,745,690,170,4110,2670,340,258,3710,795,3978,1970,1990,390,0,2150,0,2700,20150,0,3776,4510,1215,4060,6300,8675,5750
12/23/2021 16:00:00,7300,3538,4100,3325,5725,1726,1532,17650,266,3734,0,2549,69,2390,1090,268,4170,1336,740,960,336,1605,860,2670,206,250,3250,131,377,117,2444,3830,665,1310,750,685,169,4160,2700,382,247,3660,800,3835,1975,1990,380,0,2150,0,2700,20050,0,3795,4530,1205,4080,6375,8775,5850
12/24/2021 16:00:00,7300,3525,4070,3363,5675,1751,1519,17250,276,3874,0,2614,67,2390,1105,275,4250,1341,745,960,334,1600,860,2650,222,250,3250,133,377,116,2444,3860,665,1315,750,685,170,4110,2720,368,232,3680,798,4121,2000,1980,398,0,2220,0,2710,20100,0,3766,4690,1210,4200,6400,8725,5850
12/27/2021 16:00:00,7350,3500,4060,3375,5675,1814,1519,16825,276,3874,0,2540,67,2390,1095,270,3960,1346,750,975,334,1600,870,2640,218,250,3250,131,377,116,2437,3870,670,1300,755,685,171,4080,2870,368,226,3740,805,4102,1970,1980,392,0,2180,0,2700,20150,0,3873,4690,1210,4210,6375,8650,5900
12/28/2021 16:00:00,7350,3525,4090,3350,5725,1756,1559,17125,280,3958,0,2558,65,2420,1160,253,3860,1341,745,975,332,1600,870,2640,218,248,3270,133,377,117,2437,3880,670,1255,765,690,172,4090,2830,370,230,3700,800,4121,1920,1980,394,0,2300,0,2800,21375,0,3863,4710,1220,4180,6325,8700,6000
12/29/2021 16:00:00,7300,3550,4080,3363,5750,1746,1555,17125,276,3930,0,2530,65,2400,1180,239,3850,1346,745,970,340,1560,850,2640,206,250,3270,130,374,118,2437,4230,670,1275,765,685,172,4080,2810,354,228,3740,798,4054,1830,1940,370,0,2310,0,2790,21125,0,3844,4650,1240,4120,6400,8675,5975
12/30/2021 16:00:00,7300,3513,4110,3375,5700,1736,1537,16000,266,3958,0,2456,62,2350,1175,233,3810,1331,750,965,332,1535,875,2620,204,250,3290,127,371,116,2430,4230,670,1275,770,680,172,4040,2800,360,220,3580,798,4102,1810,2000,370,0,2250,0,2710,20400,0,3795,4680,1215,4110,6325,8700,5950
1/3/2022 16:00:00,7325,3525,4180,3363,5725,1736,1599,17325,270,4419,0,2400,58,2370,1200,235,3750,1346,750,980,332,1580,895,2670,190,252,3280,130,371,116,2430,4300,670,1275,775,695,176,4180,3050,350,205,3650,808,4140,1715,2000,376,0,2370,0,2670,19625,0,4039,4760,1230,4230,6250,8625,5950
1/4/2022 16:00:00,7400,3588,4160,3513,5775,1751,1590,17400,268,4923,0,2344,57,2420,1185,222,3600,1356,760,980,332,1590,885,2670,194,254,3250,131,377,116,2437,4100,675,1280,770,700,179,4170,2970,350,194,3740,813,4188,1645,2000,370,0,2300,0,2700,19925,0,3932,4650,1195,4250,6275,8775,6000
1/5/2022 16:00:00,7450,3513,4210,3475,5575,1746,1537,17775,268,5426,0,2204,55,2430,1185,212,3730,1346,750,970,330,1575,905,2680,204,252,3240,132,371,116,2465,4130,670,1275,760,690,174,4050,2850,352,217,3740,805,4197,1535,1985,370,0,2240,0,2730,20050,0,3854,4610,1200,4210,6225,8825,6025
1/6/2022 16:00:00,7475,3513,4160,3475,5675,1702,1510,18550,256,5454,0,2278,55,2380,1135,226,3650,1351,750,970,332,1560,885,2660,202,250,3240,129,363,113,2451,4340,670,1270,760,695,172,4120,2800,376,218,3660,800,4188,1480,2180,370,0,2300,0,2700,19625,0,3863,4560,1155,4230,6300,8850,6100
1/7/2022 16:00:00,7650,3525,4190,3538,5700,1702,1528,18800,254,5678,0,2194,55,2400,1195,220,3690,1356,755,975,330,1540,870,2620,194,250,3260,128,355,112,2473,4340,665,1265,755,690,173,4170,2900,360,203,3660,818,4188,1400,2030,378,0,2430,0,2790,20025,0,3844,4510,1155,4220,6425,8875,6150
1/10/2022 16:00:00,7600,3525,4180,3525,5650,1717,1519,18950,248,6800,0,2222,54,2390,1300,218,3700,1341,750,970,330,1550,870,2600,194,250,3250,127,352,111,2508,4340,665,1270,755,690,173,4100,2930,362,200,3510,868,4188,1525,1995,372,0,2400,0,2780,20050,0,3834,4510,1130,4250,6400,8850,6075
1/11/2022 16:00:00,7700,3525,4150,3513,5700,1697,1510,18325,232,7300,0,2073,53,2380,1295,205,3590,1346,745,965,326,1530,860,2620,181,252,3230,123,341,110,2781,4340,650,1265,755,680,171,4090,2860,348,196,3380,880,4197,1500,1970,372,0,2340,0,2830,20175,0,3805,4250,1095,4180,6525,8700,6075
1/12/2022 16:00:00,7700,3575,4160,3525,5725,1580,1515,17850,216,6800,0,2120,52,2370,1400,201,3570,1351,745,965,308,1470,850,2630,169,250,3220,122,324,106,2759,4340,650,1260,755,690,173,4110,2860,350,192,3420,855,4188,1575,1975,374,0,2310,0,2760,20175,0,3805,4380,1095,4330,6600,8750,6150
1/13/2022 16:00:00,7700,3563,4190,3513,5775,1575,1510,17375,226,6475,0,2278,52,2370,1375,212,3780,1351,745,965,310,1420,840,2630,175,250,3240,125,312,106,2759,4340,645,1260,755,690,173,4180,2860,344,200,3430,840,4245,1560,1975,374,0,2280,0,2810,20600,0,3932,4760,1095,4270,6600,8775,6150
1/14/2022 16:00:00,7850,3588,4180,3550,5725,1546,1528,18575,228,6025,0,2138,52,2360,1350,207,3870,1346,745,965,312,1420,835,2650,170,250,3240,124,310,107,2738,4320,645,1255,760,685,173,4190,2820,342,200,3500,833,4550,1510,1940,374,0,2270,0,2830,20700,0,3941,4770,1090,4220,6500,8750,6175
1/17/2022 16:00:00,7750,3600,4210,3600,5675,1502,1510,18650,222,5625,0,2138,51,2350,1320,209,3900,1341,740,965,312,1410,835,2610,165,248,3200,125,304,106,2716,4020,645,1250,755,690,173,4180,2760,342,200,3480,845,4646,1485,1940,374,0,2260,0,2810,21125,0,3922,4660,1095,4150,6475,8775,6150
1/18/2022 16:00:00,7675,3625,4190,3538,5650,1458,1510,18875,222,5875,0,2082,51,2340,1335,210,3900,1331,740,965,304,1360,780,2610,170,246,3220,125,287,103,2716,4000,640,1245,755,690,173,4250,2690,340,190,3450,833,4684,1445,1940,374,0,2220,0,2820,20825,0,3844,4720,1095,4110,6425,8775,6200
1/19/2022 16:00:00,7675,3513,4130,3550,5600,1468,1493,18975,224,5750,0,1970,51,2320,1310,239,3830,1296,740,960,306,1410,735,2620,180,246,3230,127,287,102,2716,4000,640,1240,750,695,172,4250,2740,336,185,3460,830,4960,1345,1940,374,0,2230,0,2810,20950,0,3746,4890,1120,4100,6425,8750,6400
1/20/2022 16:00:00,7775,3588,4130,3575,5525,1512,1493,18650,222,5525,0,1961,51,2340,1240,233,3830,1301,740,960,314,1405,720,2610,175,248,3230,125,287,101,2867,4000,640,1250,750,695,172,4220,2800,320,183,3460,830,5223,1320,1940,374,0,2310,0,2820,20825,0,3776,5000,1100,4100,6350,8525,6400
1/21/2022 16:00:00,7950,3650,4170,3588,5600,1517,1484,19000,224,6100,0,1970,54,2330,1260,235,3760,1301,745,955,318,1400,700,2610,172,250,3230,122,290,101,2845,4000,635,1260,755,695,172,4330,2880,300,185,3430,820,5151,1325,1940,374,0,2310,0,2830,20800,0,3863,5025,1095,4150,6475,8675,6525
1/24/2022 16:00:00,7800,3638,4120,3550,5525,1512,1475,18350,222,5925,0,1835,72,2340,1290,220,3760,1306,745,955,312,1430,690,2570,163,246,3230,121,290,101,2788,3900,625,1270,755,695,175,4300,2840,298,183,3500,835,5247,1250,2050,374,0,2270,0,2870,21500,0,3815,4990,1055,4080,6400,8600,6525
1/25/2022 16:00:00,7775,3613,4070,3400,5450,1473,1390,17075,214,5650,0,1709,84,2330,1235,205,3580,1291,740,950,308,1420,645,2600,155,246,3220,113,287,100,2831,3800,620,1255,750,680,174,4290,2770,282,170,3380,820,5247,1270,1985,374,0,2210,0,2810,21225,0,3746,4850,1020,4060,6350,8750,6500
1/26/2022 16:00:00,7700,3738,4090,3563,5450,1478,1417,15900,206,5700,0,1681,85,2350,1275,214,3670,1301,750,950,302,1495,680,2580,155,244,3220,113,287,99,2802,3900,625,1255,745,695,174,4390,2780,296,164,3370,805,5151,1260,2000,374,0,2210,0,2870,21400,0,3649,4830,1155,4130,6450,8750,6500
1/27/2022 16:00:00,7800,3775,4140,3600,5475,1468,1381,15900,199,5650,0,1667,87,2330,1260,203,3710,1291,745,955,306,1460,665,2590,155,242,3220,109,281,98,2759,4170,625,1270,745,700,173,4270,2760,290,168,3330,805,5127,1275,2000,374,0,2310,0,2900,22150,0,3619,4740,1215,4060,6425,8700,6425
1/28/2022 16:00:00,7775,3825,4140,3750,5475,1482,1541,16075,206,5550,0,1793,91,2350,1310,207,3730,1311,750,960,308,1435,700,2590,157,240,3220,110,281,102,2731,3890,630,1255,745,695,173,4260,2760,320,166,3400,808,5175,1320,1990,374,0,2280,0,2880,22550,0,3541,4700,1205,4050,6375,8675,6475
1/31/2022 16:00:00,7625,3738,4070,3663,5475,1507,1501,16400,214,5600,0,1802,108,2400,1305,216,3890,1316,745,950,306,1440,680,2570,161,246,3250,111,281,103,2738,3860,640,1265,745,700,173,4190,2750,312,158,3480,810,4960,1275,1985,374,0,2240,0,2850,21650,0,3551,4710,1165,4030,6325,8725,6300
2/2/2022 16:00:00,7800,3738,4070,3688,5500,1507,1484,17300,236,5750,0,1980,141,2390,1365,226,3990,1311,745,950,306,1415,670,2570,163,244,3210,114,307,105,2795,3950,640,1275,750,705,177,4170,2830,326,160,3560,808,5056,1340,2030,374,0,2210,0,2810,21325,0,3639,4730,1265,4050,6400,8675,6125
2/3/2022 16:00:00,7725,3738,4130,3650,5500,1546,1475,16600,230,5625,0,1961,136,2380,1330,220,4150,1316,745,945,306,1405,670,2610,163,246,3220,114,296,107,2723,3950,645,1270,755,700,174,4200,2830,318,160,3500,813,5032,1290,2010,372,0,2220,0,2820,20925,0,3541,4700,1250,4010,6425,8500,5975
2/4/2022 16:00:00,7725,3738,4210,3663,5500,1541,1515,16700,236,5600,0,1989,154,2370,1320,233,4250,1331,745,950,308,1400,670,2650,166,244,3220,115,290,105,2731,3950,645,1270,755,710,176,4230,2770,318,160,3660,810,4960,1310,2010,372,0,2180,0,2790,20800,0,3532,4730,1230,4020,6425,8625,5975
2/7/2022 16:00:00,7800,3750,4400,3688,5475,1604,1559,16500,236,5500,0,1961,206,2390,1290,245,4310,1351,765,955,310,1415,670,2630,171,240,3220,116,301,106,2731,3950,655,1255,750,705,174,4290,2770,322,169,3720,790,5008,1380,2010,396,0,2200,0,2820,21075,0,3551,4710,1245,4000,6475,8650,6075
2/8/2022 16:00:00,7725,3813,4440,3750,5550,1619,1555,16475,242,5575,0,1980,218,2470,1265,270,4320,1366,760,965,320,1420,680,2640,176,244,3260,116,310,109,2766,3950,660,1250,825,710,178,4230,2760,344,169,3650,788,4960,1385,2010,378,0,2200,0,2840,20825,0,3493,4650,1225,4000,6375,8625,5900
2/9/2022 16:00:00,7950,3838,4450,3788,5550,1634,1577,16150,238,5525,0,1998,228,2430,1265,254,4280,1386,760,965,318,1420,695,2650,169,252,3240,115,352,109,2759,3950,660,1255,800,695,176,4280,2730,340,167,3800,798,4889,1440,2010,378,0,2210,0,2870,21650,0,3512,4660,1270,3960,6350,8675,5875
2/10/2022 16:00:00,7750,3863,4470,3838,5450,1629,1572,15100,236,5650,0,2110,228,2470,1260,253,4250,1376,760,960,314,1425,680,2640,167,254,3240,114,369,107,2781,3950,675,1260,800,705,176,4460,2720,328,169,3900,790,4889,1375,1940,378,0,2160,0,2840,21250,0,3444,4800,1275,3980,6325,8625,5850
2/11/2022 16:00:00,7825,3863,4450,3850,5450,1629,1572,14950,236,5650,0,2138,214,2450,1260,266,4150,1396,760,960,312,1425,675,2680,174,254,3240,114,357,106,2745,3950,670,1250,795,705,174,4450,2660,334,166,3780,795,4937,1405,1945,368,0,2170,0,2880,21875,0,3512,4780,1235,3900,6350,8650,5850
2/14/2022 16:00:00,7700,3900,4410,3850,5300,1575,1572,14150,232,5550,0,1989,200,2420,1240,258,3950,1376,760,960,308,1405,670,2660,166,248,3230,113,341,105,2745,3950,650,1250,790,700,172,4400,2600,318,161,3520,780,4889,1315,1950,376,0,2230,0,2910,22925,0,3561,4700,1225,3850,6350,8550,5800
2/15/2022 16:00:00,7875,3950,4430,3963,5500,1609,1612,14425,230,5550,0,2017,240,2440,1270,279,3930,1401,760,960,308,1410,680,2640,168,254,3220,112,343,104,2731,3950,655,1250,785,705,175,4410,2630,320,165,3650,790,4960,1305,1950,376,0,2290,0,2910,23375,0,3668,4670,1215,3870,6375,8550,5850
2/16/2022 16:00:00,7975,3925,4420,3975,5475,1614,1604,15075,236,5525,0,2017,254,2460,1255,264,3930,1406,755,975,312,1405,665,2680,168,258,3210,112,343,105,2723,3940,665,1255,805,710,177,4400,2740,338,166,3730,788,5008,1415,2060,386,0,2240,0,2900,23475,0,3707,4730,1190,3870,6300,8500,5800
2/17/2022 16:00:00,7900,3925,4400,3950,5475,1600,1599,15200,236,5500,0,2148,306,2420,1250,256,3820,1401,750,965,310,1405,660,2680,168,258,3220,114,346,104,2731,3680,660,1265,795,720,175,4410,2690,348,164,3700,785,5056,1410,2050,382,0,2220,0,2900,22975,0,3766,4750,1165,3830,6375,8525,5775
2/18/2022 16:00:00,7925,3925,4430,3988,5600,1658,1595,15450,238,5825,0,2101,306,2390,1260,239,3870,1391,760,985,310,1410,660,2650,168,258,3210,114,349,104,2731,3680,665,1260,800,715,175,4400,2730,360,161,3760,785,5103,1510,2050,378,0,2240,0,2930,23100,0,3756,4900,1200,3850,6375,8525,5825
2/21/2022 16:00:00,7950,3925,4490,3950,5575,1712,1604,16000,238,5750,0,2278,306,2420,1280,230,3910,1401,780,1020,314,1425,670,2670,175,258,3210,113,369,105,2738,3680,660,1260,800,715,175,4370,2810,386,162,3850,785,5103,1520,2070,368,0,2220,0,2940,23150,0,3717,4900,1160,3850,6275,8500,5750
2/22/2022 16:00:00,7900,3938,4430,3875,5575,1682,1555,16175,234,5575,0,2241,306,2390,1265,220,3940,1401,780,1015,310,1420,675,2670,168,256,3220,112,397,105,2752,3680,660,1270,815,700,173,4300,2760,374,162,3600,783,5175,1455,2020,378,0,2230,0,2940,23200,0,3688,4960,1150,3810,6400,8525,6000
2/23/2022 16:00:00,8050,3938,4480,3963,5650,1687,1568,15950,228,5700,0,2288,306,2390,1280,232,3850,1406,780,1020,312,1415,675,2670,165,256,3230,117,408,104,2774,3800,670,1270,825,710,173,4350,2770,366,159,3580,790,5127,1490,2020,384,0,2320,0,3010,23975,0,3756,4940,1130,3820,6400,8700,6000
2/24/2022 16:00:00,8000,3850,4390,3913,5700,1575,1546,15275,214,5325,0,2129,286,2360,1230,216,3840,1381,775,1030,302,1385,660,2660,155,248,3210,109,380,100,2781,3800,650,1250,795,700,170,4240,2650,342,149,3510,783,5056,1390,2030,370,0,2480,0,3170,26975,0,3746,5100,1115,3690,6325,8525,5825
2/25/2022 16:00:00,8050,3850,4550,4000,5800,1624,1577,16175,216,5450,0,2185,272,2380,1285,218,3850,1391,770,1055,306,1375,665,2640,157,252,3210,111,355,100,2888,3800,655,1255,800,710,169,4340,2630,350,141,3590,780,5056,1400,2040,374,0,2450,0,3140,26675,0,3776,5400,1090,3680,6200,8500,5800
3/1/2022 16:00:00,8050,3825,4630,3963,5700,1751,1546,16500,214,5600,0,2185,268,2410,1305,208,3660,1396,765,1060,310,1385,665,2630,157,252,3210,110,346,99,3039,3800,655,1250,805,715,171,4350,2740,380,144,3520,780,5103,1450,2020,374,0,2580,0,3190,27650,0,3717,5250,1090,3680,6175,8250,5725
3/2/2022 16:00:00,7975,3813,4560,3888,5525,1731,1524,15750,206,5575,0,2054,254,2380,1285,204,3570,1411,770,1050,304,1370,655,2610,151,248,3210,107,324,99,3039,4470,645,1255,805,705,169,4290,2880,372,140,3430,778,5103,1350,2020,376,0,2610,0,3250,28125,0,3805,5250,1090,3660,6200,7925,5700
3/4/2022 16:00:00,7900,3825,4670,3950,5625,1697,1497,15775,200,5500,0,1961,248,2360,1285,193,3550,1400,765,1050,306,1350,630,2650,144,246,3210,104,329,97,3082,4350,645,1250,795,690,170,4400,3060,358,135,3400,765,5127,1330,2010,380,0,3040,0,3540,29225,0,4137,5400,1085,3520,6075,7825,5700
3/7/2022 16:00:00,7700,3775,4520,3863,5800,1643,1470,15775,204,5300,0,1895,272,2320,1240,198,3500,1375,765,1040,304,1330,605,2610,135,244,3210,99,324,96,3153,4350,630,1245,790,685,168,4510,2950,334,127,3210,758,5103,1260,2010,386,0,3240,0,3620,30075,0,4254,6100,1145,3430,5725,7400,5500
3/8/2022 16:00:00,7650,3775,4430,3800,6250,1609,1470,15000,200,5125,0,1825,254,2280,1235,187,3550,1395,765,1025,306,1340,600,2600,135,246,3220,96,315,95,3254,4050,640,1245,785,695,167,4620,2980,312,129,3010,748,5103,1235,2010,386,0,3120,0,3480,28300,0,4585,6400,1070,3360,5925,7600,5400
3/9/2022 16:00:00,7850,3813,4570,3888,6300,1648,1510,14950,200,5025,0,1849,238,2300,1280,188,3580,1380,765,1025,304,1335,585,2600,139,248,3210,94,318,95,3125,3900,640,1255,790,695,168,4440,2890,334,129,3080,758,5103,1260,2010,406,0,3080,0,3540,27800,0,4488,6050,1055,3400,5950,7625,5525
3/10/2022 16:00:00,7925,3838,4570,3888,6250,1658,1515,15775,204,5000,0,1914,232,2320,1275,202,3580,1385,770,1045,312,1320,600,2610,143,248,3200,105,318,97,3738,3670,640,1255,790,680,169,4410,2780,324,129,3210,758,5056,1290,2010,408,0,2980,0,3470,27150,0,4283,6225,1170,3430,6075,7750,5725
3/11/2022 16:00:00,7950,3825,4400,3975,6275,1629,1528,15600,208,4980,0,2017,240,2350,1320,199,3580,1405,780,1050,308,1310,630,2590,142,246,3210,103,326,97,3613,3670,645,1250,790,690,169,4590,2710,330,130,3160,765,5151,1270,2010,422,0,3000,0,3480,27050,0,4244,6125,1195,3370,6050,7550,5775
3/14/2022 16:00:00,8075,3875,4520,4050,6375,1643,1501,15400,204,4940,0,1998,252,2350,1300,193,3580,1420,800,1095,308,1325,655,2620,148,248,3200,100,338,98,3500,3860,640,1260,800,680,171,4580,2780,340,158,3100,765,5127,1305,2010,402,0,2790,0,3310,26025,0,4195,5700,1280,3380,6100,7525,5850
3/15/2022 16:00:00,8150,3888,4610,4038,6300,1624,1519,15000,200,4980,0,1923,242,2300,1320,198,3590,1410,795,1075,298,1330,635,2620,141,246,3210,100,329,97,3500,3670,635,1260,800,680,169,4620,2760,340,148,3070,750,5127,1275,2020,400,0,2710,0,3300,25825,0,4127,5600,1295,3280,6050,7425,5675
3/16/2022 16:00:00,8200,3975,4650,4175,6400,1614,1555,15650,202,5250,0,2064,240,2320,1325,214,3550,1410,810,1110,300,1360,640,2600,150,248,3180,101,329,97,3450,4100,645,1260,795,680,169,4630,2810,338,162,3050,750,5103,1275,2050,418,0,2820,0,3380,26975,0,4117,5600,1305,3450,6150,7625,5800
3/17/2022 16:00:00,8000,3975,4650,4113,6425,1604,1546,15550,202,5150,0,2082,248,2320,1305,208,3560,1410,815,1095,302,1360,670,2580,147,246,3200,99,332,100,3400,3820,645,1325,800,680,169,4480,2770,340,170,3120,745,5103,1320,1990,420,0,2740,0,3320,26300,0,4263,5575,1345,3420,6125,7575,5775
3/18/2022 16:00:00,7900,3963,4580,4150,6400,1575,1541,15525,200,5425,0,2054,272,2310,1345,204,3520,1450,815,1080,300,1335,660,2610,142,248,3200,100,346,98,3400,3840,645,1305,800,675,169,4540,2760,334,164,3150,748,5103,1320,2050,414,0,2720,0,3190,26975,0,4195,5800,1360,3360,6025,7575,5875
3/21/2022 16:00:00,7900,3825,4590,4038,6600,1575,1510,15525,202,5375,0,2026,282,2310,1410,199,3560,1415,815,1080,300,1350,660,2610,141,246,3210,99,343,98,3388,3840,645,1310,810,680,169,4550,2730,330,153,3300,740,5103,1305,2060,394,0,2720,0,3220,26650,0,4234,5750,1390,3460,5975,7450,5750
3/22/2022 16:00:00,7925,3838,4640,4013,6575,1590,1515,15075,202,5375,0,2092,296,2310,1395,198,3510,1435,815,1075,300,1335,655,2610,142,246,3210,98,343,99,3363,3730,645,1330,810,680,168,4550,2820,344,167,3490,733,5080,1345,2060,416,0,2800,0,3300,27350,0,4419,6150,1400,3490,6025,7475,5775
3/23/2022 16:00:00,7900,3888,4650,4038,6475,1580,1501,14500,206,5175,0,2092,324,2310,1360,198,3510,1445,820,1075,296,1335,640,2590,142,246,3210,99,341,98,3250,3670,650,1330,820,680,168,4550,2880,330,173,3640,730,5080,1330,2060,396,0,2800,0,3330,28050,0,4429,6400,1395,3410,5975,7500,5675
3/24/2022 16:00:00,7925,3963,4730,4113,6575,1580,1555,14825,206,5100,0,2110,302,2350,1370,197,3460,1475,815,1080,300,1300,640,2610,139,248,3200,99,341,96,3113,3450,650,1330,825,680,172,4560,2850,336,165,3600,733,5103,1330,2060,396,0,2880,0,3350,27800,0,4634,6775,1420,3380,5950,7550,5750
3/25/2022 16:00:00,7950,3925,4710,4113,6400,1570,1541,14350,202,5200,0,2054,294,2350,1345,193,3470,1480,820,1080,300,1300,640,2610,137,250,3210,99,343,97,3063,3520,655,1330,825,680,173,4520,2860,328,165,3500,733,5080,1285,2000,410,0,2820,0,3320,28525,0,4634,6850,1390,3400,5775,7250,5625
3/28/2022 16:00:00,7900,3938,4730,4250,6700,1575,1555,14275,200,5300,0,2036,298,2420,1345,192,3460,1530,790,1080,298,1300,640,2600,137,252,3200,98,355,97,3263,3450,655,1330,805,680,171,4600,2880,330,166,3450,728,5080,1270,2050,406,0,2860,0,3430,29350,0,4615,6750,1400,3460,5800,7275,5700
3/29/2022 16:00:00,7850,3963,4690,4188,6550,1575,1559,13975,200,5525,0,2045,286,2420,1290,199,3460,1545,785,1090,300,1300,650,2600,139,248,3200,100,352,98,3200,3450,645,1335,765,680,170,4560,2790,328,167,3360,725,5080,1275,2050,406,0,2770,0,3370,28975,0,4468,6725,1420,3480,5825,7300,5650
3/30/2022 16:00:00,7875,3938,4710,4200,6650,1580,1532,14450,199,5775,0,2110,286,2440,1275,198,3590,1525,785,1105,302,1320,650,2630,141,248,3200,100,352,100,3225,3230,650,1355,770,680,171,4580,2680,310,163,3370,725,5080,1270,2050,380,0,2680,0,3280,28325,0,4410,6725,1460,3720,5925,7375,5675
3/31/2022 16:00:00,7975,3950,4660,4125,6575,1565,1524,14650,202,5775,0,2082,280,2440,1280,199,3670,1525,790,1115,304,1320,660,2670,172,248,3200,106,355,102,3200,3230,650,1365,760,675,172,4580,2730,320,169,3300,730,5080,1240,2050,404,0,2690,0,3290,28550,0,4419,6700,1520,3660,5950,7350,5650
4/1/2022 16:00:00,7925,3938,4730,4100,6700,1565,1515,14025,200,5675,0,2045,272,2440,1280,198,3600,1520,765,1130,302,1335,645,2610,185,244,3200,102,346,99,3188,3400,645,1360,750,675,168,4580,2800,316,178,3390,735,5080,1245,2070,404,0,2810,0,3330,28825,0,4478,6900,1485,3620,6050,7525,5675
4/4/2022 16:00:00,7900,3913,4700,4213,6825,1546,1524,13800,200,5500,0,1970,282,2440,1280,193,3600,1530,780,1120,302,1310,640,2580,173,248,3200,100,343,100,3175,3400,655,1360,755,680,169,4540,2800,310,203,3250,725,5056,1160,2150,404,0,2810,0,3360,26825,0,4751,6975,1530,3570,6100,7550,5725
4/5/2022 16:00:00,7900,3913,4700,4188,6900,1531,1515,13300,200,5675,0,1961,278,2380,1330,193,3580,1520,775,1135,298,1310,640,2610,183,248,3200,101,341,99,3188,3520,670,1375,740,680,175,4520,2900,314,190,3250,733,5080,1170,2150,404,0,3000,0,3480,26225,0,4858,6950,1575,3680,6100,7575,5650
4/6/2022 16:00:00,7750,3838,4600,4075,7000,1473,1497,12950,199,5500,0,1830,278,2400,1320,193,3500,1520,775,1125,296,1300,625,2620,179,246,3180,101,346,98,3150,3620,670,1365,760,680,176,4430,3050,314,178,3130,775,5485,1110,2100,394,0,3070,0,3490,27625,0,4902,6825,1705,3600,6100,7400,5575
4/7/2022 16:00:00,7750,3850,4630,4150,6900,1487,1470,13550,198,6025,0,1802,280,2350,1345,194,3550,1515,765,1125,296,1300,625,2590,186,244,3180,100,343,99,3125,3620,660,1365,760,680,175,4540,3060,314,184,3160,750,5270,1115,2100,394,0,3050,0,3500,27200,0,4951,7175,1615,3570,6100,7575,5550
4/8/2022 16:00:00,7850,3850,4610,4213,7000,1487,1461,13750,198,6000,0,1737,292,2350,1340,193,3450,1440,770,1130,296,1300,620,2590,180,244,3190,99,343,99,3113,3620,660,1360,770,690,177,4580,3510,310,185,3230,738,5318,1115,2100,394,0,3160,0,3600,27475,0,5390,7575,1695,3540,6125,7450,5500
4/11/2022 16:00:00,7725,3838,4570,4200,6850,1478,1439,13050,193,5700,382,1718,300,2310,1310,182,3380,1420,760,1110,292,1285,615,2580,169,244,3190,98,341,98,3088,3530,655,1355,770,675,178,4590,3800,300,181,3130,728,5247,1060,2110,394,0,3140,0,3550,27475,0,5073,7300,1675,3460,6075,7525,5400
4/12/2022 16:00:00,7800,3850,4610,4213,6950,1468,1448,13300,192,5900,370,1774,280,2310,1320,176,3380,1410,770,1120,292,1280,630,2560,166,246,3170,97,338,97,3075,3530,655,1340,765,685,179,4630,3590,288,179,3230,725,5247,1040,2090,394,0,3140,0,3510,26625,0,5366,7550,1755,3520,6150,7400,5325
4/13/2022 16:00:00,7800,3863,4610,4225,6975,1468,1453,13000,187,5875,374,1755,262,2320,1345,174,3380,1410,760,1160,292,1285,630,2570,184,244,3190,98,329,98,3063,3800,665,1360,765,690,186,4690,3810,300,185,3200,723,5151,1045,2050,414,0,3350,0,3760,28175,0,5390,7425,1700,3440,6200,7325,5225
4/14/2022 16:00:00,7700,3838,4540,4200,6875,1521,1439,13000,185,5975,376,1835,244,2340,1325,184,3380,1435,765,1175,288,1260,630,2560,178,246,3180,97,332,97,3100,3640,640,1360,760,680,183,4680,3820,298,181,3180,700,5080,1060,2050,396,0,3310,0,3770,28300,0,5250,7975,1720,3400,6125,7175,4990
4/18/2022 16:00:00,7700,3813,4550,4213,7000,1575,1430,12825,178,5900,378,1811,256,2320,1300,177,3360,1450,765,1175,288,1240,615,2570,172,242,3160,97,329,96,3075,3770,645,1365,865,715,202,4710,3850,300,177,3250,685,5127,1025,2000,396,0,3290,0,3760,27700,0,5700,8300,1705,3390,6125,7100,5000
4/19/2022 16:00:00,7625,3788,4570,4200,6900,1536,1448,12575,178,5950,358,1769,244,2320,1270,174,3230,1430,780,1170,288,1235,610,2580,167,244,3160,96,329,96,3050,3560,645,1375,860,700,199,4680,3840,322,177,3160,693,5080,1010,2100,396,0,3270,0,3750,27125,0,5425,8675,1690,3350,6200,7175,5150
4/20/2022 16:00:00,7650,3925,4850,4488,6900,1517,1479,12400,184,6350,338,1774,230,2390,1285,172,3200,1440,785,1090,286,1235,605,2600,165,252,3160,98,326,96,3063,3680,665,1390,1010,750,224,4630,3690,322,176,3250,690,5127,1060,2100,396,0,3230,0,3700,27150,0,5700,8475,1740,3470,6225,7325,5025
4/21/2022 16:00:00,7925,4150,4800,4688,7000,1521,1564,12425,179,6300,340,1765,240,2380,1255,172,3130,1445,775,1070,288,1235,615,2620,162,250,3150,97,338,96,3125,3680,650,1390,975,740,226,4620,3690,328,170,3340,698,5103,1030,2120,396,0,3270,0,3720,27275,0,5500,8000,1705,3400,6250,7425,5000
4/22/2022 16:00:00,7875,4138,4750,4675,7050,1497,1577,12400,175,6300,340,1737,224,2370,1255,166,3080,1455,780,1055,286,1220,615,2600,162,246,3150,95,338,95,3100,3710,640,1390,950,715,220,4620,3600,324,168,3150,710,4841,1010,2100,396,0,3210,0,3690,27275,0,5300,7950,1710,3430,6300,7300,5000
4/25/2022 16:00:00,8000,4113,4840,4750,7075,1473,1657,12275,164,6500,328,1737,210,2400,1245,157,3000,1460,785,1050,284,1215,620,2570,154,246,3180,93,332,93,3063,3710,640,1395,935,705,226,4710,3550,310,157,3230,710,4841,990,2000,408,0,3210,0,3700,26800,0,5200,7725,1695,3690,6300,7425,4920
4/26/2022 16:00:00,8125,4175,4940,4800,7200,1492,1630,12400,161,6425,310,1615,208,2420,1315,158,2980,1465,790,1050,282,1195,630,2580,154,242,3200,92,329,93,3075,3470,640,1400,935,695,224,4760,3600,304,153,3220,708,4865,985,2070,408,0,3160,0,3640,26300,0,5075,7200,1685,3890,6300,7575,5025
4/27/2022 16:00:00,8200,4113,4850,4725,7125,1492,1630,11850,167,6350,290,1522,204,2470,1295,163,3400,1460,785,1040,282,1195,630,2590,160,240,3200,94,329,93,3100,3660,640,1435,925,690,220,4770,3670,308,155,3360,700,4760,1020,2110,400,0,3170,0,3700,27100,0,5300,7175,1705,3810,6350,7600,5050
4/28/2022 16:00:00,8125,4475,4870,4613,7575,1541,1639,11650,173,6500,272,1564,210,2450,1285,161,3850,1475,795,1065,282,1230,625,2580,157,244,3200,93,329,95,3100,3680,640,1475,1010,720,236,4620,3640,330,156,3450,693,4770,1055,2000,408,0,3340,0,3820,28400,0,5300,7300,1710,3890,6300,7625,5150
5/9/2022 16:00:00,7600,4163,4530,4413,7050,1482,1528,10850,165,6050,254,1457,197,2380,1260,153,3790,1435,770,1040,278,1260,625,2540,147,238,3380,91,312,92,3000,3500,630,1435,1005,690,228,4310,3450,308,148,3260,683,4960,985,2000,468,0,3160,0,3770,28550,0,4950,7175,1670,4010,6125,7400,4930
5/10/2022 16:00:00,7525,4050,4530,4450,7000,1482,1510,10100,158,6000,238,1359,202,2390,1205,153,3740,1435,760,1030,274,1220,610,2570,141,238,3180,89,310,92,2925,3500,625,1410,945,675,214,4340,3250,290,144,3300,668,4793,930,2020,440,0,3090,0,3660,28675,0,4830,6800,1555,4380,6400,7975,5075
5/11/2022 16:00:00,7650,4000,4490,4388,6900,1478,1493,9400,175,6100,222,1265,200,2400,1200,151,3750,1430,755,1030,276,1225,620,2550,142,236,3180,92,307,93,2950,3400,640,1415,930,685,200,4330,3310,300,147,3300,680,4889,935,2000,410,0,3150,0,3710,28900,0,4860,6775,1615,4880,6450,8300,5075
5/12/2022 16:00:00,7275,3938,4320,4100,6850,1375,1448,8750,163,6100,208,1181,189,2380,1120,141,3730,1415,745,1010,270,1200,590,2550,137,230,3200,89,301,90,2950,3650,630,1390,950,675,196,4300,3200,286,142,3170,683,4865,870,2010,390,0,3150,0,3650,29500,0,4600,6650,1505,4690,6400,8025,4840
5/13/2022 16:00:00,7325,3900,4250,4125,7125,1400,1461,8150,159,5675,194,1163,190,2370,1085,136,3760,1425,755,995,270,1190,595,2560,142,226,3180,89,301,92,2950,3630,635,1395,950,685,200,4260,3140,292,141,3150,685,4793,870,2010,390,0,3210,0,3800,31725,0,4380,6900,1575,4800,6450,8175,5050
5/17/2022 16:00:00,7400,3925,4450,4225,7000,1409,1479,7600,158,5300,200,1191,202,2380,1095,139,3690,1455,755,1010,274,1200,590,2500,140,230,3190,89,310,91,2875,3610,635,1395,985,680,210,4180,3140,292,141,3160,698,4793,915,2000,402,0,3220,0,4100,33300,0,4480,7275,1650,4800,6500,7825,4930
5/18/2022 16:00:00,7575,3950,4450,4375,7100,1409,1488,7075,160,4940,248,1191,200,2370,1150,148,3750,1455,765,1010,274,1205,590,2530,145,230,3190,91,310,92,2988,3470,635,1400,1015,685,214,4250,3170,288,140,3160,703,4722,935,2000,400,0,3190,0,4000,32500,0,4750,7100,1705,5025,6500,8100,4950
5/19/2022 16:00:00,7450,3950,4440,4338,7000,1380,1479,8475,158,5025,280,1265,199,2340,1110,145,3780,1455,760,1015,270,1235,590,2530,142,230,3190,90,307,91,2950,3500,625,1380,1050,690,226,4210,3120,288,139,3070,698,4770,940,2020,400,0,3110,0,3950,31450,0,4980,7625,1700,4880,6450,7975,4970
5/20/2022 16:00:00,7400,4000,4430,4388,7125,1404,1475,8375,159,5050,304,1298,208,2350,1125,146,3760,1460,765,1015,278,1220,590,2510,143,230,3200,91,310,91,2925,3700,635,1385,1010,685,220,4170,3260,286,136,3050,710,4770,960,2020,400,0,3310,0,4050,33050,0,4860,7975,1775,5050,6450,8050,5150
5/23/2022 16:00:00,7375,3938,4330,4425,6950,1380,1470,7800,159,4830,296,1242,196,2360,1145,142,3770,1445,755,1005,276,1205,585,2530,141,228,3300,89,310,91,2913,3470,635,1395,1025,690,224,4110,3140,282,137,2950,725,4817,935,2070,400,0,3150,0,4100,32900,0,4840,7725,1740,4880,6400,7975,4960
5/24/2022 16:00:00,7350,3963,4460,4538,7150,1385,1493,7900,167,4830,302,1279,198,2370,1095,141,3760,1460,760,1010,272,1215,590,2500,142,226,3200,89,312,90,2875,3600,630,1385,1020,695,220,4150,3110,280,142,3010,705,4865,930,2050,400,0,3200,0,4400,33050,0,5275,7850,1695,4810,6275,8150,4990
5/25/2022 16:00:00,7375,3925,4350,4463,7100,1380,1488,7675,164,4770,304,1275,204,2360,1070,138,3750,1445,755,1000,274,1210,595,2500,147,228,3180,89,312,90,2900,3580,630,1390,1040,690,224,4200,3060,274,141,2850,715,4817,910,2000,400,0,3100,0,4390,33200,0,5100,7600,1755,4770,6400,8250,4880
5/27/2022 16:00:00,7575,4050,4540,4600,7225,1424,1493,8775,170,4790,312,1298,204,2440,1130,140,3880,1460,760,1005,274,1220,580,2510,154,230,3200,89,315,91,2900,3550,630,1405,1065,695,244,4300,3120,282,143,2940,678,4770,920,2010,400,0,3160,0,4420,32850,0,5275,7800,1690,4760,6425,8625,4920
5/30/2022 16:00:00,7575,4100,4430,4600,7250,1400,1488,9125,174,4650,314,1256,198,2420,1115,148,3950,1445,760,1025,274,1245,590,2510,154,236,3200,90,315,94,2925,3480,640,1435,1185,730,266,4250,3200,280,143,3060,675,4817,915,2020,400,0,3060,0,4430,32750,0,5175,8025,1690,4650,6450,8550,5100
5/31/2022 16:00:00,7750,4250,4630,4588,7350,1404,1510,9375,173,4400,304,1382,193,2560,1140,149,3980,1460,780,1040,276,1235,595,2520,153,234,3240,91,321,93,2938,3550,640,1435,1205,735,280,4310,3190,278,142,3050,675,4793,945,2030,412,0,3270,0,4530,35000,0,5450,8225,1820,4730,6600,8575,5400
6/2/2022 16:00:00,7575,4100,4480,4425,7325,1414,1488,8950,170,4450,344,1289,181,2580,1130,147,3940,1455,775,1040,278,1225,590,2530,150,240,3210,91,321,94,2975,3750,640,1445,1370,760,292,4290,3140,280,144,3140,668,4760,910,2060,412,0,3330,0,4550,34675,0,5200,7925,1800,4790,6700,8550,5400
6/3/2022 16:00:00,7600,4100,4520,4475,7300,1453,1488,9000,166,4400,354,1209,169,2560,1180,146,3930,1455,770,1040,278,1220,595,2520,144,234,3220,94,341,93,2950,3560,640,1435,1355,750,278,4310,3180,284,144,3100,663,4760,910,2060,418,0,3520,0,4630,34950,0,5200,7675,1815,4720,6675,8575,5275
6/6/2022 16:00:00,7450,4075,4430,4450,7225,1448,1497,8500,158,4100,330,1167,164,2530,1230,144,3910,1450,765,1040,276,1220,595,2500,142,234,3170,92,338,94,2900,3520,640,1470,1460,760,290,4340,3070,284,142,3020,665,4760,915,2030,430,0,3460,0,4310,35150,0,5300,7625,1820,4770,6925,8650,5350
6/7/2022 16:00:00,7375,4150,4400,4450,7200,1424,1484,8200,165,3820,364,1172,153,2620,1230,146,3880,1465,765,1060,276,1220,595,2510,148,262,3200,94,335,93,2888,3510,640,1510,1495,805,302,4250,3450,276,143,3000,665,4750,900,2030,434,0,3650,0,4070,36450,0,5150,7650,1810,4730,6925,8575,5200
6/8/2022 16:00:00,7600,4200,4470,4500,7175,1424,1444,8525,164,3850,378,1270,152,2530,1190,147,3870,1475,755,1050,278,1240,600,2520,144,278,3200,93,329,94,2900,3480,640,1520,1485,820,334,4100,3400,278,143,3030,665,4693,910,2030,430,0,3630,0,4050,35150,0,5125,7700,1850,4890,6975,8575,5150
6/9/2022 16:00:00,7500,4213,4490,4338,7200,1419,1444,8900,161,3940,384,1331,155,2550,1145,152,3890,1460,755,1050,276,1240,605,2520,142,278,3180,93,341,94,2888,3460,640,1560,1530,850,342,4050,3310,276,143,3080,683,4703,900,2010,460,0,3600,0,4070,35000,0,5150,7650,1855,4820,6875,8625,4950
6/10/2022 16:00:00,7350,4088,4400,4150,6925,1409,1386,8700,161,3670,386,1303,151,2500,1120,145,3880,1440,755,1040,276,1250,595,2500,144,300,3180,100,332,94,2888,3400,640,1600,1690,965,392,4020,3150,266,178,3130,710,4598,885,2000,442,0,3430,0,3920,33675,0,4970,7400,1795,4750,6875,8500,5025
6/13/2022 16:00:00,7350,4050,4340,4125,7025,1385,1306,8450,155,3420,388,1214,141,2410,1080,137,3870,1410,750,1025,272,1380,595,2490,140,280,3170,93,329,91,2825,3180,635,1525,1800,950,410,4080,2930,256,166,3080,690,4483,855,2000,440,0,3190,0,3870,32800,0,4700,7200,1770,4690,6825,8600,5025
6/14/2022 16:00:00,7400,4100,4360,4138,6975,1380,1324,9100,155,3200,400,1130,140,2400,1020,133,3820,1440,750,1020,270,1300,600,2510,138,278,3190,91,324,90,2813,3330,630,1500,1770,910,404,4110,2830,244,182,3010,698,4369,830,2000,440,0,3260,0,3880,32875,0,4700,7200,1835,4740,6875,8650,5075
6/15/2022 16:00:00,7325,4150,4450,4138,6700,1380,1324,9100,153,3700,404,1060,136,2350,1020,124,3860,1420,755,1010,268,1260,595,2500,136,268,3190,90,324,91,2763,3220,635,1495,1750,910,390,4060,2770,240,169,2930,678,4369,815,2000,438,0,3040,0,3680,31450,0,4430,6925,1795,4800,6800,8600,5025
6/16/2022 16:00:00,7575,4188,4430,4125,6850,1385,1333,9825,154,3750,392,1022,142,2390,1015,125,3880,1415,755,1025,266,1250,595,2490,138,268,3190,91,321,92,2688,3150,640,1520,1785,895,382,4040,2870,244,170,2960,680,4369,820,2000,438,0,3060,0,3820,32600,0,4400,7100,1830,4800,6800,8675,5150
6/17/2022 16:00:00,7500,4038,4370,4088,6950,1361,1315,9500,153,3910,366,1060,140,2360,1000,123,3880,1390,750,1015,268,1225,580,2490,135,268,3250,90,324,92,2713,3070,640,1485,1800,900,388,4120,2740,246,165,2920,673,4388,795,2000,438,0,2920,0,3730,31800,0,4100,6900,1805,4650,6825,8550,5025
6/20/2022 16:00:00,7625,4125,4400,4063,6925,1351,1302,9600,149,3930,370,994,133,2400,980,125,3880,1375,755,1005,268,1235,580,2490,136,268,3350,90,318,91,2713,3100,635,1490,1785,910,406,4040,2800,238,160,2960,695,4388,780,2000,438,0,2930,0,3730,31300,0,4550,6650,1800,5025,6900,8975,5175
6/21/2022 16:00:00,7650,4125,4380,4225,6850,1356,1319,9450,151,3950,378,1027,132,2400,1025,128,3860,1390,760,1010,272,1245,595,2490,136,284,3300,91,324,92,2713,3010,640,1500,1830,920,402,4110,2790,244,164,2980,693,4388,785,2000,432,0,3030,0,4030,32975,0,4600,7050,1830,5050,6875,9150,5325
6/22/2022 16:00:00,7500,4075,4320,4075,6800,1351,1324,9250,153,3880,380,1013,136,2390,1010,126,3840,1395,760,1000,272,1230,580,2500,135,274,3290,91,324,90,2700,3100,640,1500,1705,860,392,4050,2770,242,158,2910,688,4598,775,2000,432,0,3030,0,4120,32950,0,4490,6750,1960,4890,6975,9225,5450
6/23/2022 16:00:00,7525,4075,4310,4075,6875,1341,1315,9025,153,3880,380,1004,132,2410,1010,127,3810,1385,755,1000,268,1220,575,2490,134,272,3300,93,324,90,2713,3100,630,1490,1590,800,384,4160,2670,234,153,2940,678,4483,765,2000,434,0,2940,0,4090,32200,0,4440,6400,1990,4960,7125,9325,5650
6/24/2022 16:00:00,7475,4150,4340,4075,6675,1341,1319,9000,150,3920,392,1027,129,2400,1045,126,3900,1395,760,1000,270,1230,580,2510,135,280,3300,93,332,91,2688,3000,630,1500,1580,840,404,4150,2700,258,148,2950,678,4483,765,2000,434,0,2970,0,4090,32200,0,4440,6300,1990,4990,7075,9425,5750
6/27/2022 16:00:00,7350,4113,4280,4025,6650,1326,1333,9200,149,4060,394,1027,132,2390,1055,129,3880,1380,755,1010,272,1245,575,2500,136,284,3340,96,332,91,2675,3090,640,1510,1760,900,440,4070,2690,242,161,2950,683,4436,770,2000,436,0,2960,0,3970,31725,0,4150,5900,1985,4980,7200,9500,5900
6/28/2022 16:00:00,7300,4063,4300,4038,6700,1322,1333,9325,148,4000,392,976,131,2390,1070,125,3840,1395,755,1020,270,1250,565,2500,134,282,3290,95,329,91,2638,3080,635,1515,1715,900,446,4030,2700,250,153,2940,680,4388,725,1970,416,0,2950,0,4030,31950,0,4030,5825,1985,5050,7250,9500,5775
6/29/2022 16:00:00,7275,3975,4180,4013,6500,1317,1310,9400,145,3960,390,938,130,2350,1135,123,3820,1375,740,1015,272,1235,570,2510,133,286,3330,95,324,91,2638,3080,640,1500,1690,870,446,4040,2660,246,154,2910,680,4197,700,1990,416,0,2870,0,3990,31525,0,3940,5775,1990,4940,7100,9450,5925
6/30/2022 16:00:00,7250,3963,4150,3925,6625,1307,1293,9150,142,3800,388,920,122,2350,1095,117,3830,1375,740,1010,270,1215,570,2500,132,288,3340,93,324,91,2613,3040,635,1500,1690,860,428,4000,2610,242,154,2820,673,4197,705,1990,416,0,2860,0,3820,30675,0,3990,5650,2040,4770,7050,9550,6000
7/1/2022 16:00:00,7250,3800,4140,3925,6525,1253,1262,8525,135,3600,370,943,114,2350,1055,111,3790,1355,735,1000,266,1200,570,2470,126,272,3340,92,315,90,2563,2940,635,1465,1595,810,400,4020,2430,232,150,2660,673,4006,660,1990,416,0,2720,0,3720,30025,0,3960,5350,2010,4830,7025,9350,5925
7/4/2022 16:00:00,7050,3700,4040,3825,6500,1175,1244,7950,128,3620,346,882,107,2320,1055,106,3780,1340,730,990,258,1170,560,2440,121,268,3340,87,312,90,2450,2930,630,1455,1590,790,392,3990,2290,216,149,2680,673,3730,615,1975,416,0,2770,0,3680,30050,0,3880,5450,1920,4700,6825,9225,5775
7/5/2022 16:00:00,7250,3825,4090,3875,6325,1175,1244,7525,126,3630,334,924,107,2350,1045,108,3810,1345,735,995,262,1180,575,2500,124,272,3350,90,318,91,2450,2930,630,1480,1645,815,400,3990,2340,220,153,2630,675,3529,625,1975,400,0,2880,0,3950,33000,0,4050,5450,1980,4760,6925,9175,5575
7/6/2022 16:00:00,7300,3763,4080,3825,6075,1180,1244,7800,131,3620,324,924,105,2360,1015,109,3830,1340,725,990,260,1155,570,2470,121,266,3350,89,312,89,2455,3000,630,1480,1625,800,394,4020,2330,220,145,2590,670,3291,620,1975,408,0,2770,0,3860,32000,0,3810,5225,2030,4780,7000,9450,5725
7/7/2022 16:00:00,7100,3713,4050,3800,5950,1205,1239,8525,129,3600,338,962,107,2350,1015,111,3780,1340,720,990,260,1165,585,2470,126,268,3350,90,310,90,2440,3000,635,1495,1685,830,398,4040,2330,214,145,2710,658,3835,630,1975,412,0,2770,0,3850,31850,0,3820,5050,1900,5000,6900,9475,5650
7/8/2022 16:00:00,7150,3738,4200,3800,5975,1224,1239,9150,131,3670,350,1097,104,2350,1015,111,3800,1340,720,1000,262,1155,575,2460,129,284,3350,89,307,90,2400,3070,630,1515,1945,865,430,4010,2360,218,149,2710,658,3720,630,1980,412,0,2830,0,3930,32300,0,3890,5300,1900,4890,7025,9425,5750
7/11/2022 16:00:00,7125,3738,4120,3750,6050,1224,1235,9200,159,3670,338,1153,139,2350,990,118,3820,1330,725,995,262,1180,580,2460,134,284,3350,93,304,90,2420,3010,630,1535,1870,870,414,4040,2350,222,149,2710,643,3806,630,1975,412,0,2830,0,3870,31375,0,3810,5150,1920,4800,7025,9450,5700
7/12/2022 16:00:00,7175,3713,4110,3725,6100,1482,1270,8725,162,3570,330,1148,130,2390,1000,122,3810,1345,730,995,264,1170,580,2470,136,276,3350,93,307,90,2465,3250,630,1500,1875,880,424,4010,2360,228,151,2750,653,3816,785,1980,424,0,2920,0,3980,33300,0,3750,5150,1930,4880,7050,9325,5600
7/13/2022 16:00:00,7000,3638,4060,3613,5825,1380,1253,9200,151,3430,324,1092,121,2390,1100,118,3780,1345,730,990,264,1170,580,2440,131,282,3330,92,307,89,2465,3130,630,1570,1890,870,420,3940,2250,226,151,2630,658,3835,735,2120,410,0,2930,0,4030,33800,0,3610,5025,1935,4900,6825,9300,5650
7/14/2022 16:00:00,7025,3638,4070,3638,6100,1385,1235,8675,141,3450,332,1106,121,2440,1075,116,3770,1335,725,995,260,1165,585,2470,128,278,3380,90,310,89,2400,3040,625,1560,1825,840,410,4020,2260,222,152,2530,660,3835,700,2130,410,0,2930,0,4060,34025,0,3570,5075,1945,4900,6925,9250,5875
7/15/2022 16:00:00,7000,3588,4110,3638,5950,1419,1239,9075,138,3410,320,1209,113,2540,1145,120,3750,1325,720,995,260,1160,585,2380,127,282,3400,91,310,90,2435,3160,625,1600,1855,825,396,4150,2140,250,148,2800,665,3653,740,2270,410,0,2760,0,3940,33000,0,3350,4770,1860,4830,6900,9350,5600
7/18/2022 16:00:00,7150,3675,4140,3663,6025,1478,1248,9550,140,3430,298,1261,112,2470,1145,124,3720,1320,720,995,260,1155,580,2460,128,278,3400,90,310,90,2485,3130,625,1600,1825,820,400,4190,2180,234,148,2610,658,3673,720,2330,410,0,2790,0,3890,33025,0,3510,4880,1850,4980,7050,9500,5750
7/19/2022 16:00:00,7175,3713,4110,3650,6075,1478,1275,9700,140,3460,302,1279,114,2460,1145,124,3700,1310,715,1000,262,1165,580,2460,130,280,3390,90,318,90,2613,3100,630,1605,1820,840,396,4160,2320,234,150,2700,658,3797,710,2300,410,0,2950,0,3980,33750,0,3770,5150,1860,4970,7150,9450,5800
7/20/2022 16:00:00,7400,3950,4300,3838,6275,1492,1302,9975,151,3480,308,1270,117,2520,1170,127,3700,1315,720,1005,264,1180,580,2460,134,282,3420,91,324,91,2625,3250,635,1620,1830,840,398,4210,2420,246,152,2790,655,3797,730,2230,412,0,3020,0,4030,34050,0,3830,5150,1850,4970,7100,9450,5900
7/21/2022 16:00:00,7400,3950,4310,3863,6175,1512,1306,9650,151,3520,300,1237,117,2510,1180,128,3640,1325,720,1000,262,1190,580,2470,133,292,4030,91,324,90,2700,3200,630,1630,1895,870,412,4260,2420,262,153,2670,658,3816,745,2190,412,0,3020,0,4020,34150,0,3780,5200,1835,5000,7175,9500,6000
7/22/2022 16:00:00,7325,3925,4270,3850,6075,1512,1302,9675,154,3530,308,1237,124,2520,1175,130,3700,1335,715,1005,262,1190,580,2460,135,290,3980,91,326,92,2713,3210,630,1520,1870,850,410,4230,2450,270,152,2740,658,3816,725,2070,412,0,3030,0,4050,35075,0,4030,5700,1875,5000,7050,9400,5925
7/25/2022 16:00:00,7300,3888,4250,3800,6075,1551,1297,9800,152,3490,300,1181,123,2470,1115,128,3780,1335,715,1000,264,1180,580,2460,133,288,3790,89,329,91,2725,3050,625,1470,1780,830,404,4240,2400,270,152,2770,658,3816,725,1990,400,0,3100,0,4060,35050,0,3920,5575,1885,4930,7025,9450,5975
7/26/2022 16:00:00,7300,4000,4330,3838,6100,1595,1293,10400,154,3450,292,1167,117,2470,1160,127,3890,1315,715,1000,262,1180,580,2490,133,288,3880,89,329,91,2700,3110,625,1450,1730,830,400,4250,2550,270,152,2760,658,3673,735,1990,400,0,3160,0,4090,35600,0,3920,5700,1890,4930,7000,9375,5850
7/27/2022 16:00:00,7325,4050,4320,3888,6100,1580,1297,9900,154,3350,294,1153,121,2470,1130,126,3970,1345,715,1020,262,1180,590,2470,131,286,3840,89,329,90,2588,2990,620,1480,1790,820,396,4300,2530,286,151,2800,653,3673,815,1990,400,0,3280,0,4270,38900,0,3930,5650,1910,4720,7000,9275,5900
7/28/2022 16:00:00,7350,4025,4360,3913,6050,1634,1302,10875,156,3550,306,1270,129,2490,1175,128,3950,1340,715,1035,264,1200,585,2490,133,292,3940,91,326,91,2638,3180,640,1480,1750,840,388,4240,2570,292,151,2800,665,3577,820,1990,412,0,3280,0,4270,39175,0,4140,6175,1885,4510,6900,8975,5750
7/29/2022 16:00:00,7350,4138,4360,3925,6325,1595,1306,10575,154,3530,296,1233,127,2510,1180,127,3930,1340,710,1045,274,1195,585,2510,133,304,3680,92,335,91,2688,3170,640,1525,1790,835,392,4230,2550,284,151,2810,683,3577,845,1985,402,0,3250,0,4300,39600,0,4060,6100,1875,4510,6800,8825,5600
8/1/2022 16:00:00,7500,3988,4360,3975,6475,1595,1319,10700,154,3670,286,1265,120,2520,1175,126,3900,1360,715,1040,270,1190,585,2490,134,316,3530,91,326,91,2675,3080,650,1555,1860,880,410,4300,2530,286,150,2840,705,3577,835,1985,418,0,3350,0,4280,40750,0,4130,6350,1880,4550,6900,8900,5875
8/2/2022 16:00:00,7600,4088,4400,4038,6475,1526,1315,10625,156,3590,286,1247,119,2550,1150,135,3880,1350,710,1040,268,1190,590,2510,146,314,3670,92,326,92,2588,3080,700,1545,1850,875,408,4450,2450,278,151,2700,693,3768,815,1985,418,0,3180,0,4190,39750,0,4110,6050,1920,4600,6700,8975,5900
8/3/2022 16:00:00,7625,4125,4380,4063,6600,1531,1324,11000,158,3620,296,1368,115,2580,1230,131,3900,1360,715,1050,264,1185,590,2530,141,318,3660,90,324,91,2525,3130,695,1560,1970,960,434,4500,2430,278,152,2860,708,3577,815,1985,418,0,3310,0,4230,40250,0,4100,6100,1950,4590,6575,8800,5900
8/4/2022 16:00:00,7800,4125,4360,4000,6600,1551,1315,11000,159,3620,296,1349,114,2540,1265,132,3890,1360,715,1055,268,1190,580,2530,139,320,3690,90,329,91,2538,3210,695,1570,1900,1030,406,4550,2460,290,150,2920,705,3720,850,1985,418,0,3190,0,4110,39400,0,3970,6100,1875,4600,6650,8925,5825
8/5/2022 16:00:00,7875,4125,4360,4125,6625,1551,1337,10975,159,3850,296,1368,112,2560,1240,133,3880,1375,715,1085,268,1200,580,2510,141,324,3730,90,326,91,2525,3160,720,1570,1790,1080,398,4650,2480,290,149,2930,698,3816,855,1985,422,0,3130,0,4120,39750,0,4070,6100,1850,4720,6625,8800,5750
8/8/2022 16:00:00,7875,4175,4370,4125,6700,1526,1368,10800,150,3810,282,1410,110,2540,1285,131,3830,1390,720,1105,270,1180,590,2500,139,324,3660,92,326,92,2563,3140,705,1570,1770,1040,396,4700,2430,296,150,2850,703,3806,850,1985,412,0,3080,0,4040,39600,0,4240,6325,1850,4790,6625,8800,5850
8/9/2022 16:00:00,7900,4238,4410,4225,6750,1507,1377,10825,149,3770,280,1377,111,2540,1270,131,3760,1385,725,1095,268,1185,585,2490,139,324,3680,91,329,92,2563,3150,695,1545,1760,1070,392,4640,2430,298,147,2840,728,3720,860,1980,422,0,3130,0,4070,40225,0,4190,6750,1825,4720,6550,8725,5725
8/10/2022 16:00:00,7900,4300,4310,4238,6850,1502,1359,10975,148,3740,280,1335,109,2540,1225,127,3800,1375,715,1090,268,1190,585,2500,137,320,3660,91,326,92,2563,3170,700,1560,1740,1230,392,4560,2440,294,148,2850,730,3720,845,1975,422,0,3140,0,4170,40300,0,4190,6575,1840,4780,6625,8725,5800
8/11/2022 16:00:00,7950,4263,4350,4263,6950,1531,1399,10775,152,3810,296,1415,110,2610,1250,127,3820,1385,720,1110,270,1195,595,2500,139,318,3670,91,329,93,2550,3120,715,1550,1755,1160,392,4570,2600,296,147,3020,743,4121,840,2000,402,0,3150,0,4150,37600,0,4470,6925,1840,4750,6600,8875,5650
8/12/2022 16:00:00,7925,4238,4320,4263,6950,1526,1444,10200,152,3770,292,1433,112,2590,1250,128,3820,1415,720,1110,270,1195,600,2500,142,316,3700,90,343,93,2550,3120,710,1550,1715,1175,376,4550,2720,294,148,3030,760,4102,830,2000,426,0,3190,0,4150,37750,0,4380,7000,1850,4770,6625,8675,5675
8/15/2022 16:00:00,7950,4225,4300,4275,6875,1507,1408,9975,150,3630,294,1354,109,2600,1215,128,3800,1410,725,1125,272,1180,600,2490,141,312,3670,90,341,94,2513,3170,710,1565,1595,1095,350,4450,2780,300,148,3030,768,3816,815,2020,430,0,3160,0,4130,37300,0,4300,6650,1830,4760,6625,8875,5575
8/16/2022 16:00:00,7975,4263,4280,4288,6975,1487,1390,9725,150,3530,324,1261,107,2610,1190,125,3790,1405,725,1125,270,1180,605,2470,141,310,3670,89,335,93,2538,3170,700,1550,1560,1070,348,4410,2660,292,145,3020,775,3558,760,1980,436,0,3150,0,4080,36700,0,4230,6525,1950,4770,6550,8750,5700
8/18/2022 16:00:00,8000,4300,4330,4325,6975,1502,1373,9475,150,3520,334,1261,109,2590,1215,125,3820,1405,725,1125,270,1180,605,2490,140,308,3680,89,341,95,2550,3100,695,1560,1585,1080,352,4550,2690,288,143,2990,765,3711,750,1980,406,0,3250,0,4130,36800,0,4240,6375,1990,4790,6575,8775,5925
8/19/2022 16:00:00,7900,4250,4300,4250,6975,1565,1346,9550,152,3550,334,1242,109,2550,1180,126,3810,1400,725,1115,270,1195,605,2480,137,308,3700,89,338,93,2563,3180,705,1570,1565,1065,344,4600,2670,288,142,3010,783,3625,770,1985,410,0,3250,0,4210,37500,0,4310,6500,2090,4730,6575,8700,5900
8/22/2022 16:00:00,8000,4263,4270,4150,6925,1531,1333,9075,149,3480,320,1177,105,2560,1155,120,3840,1385,720,1110,270,1190,605,2480,135,312,3570,89,321,94,2550,3180,690,1575,1915,1125,390,4650,2510,274,140,2960,785,3463,740,1990,410,0,3150,0,4100,36950,0,4140,6200,2090,4750,6650,8725,5950
8/23/2022 16:00:00,7900,4313,4300,4150,6975,1512,1350,9000,148,3520,326,1120,106,2640,1265,121,3810,1385,720,1115,268,1195,615,2490,142,310,3600,89,324,93,2550,3290,675,1580,2050,1125,392,4660,2530,280,140,2980,788,3453,745,1970,400,0,3350,0,4250,38250,0,4150,6250,2100,4810,6650,8800,5875
8/24/2022 16:00:00,7950,4313,4290,4150,7050,1492,1341,8800,148,3540,328,1134,111,2640,1240,123,3780,1390,725,1150,268,1205,620,2490,146,308,3590,90,321,94,2613,3270,700,1575,2150,1125,396,4750,2510,294,157,3000,828,3472,735,2000,410,0,3410,0,4330,38575,0,4190,6150,2010,4850,6650,8775,5875
8/25/2022 16:00:00,8075,4288,4270,4138,6975,1487,1350,8700,148,3500,326,1163,112,2610,1190,122,3810,1385,720,1140,268,1205,620,2500,147,308,3730,91,324,95,2613,3350,715,1610,2250,1125,416,4570,2630,324,155,2970,905,3577,730,1960,410,0,3410,0,4360,38500,0,4130,6150,2000,4840,6575,8775,5875
8/26/2022 16:00:00,8000,4250,4270,4150,6875,1492,1350,8775,148,3450,318,1148,111,2660,1225,121,3750,1390,720,1140,268,1210,605,2470,140,306,3730,90,321,94,2613,3350,715,1615,2160,1080,400,4490,2630,342,154,2990,925,3568,715,1985,412,0,3410,0,4360,38500,0,4160,6125,2020,4610,6500,8725,5875
8/29/2022 16:00:00,8150,4275,4250,4100,6825,1497,1341,8225,146,3310,320,1106,108,2640,1200,118,3780,1380,720,1140,268,1235,605,2480,135,304,3720,90,321,94,2575,3350,715,1630,2150,1075,396,4520,2560,344,153,2930,955,3434,710,2010,422,0,3460,0,4360,39550,0,4120,6025,2020,4580,6625,8850,5950
8/30/2022 16:00:00,8175,4325,4260,4213,6900,1482,1341,8175,147,3400,324,1139,111,2630,1205,120,3820,1385,720,1135,270,1250,590,2480,137,304,3700,90,321,94,2613,3350,715,1650,2000,1075,380,4480,2660,332,153,2910,983,3425,720,2010,422,0,3540,0,4340,39425,0,4290,6125,2030,4580,6500,8725,5875
8/31/2022 16:00:00,8200,4425,4340,4263,6975,1482,1337,8425,148,3360,302,1144,115,2640,1250,118,3850,1390,720,1135,270,1245,595,2480,136,306,3750,90,321,95,2850,3140,705,1705,1995,1090,382,4560,2640,338,155,2960,1175,3434,705,1930,422,0,3540,0,4250,39300,0,4280,6100,2180,4590,6225,8300,5875
9/1/2022 16:00:00,8150,4463,4390,4263,6925,1482,1373,8250,146,3350,290,1111,114,2640,1210,118,3830,1385,725,1125,268,1210,590,2480,135,302,3750,89,324,95,2725,3310,740,1730,1990,1120,388,4580,2660,338,155,3050,1300,3529,700,1950,430,0,3700,0,4240,40200,0,4120,5975,2080,4540,6275,8700,5875
9/2/2022 16:00:00,8225,4425,4450,4350,6925,1473,1373,8300,145,3300,284,1102,135,2640,1180,118,3830,1385,725,1125,268,1230,590,2480,138,300,3750,89,324,96,2763,3310,750,1715,1980,1160,394,4600,2610,332,162,3030,1300,3444,700,1950,428,0,3780,0,4260,40475,0,3990,5775,2060,4550,6400,8725,5925
9/5/2022 16:00:00,8275,4475,4590,4425,6875,1468,1395,8175,146,3250,282,1120,150,2680,1165,118,3830,1380,720,1130,270,1220,600,2480,138,296,3780,90,324,96,2750,3160,755,1675,1940,1150,390,4620,2710,328,163,2960,1295,3444,700,1995,406,0,4030,0,4450,42550,0,4090,5950,2100,4530,6375,8700,5875
9/6/2022 16:00:00,8275,4413,4560,4375,6900,1473,1381,8175,142,3210,282,1116,140,2790,1155,117,3820,1385,720,1150,270,1245,600,2480,135,294,3770,89,332,96,2738,3200,765,1675,1965,1145,396,4510,2840,350,159,2910,1350,3377,695,1950,466,0,4040,0,4470,44175,0,4170,6175,2080,4510,6350,8650,5850
9/7/2022 16:00:00,8375,4438,4460,4288,6650,1463,1368,7825,139,3200,282,1074,145,2770,1115,117,3830,1380,720,1130,268,1220,600,2480,135,294,3800,89,326,96,2725,3250,750,1715,1980,1100,396,4490,2840,350,157,2880,1275,3549,670,1970,575,0,4020,0,4430,44025,0,4020,6125,2100,4590,6300,8550,5900
9/8/2022 16:00:00,8350,4475,4600,4388,6650,1468,1404,7900,140,3140,286,1092,142,2780,1130,120,3820,1395,725,1130,268,1220,600,2480,137,292,3760,89,326,97,2700,3250,760,1695,2020,1125,398,4560,2820,344,157,2960,1300,3510,685,1970,535,0,3940,0,4330,42650,0,3950,6200,2090,4520,6250,8525,5825
9/9/2022 16:00:00,8375,4538,4610,4400,6775,1448,1395,7825,140,3030,282,1018,152,2760,1135,119,3810,1395,725,1140,266,1215,600,2470,137,292,3740,89,321,96,2700,3940,760,1650,2010,1115,402,4600,2790,350,153,2900,1380,3568,680,1970,520,0,3950,0,4310,43325,0,3940,6175,2110,4500,6225,8450,5875
9/12/2022 16:00:00,8375,4588,4560,4400,6975,1443,1364,7675,138,3030,278,1004,146,2700,1160,118,3800,1390,720,1135,268,1230,595,2480,138,304,3740,88,326,95,2625,3680,790,1670,2010,1115,394,4540,2850,342,151,2880,1430,3568,660,1970,515,0,3970,0,4340,43850,0,4180,6450,2140,4550,6225,8600,5825
9/13/2022 16:00:00,8525,4725,4580,4488,7200,1434,1368,8050,140,3100,276,1064,146,2710,1160,119,3790,1395,720,1130,268,1235,590,2470,139,300,3730,88,326,93,2763,3770,795,1685,2040,1195,398,4520,2980,352,152,2920,1430,3529,675,2000,570,0,4010,0,4370,43550,0,4360,6725,2220,4670,6200,8525,5725
9/14/2022 16:00:00,8500,4650,4580,4450,7150,1429,1364,7675,139,3100,272,1046,138,2700,1130,119,3890,1390,720,1130,268,1225,590,2470,137,302,3700,88,329,93,2725,3810,790,1710,2180,1310,416,4480,2940,344,151,2950,1675,3529,695,1980,545,0,4010,0,4360,43550,0,4340,6750,2250,4630,6225,8525,5600
9/15/2022 16:00:00,8750,4675,4610,4588,7050,1492,1426,7600,140,3030,266,1018,129,2750,1125,117,3880,1410,725,1130,270,1215,595,2460,138,304,3720,89,335,91,2713,4510,790,1780,2180,1400,456,4500,2900,342,152,2960,1620,3806,680,1990,510,0,4060,0,4410,44000,0,4340,6650,2330,4600,6175,8600,5550
9/16/2022 16:00:00,8450,4550,4500,4475,6900,1497,1399,7250,136,2860,248,999,122,2690,1125,109,3860,1405,720,1120,266,1215,600,2470,136,302,3680,88,329,88,2700,4880,795,1740,2200,1400,480,4410,2820,338,151,2950,1620,3673,655,1950,498,0,3930,0,4320,43425,0,4220,6525,2230,4630,6300,8650,5500
9/19/2022 16:00:00,8650,4613,4570,4488,7125,1487,1399,7475,131,2660,242,976,120,2700,1130,102,3770,1410,720,1125,266,1215,585,2490,135,308,3650,88,329,87,2713,4540,790,1920,2140,1385,470,4500,2840,338,150,2900,1545,4083,630,1950,480,0,3910,0,4220,42275,0,4170,6525,2250,4600,6200,8700,5575
9/20/2022 16:00:00,8550,4600,4490,4488,7175,1492,1399,7375,125,2480,266,980,119,2700,1155,103,3740,1405,720,1120,266,1205,585,2480,134,310,3690,88,324,87,2688,4520,785,1805,2100,1370,470,4480,2810,338,151,2900,1440,4283,625,1950,488,0,3890,0,4200,42100,0,4170,6475,2240,4730,6200,8875,5550
9/21/2022 16:00:00,8475,4638,4550,4488,7150,1478,1386,7550,121,2370,264,962,115,2690,1135,101,3690,1400,715,1105,268,1215,600,2460,133,306,3700,87,321,88,2688,4300,785,1850,2130,1410,505,4430,2800,324,151,2820,1410,4483,620,2040,525,0,3910,0,4210,42525,0,4140,6625,2300,4810,6250,8700,5625
9/22/2022 16:00:00,8475,4600,4560,4500,7175,1492,1390,7425,122,2370,264,966,121,2680,1145,101,3780,1390,720,1120,266,1200,620,2470,130,306,3720,86,321,86,2713,4140,780,1795,2160,1360,484,4430,2980,324,150,2830,1420,4235,630,1960,505,0,4100,0,4340,43775,0,4240,6650,2310,4810,6250,8825,5675
9/23/2022 16:00:00,8375,4600,4480,4500,7150,1536,1386,7225,124,2460,264,966,118,2670,1165,101,3790,1385,720,1115,264,1185,625,2480,131,322,3630,88,332,87,2688,3900,780,1860,2270,1495,505,4380,2940,322,152,2810,1395,4264,640,2000,494,0,4050,0,4300,43250,0,4210,6625,2390,4810,6200,9000,5700
9/26/2022 16:00:00,8425,4625,4540,4500,6975,1521,1377,7175,119,2320,256,920,112,2640,1145,100,3660,1375,710,1115,264,1185,650,2460,127,314,3660,87,324,87,2875,4550,745,1755,2350,1395,500,4460,2820,300,152,2730,1300,4169,620,1955,496,0,3860,0,4150,41300,0,4100,6500,2360,4790,6200,9075,5650
9/27/2022 16:00:00,8300,4675,4530,4500,6950,1512,1346,7000,118,2290,252,952,117,2630,1145,99,3780,1370,715,1100,262,1180,625,2470,127,316,3720,87,324,86,2875,4500,745,1770,2330,1400,515,4440,2830,308,151,2750,1300,4169,620,1955,498,0,3910,0,4170,41750,0,4080,6575,2360,4800,6150,8850,5725
9/28/2022 16:00:00,8325,4650,4520,4500,6800,1497,1337,7000,118,2260,258,920,113,2640,1125,96,3820,1365,715,1090,264,1175,635,2470,126,310,3720,87,321,86,2788,4400,735,1765,2360,1405,530,4470,2770,300,148,2750,1270,4102,610,1955,472,0,3870,0,4150,41250,0,3850,6250,2380,4810,6100,8800,5625
9/29/2022 16:00:00,8375,4625,4480,4488,6775,1468,1302,6700,116,2260,250,882,108,2550,1075,95,3830,1355,710,1070,260,1170,625,2460,124,296,3720,86,321,86,2875,4340,725,1680,2200,1310,494,4440,2590,280,169,2690,1185,4092,580,1955,484,0,3950,0,4140,41500,0,3880,6250,2400,4850,6025,8850,5675
9/30/2022 16:00:00,8550,4713,4490,4488,6625,1434,1319,6600,115,2110,246,826,109,2540,1150,91,3870,1355,710,1070,256,1170,635,2460,124,296,3710,84,315,86,2875,4350,725,1695,2130,1315,490,4460,2650,288,169,2730,1285,3902,550,1950,482,0,3960,0,4170,41425,0,3940,6400,2390,4830,6025,8650,5650
10/3/2022 16:00:00,8500,4638,4530,4450,6625,1463,1315,6500,115,2000,238,854,110,2590,1105,90,3830,1355,710,1065,256,1165,630,2470,123,298,3710,85,315,87,2800,4390,725,1755,2160,1315,488,4460,2640,282,168,2680,1295,3854,555,1950,575,0,3960,0,4160,42150,0,3890,6175,2380,4850,6025,8725,5625
10/4/2022 16:00:00,8550,4613,4640,4425,6725,1453,1333,6675,115,2040,238,887,110,2620,1115,95,3820,1360,705,1075,256,1165,630,2470,128,304,3710,85,318,88,2800,4380,725,1790,2170,1335,510,4440,2730,300,226,2760,1300,3844,560,1955,535,0,4120,0,4240,44150,0,3960,6550,2400,4870,6050,8525,5525
10/5/2022 16:00:00,8450,4638,4540,4425,6675,1453,1310,6825,118,2110,242,892,112,2590,1110,95,3820,1355,710,1085,256,1160,630,2470,125,304,3700,85,321,87,2813,4490,725,1820,2170,1325,510,4460,2760,286,211,2830,1305,3987,575,1955,550,0,4080,0,4210,43600,0,3950,6725,2390,4830,6025,8650,5525
10/6/2022 16:00:00,8425,4663,4510,4450,6600,1453,1288,6950,117,2110,246,882,111,2590,1115,100,3820,1350,710,1085,256,1160,625,2470,126,312,3700,86,318,87,2813,4500,730,1840,2270,1400,575,4430,2800,288,201,2850,1440,4121,600,1955,550,0,4100,0,4230,43300,0,3890,6725,2390,4900,6100,8825,5325
10/7/2022 16:00:00,8200,4713,4440,4388,6475,1424,1328,6775,118,2060,244,878,112,2700,1105,98,3830,1360,705,1085,258,1160,625,2460,123,312,3700,85,321,90,2750,4230,720,1865,2330,1375,585,4350,2820,282,196,2800,1345,4178,600,1955,535,0,4140,0,4290,43800,0,3890,6800,2330,4840,6075,8900,5300
10/10/2022 16:00:00,8300,4650,4370,4375,6500,1409,1328,6500,116,1995,242,831,108,2930,1065,100,3820,1360,705,1090,256,1150,630,2470,125,308,3700,84,321,88,2700,3950,735,1855,2320,1395,615,4420,2720,264,241,2800,1320,4293,600,1950,545,0,3920,0,4150,41900,0,3750,6675,2390,4800,6125,8950,5425
10/11/2022 16:00:00,8250,4650,4430,4350,6525,1380,1319,6075,149,1950,228,822,108,2970,1065,101,3810,1355,700,1085,254,1150,610,2470,126,314,3700,86,321,89,2713,3950,725,1810,2300,1400,620,4310,2630,248,226,2770,1295,4388,580,1950,550,0,3930,0,4220,41700,0,3760,6550,2340,4730,6125,9000,5525
10/12/2022 16:00:00,8325,4713,4400,4325,6350,1341,1302,5800,159,1900,218,798,109,2920,1070,102,3800,1345,700,1075,250,1140,620,2450,130,308,3670,85,321,89,2675,3950,720,1800,2300,1400,590,4340,2540,252,254,2730,1300,4398,545,1950,515,0,4000,0,4260,42075,0,3730,6575,2390,4790,6075,8950,5475
10/13/2022 16:00:00,8275,4738,4350,4375,6350,1312,1306,5400,150,1800,212,747,109,3010,1005,98,3830,1350,700,1060,250,1120,630,2440,130,314,3680,83,315,88,2725,4550,715,1805,2350,1475,620,4300,2620,242,247,2700,1315,4388,515,1955,530,0,4020,0,4250,42500,0,3750,6525,2490,4840,6050,8850,5475
10/14/2022 16:00:00,8250,4700,4270,4213,6350,1278,1306,5025,155,1675,202,700,107,3000,995,96,3800,1350,695,1065,246,1145,605,2460,128,314,3720,83,315,87,2888,4240,710,1845,2400,1615,635,4290,2440,258,271,2730,1300,4436,488,1955,535,0,3950,0,4230,42125,0,3660,6700,2510,4810,6050,8700,5300
10/17/2022 16:00:00,8250,4725,4300,4288,6425,1263,1315,4680,150,1560,208,682,101,2920,975,93,3800,1350,695,1060,238,1130,610,2420,124,308,3710,82,312,86,2750,4220,705,1800,2380,1615,635,4330,2360,256,252,2680,1250,4388,472,1955,555,0,3960,0,4250,42450,0,3600,6575,2500,4830,6125,8825,5350
10/18/2022 16:00:00,8300,4750,4290,4338,6350,1283,1310,4900,140,1950,206,770,102,2960,990,98,3790,1355,700,1055,238,1135,620,2460,130,308,3710,86,312,86,2750,4600,710,1805,2370,1600,635,4250,2350,258,243,2710,1270,4436,510,2030,575,0,3860,0,3960,41900,0,3620,6650,2700,4900,6175,8950,5450
10/19/2022 16:00:00,8275,4738,4300,4388,6525,1268,1297,5525,136,2240,204,747,102,3190,995,97,3790,1345,695,1050,238,1130,620,2460,131,312,3700,85,310,86,2700,4550,720,1820,2600,1710,710,4200,2370,260,230,2660,1275,4445,535,1975,575,0,3840,0,3730,41900,0,3680,6900,2590,5350,6225,9125,5500
10/20/2022 16:00:00,8500,4950,4390,4500,6425,1268,1364,5400,139,2270,206,733,104,3100,1005,97,3790,1360,695,1065,244,1130,625,2470,128,378,3700,84,310,87,2725,4500,725,1875,2630,1695,710,4350,2400,284,215,2790,1300,4455,520,1950,565,0,4000,0,3830,43450,0,3830,6875,2630,5400,6350,9500,5400
10/21/2022 16:00:00,8650,5175,4430,4500,6575,1312,1333,5425,135,2270,200,733,108,3440,1070,99,3800,1360,690,1100,248,1145,620,2510,130,396,3700,83,315,88,2750,4500,750,1865,2730,1915,745,4360,2420,270,218,2780,1285,4455,550,1980,570,0,3960,0,3830,43675,0,3740,6575,2630,5300,6275,9425,5550
10/24/2022 16:00:00,8900,5125,4500,4675,6650,1361,1364,5500,138,2540,190,915,107,3790,1025,104,3800,1375,695,1145,256,1160,630,2550,133,448,3710,85,321,89,2750,4300,760,1910,2710,2070,725,4410,2410,272,203,2720,1250,4455,635,2020,590,0,3920,0,3780,44150,0,3750,6600,2630,5325,6300,9425,5500
10/25/2022 16:00:00,8700,5113,4590,4713,6700,1361,1355,5500,152,2430,193,906,108,3780,1000,104,3810,1375,690,1140,256,1150,625,2540,147,442,3720,93,338,89,2688,4250,760,1915,2780,2150,715,4390,2410,282,211,2790,1180,4436,655,2020,590,0,3880,0,3750,43750,0,3750,6675,2700,5275,6200,9525,5550
10/26/2022 16:00:00,8550,5100,4530,4613,6575,1341,1364,5125,148,2280,197,868,110,3720,1005,101,3810,1375,695,1145,254,1150,620,2550,140,416,3740,88,357,90,2700,4250,760,1990,2630,2130,680,4370,2520,280,200,2780,1135,4417,620,2020,575,0,3930,0,3810,45350,0,3810,6700,2660,5400,6325,9800,5675
10/27/2022 16:00:00,8700,5100,4600,4675,6650,1346,1377,5000,145,2300,198,882,109,3700,1090,102,3810,1375,695,1140,256,1150,620,2570,138,434,3740,86,369,89,2738,4250,765,2050,2610,2110,710,4370,2520,290,203,2980,1105,4388,635,2010,590,0,3980,0,3790,44800,0,3850,6750,2720,5350,6300,9825,5725
10/28/2022 16:00:00,8750,5100,4630,4663,6550,1361,1368,4820,146,2350,189,822,106,3450,1100,99,3800,1370,695,1140,254,1160,625,2560,131,412,3730,84,383,89,2713,4200,760,2030,2430,1965,665,4450,2450,290,190,2910,1195,4388,620,2010,585,0,3910,0,3790,44525,0,3850,6500,2760,4980,6375,9800,5650
10/31/2022 16:00:00,8800,5275,4650,4700,6650,1365,1373,5100,142,2300,186,831,104,3400,1105,101,3920,1375,705,1140,254,1165,630,2560,135,402,3730,84,386,90,2713,4250,750,2090,2400,1875,635,4390,2460,300,198,2950,1190,4378,595,2010,600,0,3980,0,3910,45050,0,3770,6500,2820,4640,6450,9725,5575
11/1/2022 16:00:00,8800,5200,4660,4700,6575,1370,1373,4850,136,2140,184,775,102,3270,1070,100,3880,1390,700,1140,250,1210,630,2590,132,376,3720,83,400,91,2725,4250,745,2080,2240,1745,595,4420,2420,282,200,3110,1125,4226,555,2010,580,0,3750,0,3750,42300,0,3740,6525,2760,4530,6450,9500,5850
11/2/2022 16:00:00,8750,5038,4610,4625,6425,1390,1364,4820,134,2130,195,752,104,3070,1105,100,3870,1390,705,1145,250,1210,630,2850,135,374,3730,84,400,90,2688,4250,745,2040,2350,1695,575,4220,2410,274,228,3260,1070,4245,545,2010,600,0,3740,0,3740,41925,0,3880,6625,2650,4500,6425,9600,5800
11/3/2022 16:00:00,8800,5088,4650,4650,6375,1356,1355,4820,132,2130,200,770,102,3140,1110,99,3880,1390,700,1135,248,1215,635,2820,133,392,3750,84,388,88,2700,4120,745,2060,2410,1715,585,4130,2510,280,235,3310,1065,4169,540,2010,580,0,3750,0,3750,43600,0,3800,6625,2630,4510,6375,9550,5750
11/4/2022 16:00:00,8775,5075,4650,4638,6425,1361,1364,4720,133,2180,200,775,102,3050,1090,100,3850,1385,700,1135,246,1180,650,2670,132,370,3750,84,377,88,2688,3890,745,2020,2250,1595,545,4210,2510,272,230,3230,1065,4026,520,2010,610,0,3750,0,3750,43600,0,3990,6750,2630,4540,6450,9650,5800
11/7/2022 16:00:00,8850,5125,4690,4638,6500,1351,1364,5100,135,2390,197,784,101,3000,1130,101,3870,1380,710,1135,246,1190,655,2690,132,352,3740,84,352,90,2700,4090,740,2000,2120,1540,510,4280,2590,274,220,3360,1050,4026,535,2000,605,0,3830,0,3830,43575,0,4230,7150,2660,4620,6500,9750,5900
11/8/2022 16:00:00,8750,5075,4620,4625,6525,1341,1355,4940,131,2310,194,766,101,3100,1110,100,3960,1385,710,1190,246,1175,660,2650,132,358,3680,83,357,89,2663,4030,745,2000,2190,1605,520,4220,2570,274,215,3210,1070,3968,520,2000,585,0,3760,0,3790,42975,0,4200,7025,2690,4630,6475,9750,5900
11/9/2022 16:00:00,8875,5075,4650,4650,6550,1341,1355,4850,132,2400,199,831,110,3010,1115,101,3930,1375,705,1190,246,1175,660,2700,134,352,3740,85,349,89,2688,3960,760,1995,2160,1560,510,4190,2570,278,215,3180,1070,4083,530,2000,590,0,3640,0,3660,41925,0,4220,7175,2680,4540,6550,9750,5925
11/10/2022 16:00:00,8800,5050,4530,4638,6525,1341,1355,4550,136,2360,188,808,103,3000,1105,99,3880,1360,700,1145,246,1165,665,2710,135,350,3730,85,335,88,2663,3950,735,1960,2120,1510,498,4170,2510,266,207,3140,1035,4254,510,2000,595,0,3480,0,3470,40375,0,4100,7100,2600,4560,6475,9725,5650
11/11/2022 16:00:00,8850,5213,4650,4650,6450,1341,1364,5675,135,2460,210,854,104,3030,1110,101,3900,1365,700,1180,246,1180,665,2700,135,354,3720,84,346,89,2650,4170,740,1975,2130,1525,498,4150,2590,268,213,3170,1125,4293,540,2000,595,0,3490,0,3480,37550,0,4450,7425,2600,4540,6400,9850,5725
11/14/2022 16:00:00,8750,5125,4580,4550,6300,1346,1364,5725,134,2410,204,840,103,3000,1115,100,3900,1370,700,1165,244,1175,670,2650,136,338,3730,83,341,87,2675,4140,750,1970,2060,1420,464,4050,2630,270,245,3100,1110,4293,525,1955,585,0,3500,0,3480,37100,0,4500,7300,2640,4590,6475,9750,5800
11/15/2022 16:00:00,8800,5125,4580,4563,6225,1341,1355,5900,135,2430,204,859,105,2990,1100,100,3900,1360,710,1170,244,1185,655,2630,137,334,3700,85,332,88,2675,3930,745,1970,2010,1365,438,4050,2640,260,228,3090,1115,4626,525,1955,595,0,3510,0,3500,37775,0,4550,7300,2760,4610,6500,9800,5825
11/16/2022 16:00:00,8600,5000,4520,4550,6175,1326,1346,6250,140,2440,218,840,105,2950,1085,99,3890,1360,700,1150,244,1195,670,2630,135,330,3690,83,326,88,2675,3960,735,1970,2000,1380,430,4050,2560,266,213,3070,1110,4617,525,1955,590,0,3570,0,3500,38000,0,4470,7275,2840,4610,6500,9775,5875
11/17/2022 16:00:00,8725,4950,4670,4638,6300,1326,1341,6025,137,2420,214,887,104,3040,1140,100,3900,1360,705,1165,244,1180,685,2640,134,348,3740,83,324,88,2688,3870,740,1965,2030,1510,472,4040,2600,266,205,3070,1105,4512,540,2020,595,0,3590,0,3550,38025,0,4460,7100,2820,4590,6525,9675,5750
11/18/2022 16:00:00,8825,5088,4610,4600,6225,1322,1346,6125,137,2370,222,873,103,3030,1145,100,3900,1360,710,1175,244,1175,800,2610,133,362,3730,84,326,88,2675,4060,745,1965,2050,1565,505,4010,2580,266,196,3090,1095,4398,530,2020,610,0,3590,0,3550,38425,0,4410,6900,2830,4640,6500,9650,5850
11/21/2022 16:00:00,8725,5050,4590,4588,6325,1326,1341,5700,136,2380,210,875,103,3050,1125,100,3900,1365,700,1175,244,1180,865,2620,133,346,3720,88,326,89,2700,3840,740,1960,2020,1510,480,4030,2640,268,198,3060,1070,4483,525,2020,600,0,3690,0,3650,39750,0,4370,7025,2760,4550,6525,9800,5850
11/22/2022 16:00:00,8900,5063,4590,4625,6225,1326,1350,5325,133,2350,196,870,102,3040,1110,99,3920,1365,705,1170,246,1180,860,2610,133,362,3740,86,346,89,2688,4020,740,1970,2040,1520,510,4000,2620,266,198,3040,1070,4455,515,2000,620,0,3700,0,3690,41475,0,4320,7000,2750,4560,6450,9650,5725
11/23/2022 16:00:00,8875,5100,4670,4625,6200,1346,1341,5275,133,2330,191,940,103,3080,1110,100,3910,1360,710,1170,244,1170,885,2610,135,364,3740,85,338,89,2700,4020,740,1985,2100,1630,530,3970,2690,264,203,3050,1055,4369,520,2000,600,0,3750,0,3700,41375,0,4350,7200,2780,4550,6450,9900,5725
11/24/2022 16:00:00,9000,5113,4720,4638,6200,1351,1350,5175,134,2290,188,915,102,3110,1085,101,3930,1360,710,1170,244,1165,850,2650,135,366,3720,86,338,89,2688,3970,745,1975,2090,1650,535,4030,2650,280,196,3040,1095,4369,530,2200,600,0,3750,0,3690,41650,0,4430,7175,2830,4560,6425,9800,5800
11/25/2022 16:00:00,8975,5088,4750,4650,6175,1336,1355,5100,132,2140,185,855,104,3050,1095,101,3940,1360,710,1170,244,1155,850,2650,134,356,3740,89,335,88,2688,4040,740,1970,2020,1615,515,4030,2580,278,196,3000,1075,4388,515,2100,600,0,3730,0,3640,40925,0,4380,7125,2770,4600,6325,9900,5875
11/28/2022 16:00:00,9025,5063,4820,4638,6225,1326,1359,4820,127,2150,173,800,103,2990,1105,99,3920,1360,710,1170,246,1150,860,2650,134,346,3740,88,338,88,2688,4010,745,1970,1895,1520,480,3980,2530,272,205,3060,1025,4388,484,2100,620,0,3740,0,3680,41050,0,4090,7175,2860,4710,6275,9975,5800
11/29/2022 16:00:00,8975,5163,4850,4688,6050,1297,1355,4690,135,2140,162,780,102,3020,1105,99,3950,1355,710,1170,244,1140,855,2650,133,342,3730,87,338,88,2688,3980,745,1960,1805,1440,448,3980,2620,266,196,3170,1025,4388,486,2000,615,0,3880,0,3750,41850,0,4110,7300,2840,4700,6325,9975,5825
11/30/2022 16:00:00,9300,5263,4980,4950,6050,1302,1364,4590,130,2060,151,735,98,3020,1140,98,3990,1360,730,1165,244,1140,850,2640,133,350,3750,87,324,86,2850,4080,745,1965,1900,1515,472,4040,2650,262,194,3200,1015,4293,476,1970,620,0,3870,0,3800,41750,0,4150,7375,3090,4800,6450,10100,5700
12/1/2022 16:00:00,9000,5200,4940,4850,6175,1292,1368,4510,126,2060,141,800,93,3000,1090,96,3990,1370,720,1220,244,1130,855,2650,131,348,3700,86,321,88,2738,3950,740,1965,1800,1490,468,3960,2750,256,192,3100,1005,4274,476,1970,615,0,3900,0,3810,42000,0,4370,7300,2940,4710,6675,10150,5675
12/2/2022 16:00:00,8900,5263,4890,4875,6125,1287,1346,4200,130,2040,132,795,93,2960,1100,95,3950,1370,715,1220,244,1130,850,2630,128,342,3730,85,324,87,2738,3940,745,1960,1820,1515,482,4000,2750,250,195,3030,988,4274,500,1970,605,0,3850,0,3770,41600,0,4440,7400,2950,4710,6775,10200,5725
12/5/2022 16:00:00,8775,5438,4890,4875,6025,1278,1293,3950,130,1955,123,740,94,2880,1100,95,3970,1360,720,1200,244,1125,860,2630,127,338,3720,84,321,86,2738,3930,740,1955,1840,1440,480,3840,2730,256,184,2890,980,4245,482,1970,610,0,3780,0,3690,40800,0,4460,7425,2920,4740,6775,10350,5725
12/6/2022 16:00:00,8675,5450,4860,4775,5875,1263,1257,4050,130,1880,115,715,89,2840,1085,92,3960,1340,710,1175,238,1115,855,2620,123,324,3730,82,312,86,2738,4030,735,1940,1800,1420,460,3600,2610,246,175,3000,913,4245,474,1970,605,0,3810,0,3660,41000,0,4350,7300,2910,4740,6775,10350,5600
12/7/2022 16:00:00,8450,5188,4760,4750,5725,1239,1239,3980,130,1880,107,685,83,2760,1095,91,3970,1335,700,1165,238,1090,850,2580,122,322,3710,79,304,84,2738,4280,725,1940,1730,1390,450,3680,2650,240,163,2950,850,4388,462,2010,610,0,3830,0,3690,41350,0,4230,7075,2880,4700,6850,10325,5625
12/8/2022 16:00:00,8500,5025,4840,4750,5675,1234,1244,3790,130,1840,100,690,81,2840,1090,90,3940,1340,700,1180,238,1080,855,2630,123,326,3750,78,301,84,2738,4800,725,1920,1790,1430,466,3740,2670,238,157,2950,800,4388,458,2020,610,0,3740,0,3700,40650,0,4420,7375,2680,4660,6900,10200,5725
12/9/2022 16:00:00,8575,4963,4800,4775,5675,1200,1208,3530,130,1830,93,680,78,2800,1105,90,3940,1340,690,1175,236,1055,870,2650,123,320,3750,78,301,82,2713,4660,720,1950,1750,1400,448,3650,2610,240,162,2940,810,4440,446,2020,600,0,3680,0,3620,39250,0,4380,7250,2500,4620,6925,10150,5725
12/12/2022 16:00:00,8700,4975,4850,4763,5675,1214,1230,3300,132,1780,87,675,80,2860,1120,90,3950,1350,700,1195,236,1060,860,2590,121,320,3750,79,304,82,2725,4800,725,1955,1765,1445,460,3700,2640,242,165,2860,803,4300,444,2020,590,0,3800,0,3800,39900,0,4250,7350,2550,4690,6975,10400,5825
12/13/2022 16:00:00,8700,4950,4970,4825,5825,1263,1244,4120,135,2000,100,710,80,2850,1085,95,3940,1345,705,1215,238,1055,875,2600,124,320,3750,80,301,83,2725,4730,740,1955,1750,1430,448,3750,2640,240,163,2850,870,4250,456,1970,585,0,3740,0,3720,39350,0,4360,7225,2600,4720,6925,10300,5875
12/14/2022 16:00:00,8625,4975,4980,4763,5825,1215,1239,4060,130,1905,94,705,81,2850,1080,94,3920,1350,700,1225,236,1055,850,2600,121,316,3750,78,298,83,2750,4720,735,1965,1735,1390,434,3750,2760,230,163,2840,873,4360,458,1970,585,0,3880,0,3790,40500,0,4380,7325,2590,4720,6950,10325,5900
12/15/2022 16:00:00,8500,4950,4910,4738,5800,1210,1235,4040,131,1895,97,750,81,2850,1060,94,3920,1345,705,1205,234,1055,800,2600,116,316,3800,76,301,83,2750,4600,730,1965,1720,1375,432,3670,2740,226,167,2780,830,4180,456,1970,620,0,3900,0,3770,40275,0,4310,7275,2570,4700,6975,10300,5725
12/16/2022 16:00:00,8600,5050,4980,4900,5775,1200,1213,4060,130,1880,96,735,80,2860,1060,92,3910,1350,710,1210,234,1050,860,2590,114,310,3850,74,301,82,2738,4580,730,1960,1735,1395,428,3680,2690,228,168,2720,805,4130,450,2020,615,0,3890,0,3800,40600,0,4300,7375,2560,4870,6950,10425,6000
12/19/2022 16:00:00,8650,5000,4970,4713,5700,1120,1213,3840,130,1830,92,715,79,2860,1055,89,3910,1340,710,1200,234,1055,840,2590,112,314,3850,73,304,82,2738,4740,730,1975,1705,1380,430,3720,2740,226,167,2690,795,3860,442,2020,610,0,3970,0,3820,40675,0,4290,7325,2550,4730,7000,10150,6000
12/20/2022 16:00:00,8575,5025,4910,4725,5700,1100,1226,3630,130,1775,87,665,79,2790,1035,89,3920,1345,705,1195,228,1055,865,2580,108,302,3850,73,296,82,2750,4850,730,1970,1590,1285,400,3720,2730,220,167,2670,775,3590,444,2020,610,0,3920,0,3770,40775,0,4160,7200,2570,4770,6975,10300,5925
12/21/2022 16:00:00,8675,5000,4890,4675,5700,1150,1239,3680,131,1790,89,625,78,2810,1010,84,3920,1340,705,1190,226,1030,850,2560,105,298,4000,70,298,80,2750,4770,720,1965,1540,1260,374,3790,2690,222,165,2650,750,3340,454,1980,605,0,3920,0,3760,41000,0,4080,7225,2600,4780,6900,10225,5950
12/22/2022 16:00:00,8575,4975,4960,4713,5775,1220,1248,3680,132,1775,89,635,79,2810,1025,85,3910,1340,710,1190,226,1025,840,2620,107,300,4030,71,296,82,2750,4770,720,1965,1600,1285,380,3750,2660,224,168,2800,750,3260,460,2030,600,0,3930,0,3760,41000,0,4050,7225,2600,4840,6800,10125,5875
12/23/2022 16:00:00,8500,4963,4880,4663,5675,1215,1345,3740,131,1775,86,650,79,2790,1030,85,3920,1340,705,1185,226,1045,855,2620,107,304,4040,69,298,81,2738,4740,720,1960,1600,1275,376,3780,2600,220,165,2730,800,3300,450,2030,580,0,3810,0,3740,40825,0,4010,7050,2620,4820,6825,10025,5850
12/26/2022 16:00:00,8575,5025,4930,4663,5650,1310,1375,3510,130,1720,82,655,80,2800,1025,85,3920,1345,705,1185,226,1045,855,2600,107,300,4100,72,298,80,2750,4800,720,1960,1590,1270,378,3750,2560,220,167,2850,825,3070,456,2030,590,0,3800,0,3700,40400,0,3940,7100,2650,4750,6875,10150,5825
12/27/2022 16:00:00,8600,4975,4870,4650,5675,1280,1410,3580,131,1720,91,650,86,2790,1035,86,3940,1345,705,1200,224,1030,840,2630,107,302,4100,71,310,80,2750,4730,735,1950,1540,1275,366,3810,2570,240,166,2810,845,3130,426,2030,595,0,3750,0,3690,40250,0,4090,7125,2820,4810,6800,10075,6000
12/28/2022 16:00:00,8650,4988,4820,4613,5625,1270,1355,3520,130,1775,91,650,83,2750,1020,92,3940,1340,710,1190,226,1020,840,2620,106,304,4150,72,301,80,2750,4400,735,1945,1550,1260,358,3730,2530,226,165,2750,813,3230,402,2030,595,0,3750,0,3670,39800,0,4090,7125,2680,4770,6725,10175,5850
12/29/2022 16:00:00,8575,4988,4870,4613,5650,1290,1350,3510,131,1785,97,630,80,2730,1030,90,3940,1345,710,1185,222,1020,850,2610,107,296,4170,72,296,80,2738,4340,740,1910,1545,1235,348,3780,2500,222,167,2800,835,3150,402,2020,595,0,3800,0,3670,39300,0,4060,7175,2740,4760,6800,10175,5850
12/30/2022 16:00:00,8550,4963,4940,4613,5700,1290,1350,3720,131,1765,91,645,79,2730,1055,87,3990,1345,710,1185,228,1015,845,2650,107,300,4140,71,293,80,2638,4310,745,1920,1540,1245,358,3750,2530,226,164,2790,868,3160,404,2120,610,0,3850,0,3690,39025,0,4120,7100,2650,4700,6725,10000,5650
1/2/2023 16:00:00,8550,4938,4870,4613,5700,1285,1335,3630,133,1775,93,655,80,2750,1075,92,3940,1350,710,1180,250,1020,850,2500,115,304,4140,76,304,83,2725,4560,740,1920,1470,1270,354,3800,2470,222,164,2830,850,3150,410,2120,625,0,3590,0,3690,39600,0,4130,7050,2740,4620,6775,10150,5675
1/3/2023 16:00:00,8550,4975,4850,4638,5650,1395,1320,3540,131,1775,95,655,80,2730,1060,91,3940,1355,710,1165,242,1020,855,2580,112,300,4120,73,310,81,2725,4450,745,1915,1410,1230,338,3860,2520,218,161,2800,815,3120,420,2010,625,0,3520,0,3730,39050,0,4320,7100,2770,4600,6750,10175,5775
1/4/2023 16:00:00,8350,5013,4770,4588,5675,1385,1320,3510,130,1760,96,650,79,2650,1055,90,3920,1350,710,1155,238,1020,850,2540,112,302,4120,73,296,81,2700,4440,745,1900,1400,1230,342,3820,2550,226,162,2790,795,3100,424,2010,625,0,3300,0,3620,37525,0,4320,7300,2740,4640,6850,10100,5675
1/5/2023 16:00:00,8250,4913,4640,4500,5375,1335,1310,3270,130,1685,92,610,75,2620,1020,87,3940,1340,705,1125,230,1010,850,2490,107,294,4120,70,290,80,2738,4750,720,1805,1305,1170,320,3770,2410,220,152,2670,750,2890,396,2010,620,0,3100,0,3410,35150,0,4200,7100,2810,4730,6850,10225,5850
1/6/2023 16:00:00,8300,4900,4620,4450,5450,1390,1340,3060,130,1695,95,615,74,2620,1070,87,3930,1345,705,1145,222,1010,865,2530,108,294,4120,70,290,81,2763,4700,730,1825,1255,1185,310,3710,2360,218,148,2620,768,3040,406,2070,625,0,3140,0,3430,35400,0,4290,7350,2800,4760,6950,10175,6000
1/9/2023 16:00:00,8450,4863,4590,4500,5350,1365,1330,2980,130,1710,93,645,73,2600,1120,85,3930,1345,705,1145,226,1010,855,2510,105,294,4110,68,298,81,2713,4690,740,1830,1315,1215,324,3790,2310,212,138,2580,783,2840,392,2070,625,0,3030,0,3280,34800,0,4440,7425,2740,4760,6950,10200,6250
1/10/2023 16:00:00,8175,4638,4430,4363,5325,1325,1245,2970,130,1645,95,655,70,2540,1095,84,3900,1335,705,1130,224,1015,850,2430,100,294,4100,68,293,80,2738,4960,730,1835,1230,1190,318,3830,2340,210,138,2520,783,2870,372,2070,595,0,3140,0,3360,36100,0,4400,7250,2720,4690,6675,10200,6250
1/11/2023 16:00:00,8125,4475,4380,4250,5225,1335,1230,2780,131,1635,94,655,71,2510,1095,86,3900,1335,705,1125,224,1015,860,2460,103,298,4100,67,293,79,2725,5450,725,1835,1250,1165,318,3870,2340,228,133,2500,775,2790,356,2070,555,0,3180,0,3400,36075,0,4420,7325,2670,4700,6675,10525,6225
1/12/2023 16:00:00,8175,4600,4500,4300,5350,1330,1250,3200,130,1675,97,705,71,2550,1095,88,3900,1350,710,1150,224,1015,850,2430,103,298,3950,68,296,80,2700,5550,740,1835,1340,1215,338,3860,2340,214,134,2520,750,2930,364,2050,570,0,3090,0,3330,34875,0,4450,7325,2710,4760,6625,10450,6225
1/13/2023 16:00:00,8050,4588,4480,4338,5450,1320,1240,3050,130,1655,105,705,71,2530,1090,87,3900,1345,710,1145,234,1015,850,2430,103,294,4070,67,296,79,2688,5475,745,1835,1320,1210,338,3780,2340,206,129,2660,758,2800,368,2050,565,0,3140,0,3330,35300,0,4500,7425,2760,4790,6700,10450,6200
1/16/2023 16:00:00,8150,4650,4520,4388,5600,1330,1270,3090,130,1670,107,690,68,2560,1125,86,3900,1355,710,1160,230,1015,850,2430,101,298,4000,68,290,80,2675,5100,745,1825,1305,1200,336,3850,2350,204,126,2610,755,2990,370,2050,570,0,3100,0,3320,35075,0,4600,7450,2680,4770,6700,10400,6175
1/17/2023 16:00:00,8325,4875,4560,4463,5550,1350,1275,3050,130,1690,114,680,68,2600,1135,87,3900,1340,710,1155,232,1020,855,2450,102,296,4000,68,293,80,2713,5025,740,1830,1340,1215,332,3950,2430,206,129,2620,775,2980,376,2050,575,0,3140,0,3350,35550,0,4840,7600,2720,4760,6825,10350,6125
1/18/2023 16:00:00,8300,4775,4600,4438,5650,1350,1280,3120,130,1685,114,665,67,2570,1120,87,3900,1340,710,1155,228,1020,850,2400,102,304,4030,68,293,80,2700,5075,745,1820,1365,1210,336,3930,2380,204,129,2620,765,3000,368,2050,545,0,3170,0,3410,35700,0,4700,7500,2730,4800,6950,10475,6125
1/19/2023 16:00:00,8325,4875,4610,4475,5850,1340,1310,3210,134,1700,115,685,67,2600,1145,89,3900,1350,720,1160,230,1020,870,2420,103,300,4030,69,293,78,2725,4980,745,1810,1375,1220,352,3890,2420,200,126,2570,768,3020,366,1940,565,0,3230,0,3490,36850,0,4830,7500,2750,4800,6875,10500,6050
1/20/2023 16:00:00,8300,4988,4650,4513,5900,1385,1315,3210,131,1700,114,680,69,2600,1150,92,3900,1355,720,1175,228,1025,850,2420,102,308,4100,69,290,78,2725,5050,745,1815,1390,1195,346,3870,2420,200,127,2570,773,2940,368,1960,565,0,3240,0,3570,38325,0,4860,7550,2760,4810,6875,10500,5950
1/24/2023 16:00:00,8225,4950,4620,4525,5925,1375,1340,3190,130,1720,119,700,71,2570,1145,91,3910,1350,720,1175,230,1020,855,2430,103,308,4000,70,290,79,2750,5100,750,1830,1395,1210,350,3850,2400,204,129,2610,770,3040,360,1960,540,0,3200,0,3540,37500,0,4950,7400,2670,4830,6925,10400,5975
1/25/2023 16:00:00,8200,4850,4560,4538,5950,1375,1385,3450,131,1760,117,755,72,2610,1130,91,3920,1350,720,1175,232,1025,850,2440,104,306,4050,71,290,79,2738,5100,750,1845,1525,1375,408,3840,2390,216,128,2610,765,3010,370,1955,555,0,3130,0,3480,36525,0,4780,7300,2660,4850,6800,10425,5875
1/26/2023 16:00:00,8475,4913,4590,4738,5900,1420,1380,3580,131,1830,115,780,73,2690,1095,93,3920,1350,725,1175,232,1030,850,2440,107,318,4120,71,293,80,2750,4960,760,1875,1610,1460,436,3970,2470,218,132,2620,758,3030,438,1950,520,0,3010,0,3390,35125,0,4810,7275,2750,4800,6700,10075,5950
1/27/2023 16:00:00,8700,5013,4640,4775,5875,1390,1400,3330,131,1800,117,750,73,2710,1100,89,3920,1350,730,1175,234,1030,875,2440,109,324,4200,71,293,79,2738,4990,760,1900,1625,1560,450,3960,2460,226,132,2670,780,3040,430,1950,535,0,3060,0,3470,36100,0,4750,7425,2790,4750,6700,10000,5850
1/30/2023 16:00:00,8700,4975,4610,4650,5875,1380,1380,3220,130,1785,113,730,73,2670,1100,90,3940,1360,730,1180,234,1020,850,2430,113,324,4100,71,293,80,2750,5050,780,1910,1600,1525,448,3960,2450,230,133,2590,778,3040,442,1950,540,0,3010,0,3450,35650,0,4670,7325,2850,4760,6800,10100,5875
1/31/2023 16:00:00,8475,4975,4580,4575,6000,1335,1360,3210,130,1775,112,740,71,2650,1155,90,3930,1365,735,1180,234,1005,850,2430,109,324,4050,70,290,80,2850,4990,775,1910,1580,1505,448,3850,2430,230,131,2560,785,2930,440,1950,555,0,2960,0,3400,36200,0,4720,7425,2830,4660,6725,10100,5825
2/1/2023 16:00:00,8500,4850,4680,4563,6000,1345,1365,3190,131,1715,113,745,71,2670,1160,89,3930,1370,735,1200,234,1015,850,2440,110,322,3990,71,290,79,2788,5700,775,1900,1585,1505,446,3870,2430,232,132,2640,850,3020,450,1950,565,0,2950,0,3380,35500,0,4780,7575,2970,4630,6650,10375,5875
2/2/2023 16:00:00,8450,4863,4600,4550,5925,1350,1350,3600,130,1810,124,805,72,2770,1195,90,3930,1395,745,1220,236,1020,850,2430,110,324,3980,71,296,80,2800,5475,780,1895,1640,1490,450,3890,2390,236,131,2620,920,2980,450,2000,565,0,2870,0,3420,35100,0,4750,7425,2950,4730,6600,10250,5800
2/3/2023 16:00:00,8700,4963,4750,4650,5875,1360,1385,3640,131,1790,124,775,74,2750,1260,90,3930,1370,745,1200,236,1060,860,2440,110,322,4090,70,298,80,2788,5100,790,1895,1585,1440,420,3880,2340,252,132,2630,933,2800,446,2000,565,0,2760,0,3330,34275,0,4650,7375,2990,4690,6700,10475,5825
2/6/2023 16:00:00,8725,4938,4740,4675,5850,1315,1365,3630,131,1750,120,725,74,2750,1240,90,3930,1380,745,1205,242,1035,850,2440,110,322,4110,70,293,80,2800,4970,780,1875,1545,1375,400,3880,2260,244,131,2580,895,2770,444,2000,565,0,2780,0,3260,33900,0,4610,7250,2920,4730,6675,10275,5800
2/7/2023 16:00:00,8850,5088,4750,4688,5875,1330,1370,3470,130,1740,123,730,74,2900,1250,89,3940,1390,755,1225,238,1035,850,2450,109,322,4110,70,296,80,2813,5000,785,1900,1500,1375,396,3800,2320,238,132,2580,885,2790,414,1980,565,0,2890,0,3470,36500,0,4570,7325,2940,4860,6675,10275,5850
2/8/2023 16:00:00,8825,5100,4790,4738,5800,1335,1385,3430,131,1730,120,725,84,2890,1250,89,3940,1390,755,1230,242,1040,850,2460,110,334,4000,71,293,81,2813,5025,780,1890,1500,1365,394,3840,2290,238,131,2580,895,2840,410,2030,585,0,2920,0,3490,36100,0,4690,7275,2950,5025,6800,10325,5750
2/9/2023 16:00:00,8900,5125,4810,4775,5675,1315,1370,3300,130,1705,112,675,81,2860,1265,89,3940,1390,745,1240,240,1045,860,2480,109,338,4000,70,293,80,2875,5050,790,1895,1500,1365,390,3770,2270,238,131,2590,1060,2850,402,2030,550,0,2840,0,3480,35375,0,4580,7150,2950,4920,6775,10300,5800
2/10/2023 16:00:00,8825,5150,4860,4763,5700,1325,1380,3070,130,1670,105,635,80,2880,1250,87,3940,1390,745,1230,238,1050,885,2480,107,330,4000,70,290,80,2875,5075,785,1895,1445,1315,382,3800,2260,232,130,2580,1055,2850,406,2030,535,0,2740,0,3370,34150,0,4690,7200,2950,4580,6900,10300,5850
2/13/2023 16:00:00,8875,5175,4800,4750,5725,1365,1375,2870,130,1640,116,645,76,2900,1275,87,3940,1395,750,1230,238,1050,885,2480,107,330,3990,71,290,81,3050,5000,790,1890,1465,1355,386,3790,2310,238,129,2540,1025,2950,406,2030,580,0,2780,0,3370,35225,0,4650,7125,2970,4520,6725,10275,5750
2/14/2023 16:00:00,8950,5188,4870,4725,5725,1390,1365,2820,131,1640,119,650,77,2880,1275,86,3940,1390,750,1225,240,1045,880,2490,106,336,3950,70,290,81,3088,5000,795,1900,1480,1360,396,3800,2310,238,129,2490,1010,3000,406,2030,540,0,2830,0,3400,35125,0,4600,7125,3010,4560,6750,10300,5825
2/15/2023 16:00:00,8875,5113,4870,4713,5675,1610,1335,2870,130,1655,118,665,76,2840,1280,93,3940,1390,745,1220,238,1035,865,2490,107,332,4000,70,296,81,2875,4930,785,1895,1420,1320,384,3790,2320,240,130,2430,975,3030,430,2030,510,0,2950,0,3440,35425,0,4680,6950,3070,4550,6675,10300,5825
2/16/2023 16:00:00,8700,5088,4870,4675,5700,1625,1350,3030,130,1645,121,690,75,2970,1310,88,3930,1390,745,1230,240,1040,900,2500,108,330,3980,70,298,80,2775,4990,795,1890,1405,1290,380,3770,2310,240,129,2390,948,2970,430,2030,496,0,2920,0,3510,35400,0,4750,6825,2980,4520,6600,10200,5800
2/17/2023 16:00:00,8725,5150,4880,4638,5675,1715,1370,2980,130,1630,125,680,75,2930,1330,88,3930,1395,745,1235,242,1050,890,2530,107,326,3950,70,298,80,2838,4920,790,1905,1425,1305,384,3760,2290,236,129,2420,943,2920,442,2030,510,0,2880,0,3490,35125,0,4750,6775,2980,4510,6600,10350,5800
2/20/2023 16:00:00,8750,5138,4880,4575,5600,1705,1355,2960,131,1620,122,655,71,2930,1365,87,3920,1390,745,1250,240,1040,875,2540,108,334,3980,70,293,80,2900,4890,795,1900,1555,1415,440,3820,2270,232,129,2400,955,3030,438,1955,510,0,2900,0,3570,35500,0,4740,6675,3040,4540,6625,10350,5900
2/21/2023 16:00:00,8700,5100,4820,4525,5575,1700,1340,2960,131,1620,121,660,70,2920,1345,87,3940,1390,745,1250,240,1045,895,2530,107,330,3980,69,298,81,2775,4930,800,1910,1470,1375,420,3840,2300,238,128,2390,1005,3040,432,1955,510,0,2820,0,3520,35150,0,4770,6775,3060,4500,6525,10300,5850
2/22/2023 16:00:00,8675,5000,4760,4425,5625,1585,1335,2760,130,1615,116,650,70,2860,1300,85,3920,1390,745,1235,238,1045,895,2540,106,324,3970,69,298,79,2825,4970,795,1895,1440,1330,404,3860,2260,232,126,2360,990,3000,404,1955,515,0,2850,0,3540,35575,0,4610,6800,3030,4480,6600,10225,5725
2/23/2023 16:00:00,8725,5038,4800,4475,5650,1625,1350,2600,131,1605,116,655,71,2920,1340,86,3930,1395,745,1245,238,1050,895,2540,106,322,4000,69,298,79,2800,5175,790,1900,1395,1315,394,3970,2230,228,127,2390,1000,3040,414,1955,515,0,2900,0,3560,35900,0,4300,6600,2980,4400,6575,10225,5700
2/24/2023 16:00:00,8675,5063,4760,4450,5750,1630,1340,2530,130,1605,120,650,69,2900,1315,86,3950,1390,745,1245,240,1050,895,2540,104,326,3990,69,296,79,2825,5000,785,1880,1415,1300,396,4040,2240,220,127,2400,998,3100,412,1955,515,0,2890,0,3660,36025,0,4300,6625,2910,4350,6575,10175,5625
2/27/2023 16:00:00,8775,5075,4810,4475,5800,1520,1335,2470,130,1610,118,655,66,2890,1325,85,3950,1380,750,1240,238,1035,895,2510,103,322,3990,69,293,80,2888,4990,790,1870,1395,1295,388,3960,2290,220,121,2380,985,3100,398,1955,515,0,2950,0,3730,36050,0,4450,6650,2950,4300,6600,10050,5625
2/28/2023 16:00:00,8750,5000,4670,4388,6100,1520,1325,2510,130,1600,118,640,66,2860,1365,84,3990,1320,740,1240,236,1035,895,2520,104,326,4000,70,293,80,2900,4960,790,1880,1445,1300,398,3880,2360,220,121,2340,1010,3020,404,1950,520,0,2990,0,3860,37200,0,4540,6825,2900,4180,6475,10125,5375
3/1/2023 16:00:00,8600,5050,4720,4475,6150,1595,1325,2690,130,1620,122,650,67,2810,1350,85,3980,1350,740,1235,238,1040,870,2520,106,326,3990,70,293,80,2900,5000,780,1890,1475,1320,422,3930,2340,220,121,2310,990,3040,408,1950,520,0,2990,0,3880,36975,0,4600,6925,2890,4150,6275,9900,5600
3/2/2023 16:00:00,8625,5113,4780,4438,6150,1565,1320,2850,131,1630,121,650,68,2840,1370,85,3980,1355,745,1240,238,1035,865,2520,106,334,4000,69,296,79,2913,5050,785,1895,1430,1325,416,3880,2290,220,121,2310,1045,3150,408,2000,515,0,2990,0,4000,38000,0,4500,6825,2960,4150,6250,9850,5425
3/3/2023 16:00:00,8475,5025,4760,4375,6050,1565,1310,2750,130,1605,124,650,68,2850,1340,85,3980,1360,745,1230,238,1035,890,2510,103,328,3970,70,290,79,2938,5050,780,1895,1455,1315,408,3900,2280,222,122,2290,1040,3150,406,2000,520,0,3020,0,4010,37950,0,4420,6825,2770,4060,6275,9725,5275
3/6/2023 16:00:00,8400,5063,4790,4400,6075,1565,1280,2770,131,1605,128,645,67,2850,1350,83,3970,1355,740,1220,236,1030,885,2540,105,326,3970,70,290,79,2938,4700,780,1890,1525,1310,422,3880,2230,216,122,2290,975,3180,402,1960,525,0,2910,0,3990,37750,0,4410,6775,2820,4170,6250,9750,5250
3/7/2023 16:00:00,8425,5088,4840,4450,5950,1595,1275,2600,130,1600,129,640,66,2850,1375,82,3980,1350,740,1215,238,1020,890,2500,103,338,3970,69,287,78,2738,4680,770,1885,1450,1270,394,3880,2230,212,123,2290,955,3200,406,1960,540,0,2860,0,3830,37025,0,4280,6550,2810,4080,6250,9975,5125
3/8/2023 16:00:00,8575,5138,4840,4438,5925,1555,1265,2560,130,1600,130,630,64,2830,1385,81,3980,1340,740,1220,236,1005,890,2480,102,384,4000,69,284,78,2750,4680,770,1885,1490,1290,400,3940,2200,212,118,2280,990,3190,404,1960,515,0,2920,0,3860,37900,0,4100,6425,2870,4100,6150,9800,5200
3/9/2023 16:00:00,8575,5225,4810,4575,6025,1595,1285,2710,130,1605,129,620,64,2850,1375,82,3980,1350,740,1230,238,995,885,2480,102,374,3970,70,284,77,2663,4760,775,1890,1515,1320,402,3970,2250,216,118,2250,998,3050,404,1950,545,0,2900,0,3940,38350,0,4140,6350,2830,4100,6150,9800,5025
3/10/2023 16:00:00,8450,5188,4820,4513,5975,1565,1275,2620,130,1610,125,625,61,2800,1340,80,3980,1340,740,1220,236,990,890,2470,100,358,3990,69,290,77,2675,4430,765,1890,1460,1310,394,4010,2190,212,116,2220,993,3200,392,1950,540,0,2860,0,3890,38050,0,4080,6400,2810,4110,6125,9750,4980
3/13/2023 16:00:00,8550,5175,4830,4500,5925,1580,1245,2560,130,1600,126,585,61,2740,1320,78,3980,1345,730,1230,230,1000,890,2460,99,364,3970,69,287,75,2588,4230,755,1885,1390,1285,392,4070,2150,204,113,2150,983,3200,380,1950,545,0,2900,0,3930,38750,0,4020,6175,2870,4160,6125,9650,4990
3/14/2023 16:00:00,8325,4963,4710,4388,5775,1515,1195,2390,130,1600,121,545,57,2680,1285,81,3950,1330,725,1220,228,980,875,2440,96,344,3970,68,279,73,2600,4250,740,1810,1350,1235,372,4020,2000,197,111,2120,950,3100,362,1945,540,0,2770,0,3830,37475,0,4000,6075,2840,4210,6175,9650,4950
3/15/2023 16:00:00,8325,5025,4700,4400,5775,1520,1175,2260,130,1600,121,510,56,2720,1295,76,3970,1320,715,1210,224,975,890,2460,91,348,4000,67,280,72,2600,4590,740,1790,1330,1210,358,4010,1900,200,110,2100,990,3200,364,2000,540,0,2750,0,3810,37900,0,3990,6150,2850,4100,6100,9325,5000
3/16/2023 16:00:00,8300,4925,4730,4475,5850,1580,1180,2160,130,1550,117,478,53,2700,1240,71,3980,1280,705,1185,222,920,890,2400,85,336,4000,65,270,71,2600,4300,730,1770,1295,1155,334,4050,1905,200,108,2090,973,3200,346,2000,520,0,2640,0,3650,37200,0,3850,6150,2800,4070,6150,9400,4800
3/17/2023 16:00:00,8375,5050,4900,4513,5850,1630,1235,2240,130,1500,116,545,60,2710,1295,68,4000,1310,720,1205,228,930,890,2490,86,344,4000,66,277,72,2588,4000,735,1800,1450,1215,378,4050,2040,200,104,2080,978,3080,368,2000,540,0,2780,0,3880,39250,0,3890,6350,2860,4160,6125,9550,4970
3/20/2023 16:00:00,8400,5000,4880,4500,5875,1565,1200,2140,130,1500,108,610,59,2720,1270,64,3990,1310,715,1205,222,920,890,2450,87,338,4050,65,270,72,2525,3750,745,1800,1385,1155,352,3990,1960,192,104,2070,965,3070,358,2000,540,0,2720,0,3830,38200,0,3890,6375,2850,4160,6200,9625,4920
3/21/2023 16:00:00,8500,5250,4900,4613,5875,1580,1215,2350,130,1510,110,615,60,2750,1300,71,3980,1330,725,1200,222,940,890,2490,90,336,4000,66,274,72,2538,3490,750,1825,1415,1200,360,4120,1960,191,104,2120,965,3170,364,1960,540,0,2730,0,3750,38350,0,3900,6350,2900,4200,6125,9700,4970
3/24/2023 16:00:00,8825,5450,4770,4813,5950,1610,1280,2380,130,1505,115,620,60,2830,1330,67,3990,1335,735,1225,226,930,890,2490,89,334,4000,67,278,73,2538,3680,755,1845,1415,1210,356,4070,1905,193,104,2120,960,3170,368,1960,505,0,2680,0,3710,38400,0,3960,6425,2930,4270,6325,9975,5125
3/27/2023 16:00:00,8700,5100,4740,4750,5875,1610,1265,2280,130,1510,115,615,61,2870,1290,67,3990,1350,735,1260,228,945,890,2460,89,346,4000,67,280,74,2550,3650,760,1835,1390,1225,356,4050,1970,194,106,2160,963,3170,370,1960,520,0,2680,0,3700,38500,0,3940,6425,2900,4290,6375,9975,5000
3/28/2023 16:00:00,8675,5063,4770,4513,5850,1630,1260,2230,130,1535,118,620,60,2860,1300,67,3990,1350,730,1255,228,950,890,2510,90,346,4000,67,279,71,2563,3990,770,1830,1380,1200,358,4050,1985,192,106,2140,958,3230,368,1960,500,0,2770,0,3810,39725,0,4020,6525,2980,4300,6375,10100,5075
3/29/2023 16:00:00,8800,5175,4810,4600,5950,1700,1240,2430,131,1525,116,615,64,2900,1305,70,3990,1375,735,1260,230,950,890,2520,92,344,4000,67,278,71,2575,4120,775,1825,1400,1200,362,4100,2060,200,112,2160,1005,3290,384,1960,505,0,2880,0,3910,40800,0,4130,6600,2950,4360,6350,9975,5100
3/30/2023 16:00:00,8825,5113,4750,4675,5900,1640,1240,2490,133,1520,112,605,63,2890,1305,69,3990,1370,735,1275,230,945,890,2470,94,354,4000,67,280,71,2563,3840,770,1805,1385,1190,354,4090,1980,197,111,2160,995,3310,384,1960,520,0,2870,0,3870,39175,0,4140,6625,2870,4260,6400,9875,5075
3/31/2023 16:00:00,8750,5163,4730,4675,6000,1680,1225,2420,134,1505,109,600,63,2870,1315,69,4020,1360,735,1270,230,950,890,2500,93,352,4000,66,281,69,2550,3580,765,1790,1430,1175,368,4060,1985,195,113,2190,1000,3330,386,1960,510,0,2900,0,3990,39400,0,4190,6650,2880,4350,6200,9975,4990
4/3/2023 16:00:00,8800,5263,4800,4675,6000,1695,1225,2490,130,1505,110,595,63,2870,1335,69,4010,1375,740,1300,232,955,890,2490,92,348,4000,67,284,69,2525,3820,795,1800,1405,1155,362,4080,2010,200,114,2180,1000,3370,386,1960,500,0,2940,0,4040,39900,0,4100,6775,2920,4290,6175,9975,4820
4/4/2023 16:00:00,8775,5200,4820,4675,6025,1670,1215,2390,130,1500,110,590,62,2940,1330,69,3990,1380,730,1295,234,955,890,2480,90,350,4000,67,277,69,2513,3820,795,1795,1370,1145,354,4060,2010,200,112,2170,975,3380,380,1940,480,0,3050,0,4100,40525,0,4190,6750,2870,4290,6350,10200,4710
4/5/2023 16:00:00,8725,5225,4830,4663,6000,1750,1230,2390,130,1505,107,595,61,2940,1330,68,4000,1380,725,1290,236,960,890,2500,89,344,3990,67,277,69,2525,3630,795,1795,1340,1140,354,4150,2010,199,110,2090,993,3350,386,1935,498,0,3060,0,4070,40900,0,4190,6650,2800,4250,6275,10125,4560
4/6/2023 16:00:00,8750,5175,4840,4688,5925,1810,1235,2330,130,1500,101,575,61,2920,1355,70,4000,1385,730,1300,236,960,880,2490,89,344,3990,64,277,69,2513,3380,800,1790,1300,1110,350,4250,1995,198,108,2140,993,3400,386,1945,500,0,3020,0,4030,41125,0,4160,6400,2700,4250,6250,10075,4420
4/10/2023 16:00:00,8800,5100,4860,4663,5975,1805,1240,2240,130,1505,94,575,60,2890,1365,68,3970,1380,725,1295,234,950,880,2500,90,340,4000,65,275,68,2485,3150,800,1760,1270,1085,340,4300,1920,196,108,2210,1040,3300,380,1945,498,0,2990,0,3960,40875,0,4010,6400,2810,4290,6325,10075,4530
4/11/2023 16:00:00,8825,5100,4880,4688,6075,1780,1235,2350,131,1505,99,575,60,2890,1365,68,3980,1370,725,1305,234,955,880,2500,90,340,4000,64,275,67,2513,3090,815,1765,1280,1085,346,4300,1910,195,107,2200,1075,3390,384,1910,498,0,3050,0,3980,38025,0,4150,6525,2810,4200,6350,10200,4480
4/12/2023 16:00:00,8900,5150,4930,4675,6250,1775,1255,2290,130,1420,93,580,60,2780,1355,70,3990,1370,720,1310,228,960,880,2490,89,358,4000,64,276,68,2500,3540,845,1750,1325,1125,354,4310,1900,200,107,2200,1050,3350,382,2000,500,1305,2960,0,3920,35375,0,4160,6450,2800,4190,6275,10050,4490
4/13/2023 16:00:00,8925,5125,4980,4688,6250,1720,1270,2240,130,1370,91,570,60,2810,1345,68,3940,1380,720,1305,228,955,880,2500,89,360,4000,63,272,68,2500,3680,840,1750,1300,1095,344,4340,1870,210,106,2270,1070,3350,380,2000,482,1345,2960,0,3980,34600,0,4130,6375,2740,4100,6275,10250,4530
4/14/2023 16:00:00,9000,5225,5075,4700,6200,1785,1265,2200,130,1380,92,575,59,2810,1315,67,3970,1285,720,1300,226,960,890,2510,89,360,4000,64,271,69,2490,3700,845,1750,1300,1095,342,4340,1875,200,105,2320,1125,3530,390,2000,510,1375,2920,0,3970,33725,0,4320,6575,2750,4150,6300,10250,4490
4/17/2023 16:00:00,9025,5125,4990,4725,6225,1735,1255,2140,130,1380,92,590,59,2750,1350,63,3970,1255,715,1305,228,965,890,2510,88,354,4000,64,274,69,2490,3680,840,1750,1275,1055,328,4270,1835,220,99,2240,1225,3430,410,1925,510,1400,2860,0,3950,32250,0,4170,6450,2720,4130,6325,10225,4540
4/18/2023 16:00:00,9125,5175,4950,4738,6425,1730,1250,2090,130,1325,95,590,57,2800,1320,64,3940,1265,715,1330,228,950,890,2520,87,372,4000,63,272,68,2495,3700,845,1750,1315,1045,334,4270,1840,206,100,2260,1185,3450,404,1925,520,1445,3000,0,4040,33700,0,4020,6600,2720,4090,6350,10200,4440
4/26/2023 16:00:00,9200,5200,5025,4788,6700,1705,1260,2000,130,1260,95,590,56,2790,1320,65,3950,1255,725,1240,228,945,890,2560,89,390,4000,62,279,68,2500,4000,840,1790,1270,1040,312,4400,1885,208,99,2250,1150,3450,394,1925,520,1345,3100,0,4140,33875,0,4010,6600,2910,4100,6500,10200,4550
4/27/2023 16:00:00,9150,5200,5150,4750,6700,1675,1250,1995,130,1280,99,590,59,2810,1320,69,3980,1265,720,1255,226,955,890,2550,91,410,4000,63,279,69,2495,4000,795,1795,1185,1000,292,4320,1835,206,99,2200,1235,3500,404,1925,515,1365,3080,0,4130,33600,0,3980,6600,2840,4400,6425,10250,4630
4/28/2023 16:00:00,9050,5175,5100,4713,6750,1730,1245,2070,130,1280,104,605,59,2820,1375,67,3970,1255,675,1240,228,955,890,2550,91,402,4000,63,281,69,2495,4050,830,1750,1105,1030,286,4250,1895,202,97,2140,1180,3450,426,1925,530,1405,3130,0,4140,33300,0,3940,6975,2900,4400,6450,10575,4590
5/2/2023 16:00:00,9050,5250,5150,4775,6675,1685,1250,2130,130,1295,103,590,58,2770,1355,66,3970,1220,665,1245,228,950,890,2490,91,402,4000,62,278,69,2490,4080,865,1730,1040,1015,276,4190,1785,202,100,1995,1145,3620,418,1925,550,1405,2980,0,3860,31675,0,3860,6975,2910,4400,6500,10400,4630
5/3/2023 16:00:00,8925,5225,5100,4738,6625,1715,1225,2170,130,1295,100,580,58,2750,1355,66,3970,1210,655,1240,228,955,890,2480,92,394,4000,62,280,69,2490,4000,870,1735,1085,1050,284,4150,1730,198,95,1900,1125,3500,414,1925,550,1335,2940,0,3590,31750,0,3890,6900,3000,4400,6650,10750,4750
5/4/2023 16:00:00,9000,5175,5150,4650,6600,1750,1230,2140,130,1290,109,580,58,2750,1310,67,3980,1215,655,1265,230,955,890,2460,92,394,4000,63,287,70,2475,3990,870,1735,1070,1050,282,4150,1750,204,96,1995,1120,3420,410,1925,530,1365,2920,0,3410,31175,0,3880,7025,3020,4450,6625,10800,4810
5/5/2023 16:00:00,9000,5175,5225,4625,6150,1750,1220,2180,130,1270,106,580,58,2760,1305,66,3980,1205,645,1305,232,950,895,2480,95,394,4000,68,280,73,2495,3990,925,1715,1085,1040,280,4170,1685,202,94,2000,1115,3320,410,1925,535,1270,2790,0,3360,29650,0,3610,7000,2970,4490,6700,10875,4790
5/8/2023 16:00:00,9000,5125,5100,4575,6125,1755,1215,2240,131,1275,106,580,57,2760,1300,66,3980,1220,650,1375,232,950,890,2510,94,418,4000,66,284,77,2490,4000,950,1705,1135,1065,286,4060,1785,199,95,2060,1130,3350,424,1925,505,1350,2870,0,3490,30000,0,3390,6975,2960,4470,6875,11025,4680
5/9/2023 16:00:00,8925,5050,5125,4563,6325,1750,1295,2310,130,1290,109,585,58,2760,1310,66,3980,1210,645,1360,234,960,890,2530,96,408,4000,68,281,76,2485,3970,950,1720,1140,1090,286,4070,1760,200,96,2130,1125,3370,416,1925,500,1260,2890,0,3490,29875,0,3350,7075,2950,4390,6825,11000,4680
5/10/2023 16:00:00,8925,5075,5150,4600,6325,1795,1285,2340,130,1295,118,595,57,2770,1300,67,3980,1215,655,1350,234,955,890,2560,96,402,4000,68,281,76,2475,3970,985,1710,1135,1080,296,4130,1780,202,94,2010,1105,3370,416,1925,500,1200,2940,0,3490,30200,0,3350,6975,2920,4500,6900,10900,4680
5/11/2023 16:00:00,8825,5100,5150,4575,6250,1755,1290,2320,130,1300,116,595,57,2760,1295,67,3980,1210,650,1325,232,955,890,2550,94,408,3990,70,277,75,2485,3720,990,1710,1120,1070,290,4090,1755,202,94,2000,1200,3520,408,2000,500,1125,2800,0,3440,28275,0,3340,6900,2880,4430,6800,10975,4690
5/12/2023 16:00:00,8800,5000,5150,4500,6225,1810,1325,2490,130,1285,116,600,57,2740,1275,66,3980,1215,650,1405,232,965,890,2560,93,408,3990,70,279,75,2485,3680,1055,1720,1160,1080,290,3980,1740,202,95,2040,1220,3500,408,2000,490,1050,2760,0,3400,27825,0,3190,6700,2940,4400,6725,10875,4740
5/15/2023 16:00:00,8775,5050,5150,4450,6350,1720,1335,2450,130,1265,117,570,56,2780,1290,66,3980,1210,650,1415,234,965,890,2560,93,406,4000,71,278,74,2470,3720,1045,1720,1145,1095,286,3980,1765,200,96,2040,1220,3530,380,2000,492,1040,2660,0,3410,27750,0,3240,6700,2940,4500,6725,11000,5025
5/16/2023 16:00:00,8700,4990,5200,4375,6275,1600,1295,2420,130,1275,118,560,57,2750,1270,65,3980,1200,645,1460,232,960,890,2560,93,396,3990,68,277,75,2470,3600,1075,1730,1110,1075,278,3980,1745,202,95,2020,1190,3500,366,2000,545,1010,2670,0,3370,27500,0,3050,6475,2940,4510,6825,11000,4980
5/17/2023 16:00:00,8775,5000,5200,4375,6325,1600,1290,2380,130,1205,113,555,56,2740,1280,64,3980,1205,650,1425,234,950,890,2520,94,394,4010,68,278,73,2460,3700,1040,1720,1110,1080,284,3990,1710,200,94,2000,1130,3520,368,2000,525,1075,2540,0,3270,26300,0,3190,6500,2930,4460,6800,11000,5000
5/19/2023 16:00:00,9000,5075,5400,4413,6475,1710,1320,2410,130,1170,115,555,57,2780,1295,65,3980,1175,650,1445,234,955,890,2480,91,406,4010,67,272,73,2460,3700,1050,1710,1130,1080,284,4020,1700,198,94,2040,1115,3520,372,1925,540,1000,2410,0,3120,24700,0,3000,6400,2900,4430,6950,10950,4970
5/22/2023 16:00:00,9000,5225,5425,4425,6600,1695,1310,2530,130,1100,114,550,58,2890,1235,66,3970,1180,645,1455,234,950,890,2560,92,410,4080,67,278,73,2485,3700,1075,1715,1150,1090,284,4040,1700,199,95,2070,1170,3590,370,1925,555,930,2460,0,3160,25175,0,2950,6325,2880,4420,6900,11000,5075
5/23/2023 16:00:00,9125,5125,5500,4475,6600,1670,1280,2620,131,1070,115,550,57,2800,1225,67,3970,1190,645,1455,240,950,890,2610,97,404,4030,68,280,73,2480,3950,1085,1725,1130,1090,278,4040,1705,197,128,2070,1125,3510,368,1925,570,945,2290,0,3150,25475,0,2970,6450,2860,4450,6950,11175,4960
5/24/2023 16:00:00,9025,5075,5600,4413,6675,1680,1280,2550,131,1035,114,545,57,2790,1270,66,3970,1190,645,1420,242,945,890,2610,96,404,4000,67,280,72,2470,4000,1085,1730,1135,1090,280,4160,1700,194,120,2020,1070,3520,364,1920,575,880,2250,0,3110,24950,0,2970,6625,2810,4410,6950,11200,5100
5/25/2023 16:00:00,9050,5175,5475,4500,6600,1700,1260,2510,131,1035,111,540,56,2790,1290,65,3990,1190,655,1410,246,945,890,2590,95,404,4000,68,276,73,2480,3900,1070,1735,1120,1085,274,4120,1600,185,112,2030,1050,3600,358,1920,540,860,2120,0,3010,23800,0,2970,6550,2720,4410,7100,11200,5100
5/26/2023 16:00:00,9150,5125,5600,4475,6600,1735,1225,2340,130,1000,104,520,56,2760,1280,64,3990,1180,650,1450,244,940,890,2590,94,406,4000,67,277,74,2475,3900,1050,1725,1125,1080,272,4130,1535,187,105,1960,1055,3500,360,1920,565,885,2090,0,2940,23525,0,2970,6575,2740,4380,7200,11200,5175
5/29/2023 16:00:00,9150,5150,5550,4525,6600,1765,1230,2300,130,1010,108,484,56,2760,1270,63,3980,1175,650,1455,242,945,890,2580,96,404,4000,67,271,73,2465,3900,1030,1725,1100,1035,266,4200,1550,187,108,1970,1020,3590,360,1920,570,825,2070,0,2960,22975,0,2960,6450,2740,4550,7200,11175,5250
5/30/2023 16:00:00,9250,5150,5500,4513,6500,1740,1245,2420,131,1040,109,482,56,2770,1330,62,3980,1175,645,1455,242,945,890,2590,95,416,4000,67,276,73,2460,3890,1030,1735,1095,1030,264,4120,1570,188,111,1985,1110,3590,358,1920,570,775,2110,0,3090,23075,0,2960,6525,2670,4540,7150,11200,4960
5/31/2023 16:00:00,9050,5050,5575,4525,6450,1730,1280,2380,131,1020,147,450,55,2760,1305,60,4090,1215,650,1440,234,935,890,2590,94,404,4000,65,277,72,2455,3620,1020,1795,1085,1025,256,4040,1550,188,110,1900,1170,3520,352,1900,570,810,2040,0,3060,22125,0,3000,6300,2640,4530,7100,11700,4950
6/5/2023 16:00:00,9200,5075,5425,4500,6825,1735,1275,2500,130,1050,125,466,56,2760,1340,62,3980,1175,650,1445,234,940,890,2590,93,414,4000,66,276,71,2460,3100,1025,1780,1120,1035,260,4080,1550,188,112,1930,1185,3530,360,1990,575,895,2100,0,3150,22750,0,3030,6600,2720,4500,7250,11550,4900
6/6/2023 16:00:00,9150,5050,5450,4600,6800,1695,1315,2570,131,1075,119,484,56,2790,1335,63,3980,1190,650,1460,238,945,890,2590,93,410,4000,66,277,71,2450,2640,1105,1770,1140,1070,268,4090,1580,195,105,1925,1150,3580,360,1990,580,875,2220,0,3280,23675,0,3100,6600,2680,4460,7375,11300,4900
6/7/2023 16:00:00,9100,5025,5400,4575,6800,1710,1315,2630,130,1120,116,490,56,2800,1340,63,3980,1180,650,1465,238,940,890,2590,93,412,4000,66,275,71,2450,2250,1120,1790,1140,1050,262,4150,1570,199,104,1885,1140,3610,360,1990,635,895,2170,0,3190,22900,0,3140,6600,2680,4570,7450,11300,4980
6/8/2023 16:00:00,9125,5025,5475,4600,6775,1685,1305,2940,131,1270,125,500,57,2840,1340,64,3970,1180,650,1465,236,940,890,2580,95,412,4000,66,272,72,2450,2620,1110,1775,1135,1050,268,4170,1570,196,140,1900,1165,3550,374,2050,605,950,2200,0,3300,23525,0,3110,6475,2740,4600,7425,11300,5000
6/9/2023 16:00:00,9100,5125,5425,4613,6800,1680,1300,3190,134,1505,127,520,57,2820,1430,65,3970,1180,645,1460,238,945,890,2590,95,410,3990,66,274,72,2450,2230,1125,1780,1140,1060,268,4150,1565,197,127,1900,1165,3550,372,1950,600,900,2190,0,3380,23275,0,3100,6350,2700,4550,7425,11375,5025
6/12/2023 16:00:00,9150,5100,5400,4650,6775,1665,1310,3150,141,1880,124,525,56,2860,1520,66,3960,1180,645,1540,236,940,890,2600,96,432,4000,68,274,71,2450,2130,1135,1805,1160,1090,286,4050,1585,199,126,1870,1270,3620,368,1950,600,905,2210,0,3530,23550,0,3100,6400,2730,4610,7450,11300,5100
6/13/2023 16:00:00,9150,5100,5550,4563,6750,1660,1270,3080,136,2000,121,525,58,2870,1485,65,3950,1180,645,1580,236,945,890,2620,96,458,4000,67,277,72,2445,2290,1145,1815,1145,1070,280,4030,1670,197,120,1915,1350,3550,396,2000,600,905,2210,0,3490,23500,0,3070,6450,2740,4510,7350,11250,5025
6/14/2023 16:00:00,9075,5050,5550,4488,6900,1670,1260,3100,131,1945,116,530,57,2870,1520,64,3970,1180,650,1540,238,950,890,2620,95,492,4000,68,276,72,2450,2350,1110,1825,1135,1050,288,4000,1720,206,125,1925,1320,3560,390,2000,595,980,2250,0,3480,23525,0,3030,6525,2700,4440,7425,11300,5075
6/15/2023 16:00:00,9050,5125,5525,4550,6875,1680,1280,2920,132,1765,116,510,56,2880,1500,65,3980,1185,645,1545,240,950,890,2610,96,515,4000,68,274,73,2450,2320,1110,1815,1145,1080,294,4020,1685,200,123,1935,1310,3430,388,1960,600,975,2300,0,3630,24250,0,3030,6600,2650,4520,7450,11325,5100
6/16/2023 16:00:00,9050,5150,5550,4513,6850,1670,1280,2920,131,1640,117,515,57,2820,1480,65,3990,1180,645,1515,236,950,890,2620,96,492,4000,66,272,73,2465,2320,1085,1820,1120,1090,282,3970,1715,200,123,1900,1270,3640,386,1950,560,1030,2320,0,3820,24225,0,3040,6600,2580,4390,7275,11200,5200
6/19/2023 16:00:00,9000,5125,5525,4525,6875,1650,1300,2980,134,1820,117,505,56,2830,1385,66,3990,1180,650,1525,238,950,890,2630,96,500,4000,66,275,73,2450,2350,1105,1860,1110,1080,292,3960,1685,202,121,1905,1260,3680,382,1950,570,995,2260,0,3790,24000,0,3030,6500,2600,4380,7400,11250,5200
6/20/2023 16:00:00,9050,5100,5550,4538,6800,1645,1300,2910,133,1730,118,490,56,2870,1380,65,3970,1180,645,1540,234,955,890,2630,95,470,4000,66,269,72,2450,2350,1130,1850,1090,1070,282,3990,1705,204,124,1970,1315,3580,376,1950,595,955,2270,0,3850,23925,0,2910,6475,2580,4300,7150,11200,5225
6/21/2023 16:00:00,9125,5100,5575,4550,6925,1640,1340,3220,134,1805,118,500,56,2870,1410,65,3980,1180,645,1550,248,955,890,2660,94,490,4000,68,257,73,2445,2280,1140,1905,1110,1070,282,3980,1705,214,125,2020,1315,3600,384,1950,590,1005,2260,0,3850,24000,0,3010,6425,2590,4360,7375,11325,5225
6/22/2023 16:00:00,9050,5075,5475,4525,6775,1690,1330,3230,131,1795,115,500,56,2870,1410,66,3970,1175,645,1560,248,970,890,2670,96,545,4000,67,256,75,2450,2250,1160,1900,1145,1100,308,3940,1780,206,124,2170,1285,3500,396,2000,610,1005,2260,0,3780,24025,0,3030,6350,2590,4250,7225,11175,5150
6/23/2023 16:00:00,9050,5075,5400,4513,6775,1680,1330,3070,131,1750,113,486,56,2820,1370,65,3950,1170,645,1560,252,960,890,2680,94,525,4000,66,251,74,2455,2050,1135,1925,1125,1075,306,3950,1735,204,122,2110,1275,3500,382,2000,610,995,2230,0,3700,23900,0,3150,6300,2610,4270,7300,11175,5200
6/26/2023 16:00:00,9075,5125,5450,4563,6800,1665,1315,3220,130,1740,114,486,56,2960,1400,65,3970,1180,645,1570,256,1000,890,2700,95,550,4000,66,252,73,2450,2050,1150,1930,1105,1030,292,3990,1655,208,120,2110,1235,3480,386,1980,645,990,2210,0,3150,24000,0,3100,6300,2600,4230,7325,11325,5225
6/27/2023 16:00:00,9150,5200,5425,4575,6775,1690,1320,3180,131,1740,110,488,56,2930,1430,65,3970,1180,645,1585,256,975,890,2710,95,555,4200,67,265,73,2700,2140,1185,1915,1085,1020,284,4000,1670,206,114,2070,1230,3480,384,1980,665,935,2230,0,2680,24125,0,3060,6300,2580,4260,7350,11325,5275
7/3/2023 16:00:00,9075,5350,5475,4613,6825,1690,1315,3240,131,1710,112,476,56,3040,1440,64,3970,1180,645,1620,260,985,890,2770,94,600,4040,66,266,73,2500,2150,1190,1940,1145,1060,290,4000,1695,206,125,2270,1235,3440,386,1980,680,955,2330,0,2720,24675,0,3150,6275,2590,4310,7250,11575,5425
7/4/2023 16:00:00,9050,5250,5450,4550,6775,1790,1315,3460,134,1745,109,468,55,3080,1415,64,3960,1185,645,1610,256,995,890,2770,96,585,4090,68,266,75,2500,2190,1220,1960,1140,1070,292,3970,1720,208,134,2290,1225,3480,402,1980,805,945,2340,0,2730,24825,0,3220,6250,2600,4330,7375,11475,5500
7/5/2023 16:00:00,9050,5275,5450,4575,6775,1750,1305,3350,133,1720,109,464,56,3100,1410,65,3940,1185,650,1605,264,995,890,2770,95,610,4100,68,265,75,2513,2320,1230,2000,1245,1105,320,3980,1750,216,140,2240,1300,3390,404,1980,755,925,2420,0,2780,24925,0,3360,6325,2620,4310,7425,11450,5500
7/6/2023 16:00:00,9075,5300,5425,4550,6800,1710,1320,3300,134,1735,112,466,56,3130,1385,70,3930,1180,650,1605,270,980,890,2780,101,520,4080,71,265,75,2513,2300,1280,2020,1305,1175,330,3960,1760,220,153,2230,1290,3320,406,1980,750,920,2450,0,2810,25600,0,3410,6350,2740,4250,7450,11400,5375
7/7/2023 16:00:00,9025,5150,5375,4538,6825,1735,1310,3230,134,1710,108,460,56,3120,1350,72,3940,1185,650,1630,284,985,890,2730,109,565,4080,73,265,76,2538,2490,1290,1770,1285,1130,318,3960,1755,224,181,2220,1270,3350,400,1980,710,965,2380,0,2770,24850,1755,3330,6325,2680,4240,7275,11275,5375
7/10/2023 16:00:00,9050,5175,5400,4525,6775,1715,1310,3150,132,1840,108,468,57,3140,1380,71,3950,1185,650,1590,304,990,890,2760,108,575,4090,72,262,80,2495,2120,1280,1770,1265,1115,310,3950,1760,224,189,2170,1295,3340,408,2030,740,935,2420,0,2780,25450,1750,3350,6300,2710,4250,7250,11325,5375
7/11/2023 16:00:00,9025,5275,5425,4488,6800,1715,1325,3160,136,1900,106,476,57,3220,1385,83,3950,1185,655,1590,296,990,890,2760,111,695,4090,74,262,81,2513,2090,1260,1770,1300,1165,326,3980,1740,224,206,2180,1340,3300,406,2000,740,905,2430,0,2760,25650,1750,3350,6450,2770,4250,7300,11525,5475
7/12/2023 16:00:00,9175,5300,5450,4475,6775,1740,1305,3160,139,1800,108,480,59,3150,1360,96,3950,1185,650,1590,288,990,890,2760,117,680,4120,80,326,84,2525,2090,1265,1740,1230,1145,312,3980,1715,228,228,2170,1375,3370,406,1950,775,895,2370,0,2730,25250,1765,3390,6400,2780,4210,7400,11650,5450
7/13/2023 16:00:00,9125,5350,5450,4450,6800,1705,1320,3210,134,1810,109,482,59,3160,1400,93,3950,1190,650,1580,282,985,890,2750,130,605,4070,79,329,83,2513,2030,1255,1725,1190,1125,304,3920,1675,224,236,2150,1360,3380,400,1930,900,915,2320,0,2740,24900,1760,3380,6475,2780,4250,7450,11700,5400
7/14/2023 16:00:00,9200,5400,5525,4463,6750,1695,1320,3200,136,1810,113,480,60,3140,1390,98,3950,1195,650,1580,302,985,890,2750,127,630,4080,79,326,82,2525,2020,1280,1735,1235,1140,308,3930,1690,224,232,2140,1355,3420,400,1950,895,930,2360,0,2770,25200,1780,3330,6375,2770,4250,7450,11775,5475
7/17/2023 16:00:00,9175,5375,5575,4475,6675,1680,1365,3200,134,1815,118,482,59,3130,1355,96,3950,1215,665,1595,294,980,890,2760,121,630,4060,79,315,82,2525,2050,1260,1745,1240,1130,308,3910,1705,234,230,2200,1310,3390,400,1950,1000,905,2380,0,2790,25425,1800,3260,6400,2770,4270,7300,11650,5425
7/18/2023 16:00:00,9150,5350,5625,4450,6575,1670,1370,3020,132,1760,115,472,58,3110,1325,87,3960,1210,660,1580,286,980,885,2730,117,615,4090,79,310,81,2500,2040,1270,1745,1220,1115,302,3850,1650,230,230,2190,1315,3400,392,1950,965,875,2330,0,2750,25250,1875,3160,6425,2750,4270,7350,11750,5325
7/20/2023 16:00:00,9150,5525,5625,4525,6525,1675,1370,3020,134,1740,114,472,58,3130,1370,91,3940,1215,660,1585,290,980,890,2760,116,590,4060,77,296,82,2500,2040,1285,1740,1225,1130,306,3850,1705,228,230,2320,1365,3420,392,1930,955,905,2370,0,2770,25500,1845,3340,6550,2800,4220,7325,11475,5200
7/21/2023 16:00:00,9150,5550,5625,4525,6450,1690,1360,3040,132,1720,113,466,59,3120,1370,87,3950,1210,660,1605,294,980,885,2730,116,605,4110,76,296,82,2525,2020,1285,1735,1210,1105,300,3860,1685,230,228,2260,1360,3470,386,1930,945,895,2420,0,2790,26775,1875,3360,6600,2870,4290,7325,11500,5175
7/24/2023 16:00:00,9100,5500,5600,4513,6550,1690,1325,2960,133,1850,111,464,59,3280,1355,90,3960,1215,670,1610,296,985,890,2740,111,655,4120,77,293,82,2513,2030,1270,1740,1255,1115,306,3900,1690,236,230,2140,1365,3520,386,1930,900,900,2470,0,2880,28000,2010,3370,6575,2840,4290,7275,11525,5075
7/25/2023 16:00:00,9150,5550,5650,4513,6500,1665,1310,2990,131,1805,114,460,59,3220,1335,88,3960,1220,665,1605,296,980,890,2760,107,655,4100,77,290,82,2500,2020,1255,1740,1230,1110,302,3880,1675,238,228,2150,1395,3530,380,1930,920,910,2430,0,2850,27525,2300,3400,6650,2810,4050,7175,11225,5000
7/26/2023 16:00:00,9350,5575,5675,4475,6600,1665,1315,2980,133,1775,113,456,60,3200,1340,88,3960,1215,660,1595,294,980,875,2770,111,685,4190,77,287,86,2513,2000,1235,1735,1255,1115,306,3880,1720,238,228,2190,1410,3590,380,1930,865,950,2500,0,2880,28125,2280,3380,6700,2830,3970,7175,11175,5000
7/27/2023 16:00:00,9225,5625,5650,4450,6525,1660,1310,3010,131,1765,111,458,60,3200,1305,86,3960,1210,660,1610,294,975,880,2730,111,695,4190,77,290,86,2513,2030,1210,1740,1305,1130,312,3720,1695,250,194,2130,1445,3610,386,1930,770,945,2450,0,2830,28025,2470,3380,6650,2750,3840,7250,11175,4980
7/28/2023 16:00:00,9125,5700,5700,4438,6625,1650,1300,3010,132,1800,111,458,59,3160,1280,83,3960,1205,660,1610,288,980,885,2700,108,685,4300,75,287,86,2588,2000,1205,1785,1285,1120,310,3720,1670,246,165,2150,1400,3630,388,1935,870,950,2470,0,2800,27875,2660,3290,6825,2730,3870,7325,11200,4960
7/31/2023 16:00:00,9125,5725,5650,4438,6850,1655,1315,2910,131,1810,113,454,59,3060,1320,85,3960,1190,660,1690,288,970,875,2730,106,650,4500,75,290,85,2675,2010,1210,1755,1280,1115,306,3720,1610,244,165,2130,1380,3660,386,1950,860,940,2410,0,2770,27200,2810,3510,6875,2700,3850,7325,11200,5175
8/1/2023 16:00:00,9125,5650,5700,4338,6875,1645,1300,2940,130,1755,112,432,57,3000,1290,87,3960,1185,660,1670,274,970,855,2720,104,650,4460,80,281,83,2563,1995,1210,1745,1260,1100,298,3750,1565,242,165,2130,1365,3550,380,1950,855,900,2390,0,2730,27000,2800,3470,6900,2860,3770,7000,11075,5200
8/2/2023 16:00:00,9200,5700,5700,4438,6850,1605,1290,2650,131,1585,109,418,57,2990,1270,85,3960,1180,655,1670,268,970,875,2730,103,670,4340,76,272,82,2600,1990,1210,1735,1265,1075,290,3690,1555,238,163,2120,1385,3560,360,1950,825,925,2370,0,2740,26625,2830,3440,6875,2880,3690,7050,11175,5100
8/3/2023 16:00:00,9250,5800,5700,4475,6825,1600,1295,2670,130,1655,109,416,58,3010,1290,85,3960,1185,655,1670,278,975,870,2730,103,670,4340,77,270,83,2700,2000,1205,1745,1320,1085,306,3720,1575,244,163,2110,1380,3550,368,1900,820,980,2360,0,2740,27175,2830,3440,6775,2880,3770,7050,11200,5075
8/4/2023 16:00:00,9150,5775,5575,4500,6800,1610,1290,2650,130,1645,108,408,58,2980,1280,83,3960,1185,660,1710,278,975,870,2730,104,675,4340,77,270,82,2638,2020,1210,1745,1330,1085,302,3690,1560,242,163,2090,1330,3540,368,1900,815,955,2400,0,2780,27225,2870,3430,6775,2820,3740,7050,11250,5025
8/7/2023 16:00:00,9275,5875,5700,4500,6875,1665,1310,2600,130,1620,109,402,57,3090,1255,88,3960,1185,660,1780,276,975,870,2770,106,700,4400,78,270,84,2625,2020,1260,1745,1410,1120,314,3680,1565,240,162,2110,1285,3540,374,1930,815,975,2380,0,2770,27225,2930,3370,6675,2780,3720,7075,11125,5100
8/8/2023 16:00:00,9200,5900,5625,4463,6850,1670,1305,2730,130,1620,104,408,58,3050,1275,89,3960,1190,660,1790,280,975,870,2750,105,695,4440,78,274,83,2613,1995,1255,1735,1385,1110,314,3730,1580,240,163,2160,1300,3500,372,1900,820,985,2370,0,2770,27475,2960,3370,6525,2780,3750,7000,11150,5125
8/9/2023 16:00:00,9400,5900,5700,4538,6875,1675,1305,2600,131,1550,93,392,56,3040,1240,92,3960,1190,660,1775,280,965,875,2770,106,705,4500,78,279,82,2575,2010,1245,1730,1365,1105,310,3770,1570,240,163,2150,1285,3500,362,1900,810,950,2400,0,2780,27950,3000,3360,6450,2850,3720,6975,11100,5300
8/10/2023 16:00:00,9400,5975,5700,4550,6750,1660,1295,2560,131,1555,94,392,55,3010,1230,91,3970,1185,655,1785,284,970,865,2760,107,695,4380,77,281,81,2550,1965,1240,1730,1325,1105,302,3800,1595,244,166,2130,1265,3650,364,1900,785,935,2410,0,2790,28375,3000,3280,6375,2780,3680,7075,11450,5250
8/11/2023 16:00:00,9400,5925,5650,4550,6750,1645,1295,2600,130,1520,91,394,55,3000,1230,91,3970,1180,660,1775,282,970,865,2760,105,680,4280,78,287,81,2538,1975,1235,1730,1340,1100,306,3810,1580,248,167,2170,1255,3650,364,1900,770,920,2350,0,2770,27600,3000,3280,6325,2830,3700,7050,11475,5250
8/14/2023 16:00:00,9350,5950,5650,4600,6800,1685,1300,2620,131,1510,91,388,55,3000,1250,85,3990,1185,660,1765,282,970,850,2760,100,665,4350,76,298,80,2575,1960,1225,1725,1350,1115,312,3830,1575,248,169,2150,1230,3650,370,1900,770,930,2390,0,2780,28075,3080,3260,6400,2890,3730,7050,11400,5325
8/15/2023 16:00:00,9300,5800,5575,4550,6725,1725,1300,2580,131,1530,97,388,58,3010,1265,87,3970,1195,660,1765,280,970,865,2770,100,650,4410,76,296,82,2575,1975,1200,1740,1360,1100,312,3820,1635,248,171,2160,1270,3590,374,1950,740,930,2510,0,2790,28250,3190,3210,6375,2910,3730,7000,11475,5325
8/16/2023 16:00:00,9300,5800,5525,4550,6750,1705,1300,2640,131,1615,93,388,57,3000,1270,84,3970,1185,660,1740,280,965,860,2770,102,670,4330,77,296,82,2588,2010,1200,1735,1360,1100,306,3830,1630,246,169,2130,1250,3420,372,1950,740,915,2520,0,2770,28200,3300,3180,6150,2940,3730,7100,11675,5275
8/18/2023 16:00:00,9250,5775,5575,4525,6525,1710,1295,2590,130,1575,92,384,56,3000,1275,84,3970,1180,660,1740,278,970,850,2760,102,645,4380,77,298,83,2588,1995,1180,1730,1355,1095,306,3760,1625,242,179,2150,1235,3410,370,1950,735,905,2540,0,2790,28050,3350,3180,6075,2900,3690,7050,11700,5225
8/21/2023 16:00:00,9175,5825,5500,4563,6475,1700,1280,2510,130,1550,88,368,55,2970,1235,84,3980,1175,660,1705,278,960,885,2730,100,620,4390,79,298,82,2575,1990,1150,1735,1325,1070,300,3740,1640,242,153,2130,1245,3250,362,1950,735,910,2620,0,2800,28225,3440,3270,6025,2990,3710,7000,11675,5225
8/22/2023 16:00:00,9300,5950,5575,4550,6550,1670,1270,2520,130,1540,88,358,55,2940,1200,85,3980,1180,655,1690,278,960,890,2700,100,630,4420,78,301,80,2575,1960,1155,1725,1340,1080,300,3750,1725,238,152,2140,1235,3250,356,1930,720,930,2700,0,2990,29400,3610,3300,6050,2910,3710,7000,11525,5200
8/23/2023 16:00:00,9300,5850,5600,4538,6550,1685,1270,2500,131,1540,86,358,56,2940,1215,85,3950,1175,655,1730,280,955,840,2730,100,620,4490,76,298,81,2538,1980,1175,1725,1350,1090,302,3740,1690,252,151,2150,1235,3240,356,1930,695,975,2700,0,3020,29600,3830,3250,5975,2930,3750,7075,11500,5125
8/24/2023 16:00:00,9200,5950,5550,4563,6475,1680,1275,2500,130,1535,85,364,55,2940,1225,87,3950,1175,655,1700,284,955,890,2750,100,635,4460,77,276,79,2525,1960,1160,1725,1350,1075,296,3720,1670,250,156,2160,1305,3110,360,1930,695,960,2670,0,2950,29150,3950,3200,5975,2890,3720,7025,11350,5125
8/25/2023 16:00:00,9275,5900,5600,4550,6450,1685,1265,2420,130,1530,84,352,55,2930,1220,85,3950,1180,655,1685,280,955,830,2750,101,620,4500,78,269,79,2575,1955,1130,1725,1375,1075,300,3720,1630,242,162,2150,1255,3280,354,1930,685,940,2590,0,2910,28700,4140,3220,5950,2890,3760,7125,11425,5150
8/28/2023 16:00:00,9200,6000,5550,4550,6425,1695,1275,2410,131,1510,85,354,57,2930,1235,84,3950,1175,660,1680,280,955,890,2740,100,615,4450,79,281,79,2550,1980,1135,1720,1355,1060,298,3700,1695,258,156,2220,1295,3150,356,1930,685,945,2680,0,2970,29225,4280,3180,5975,2870,3780,7100,11300,5225
8/29/2023 16:00:00,9250,5950,5600,4575,6400,1685,1270,2390,130,1510,91,356,60,2930,1200,86,3950,1185,660,1735,290,955,890,2740,102,595,4450,78,280,80,2550,1960,1135,1720,1350,1060,298,3720,1680,252,157,2210,1300,3150,352,1930,680,915,2680,0,2960,29050,4470,3190,6000,2900,3760,7150,11375,5325
8/30/2023 16:00:00,9200,5975,5525,4600,6450,1685,1270,2290,130,1510,91,332,60,2950,1220,87,3950,1185,660,1715,290,950,890,2730,101,585,4410,78,277,80,2563,1950,1125,1720,1315,1065,294,3810,1700,254,157,2210,1280,3050,350,1920,670,935,2690,0,2910,29175,4500,3380,5950,2900,3740,7050,11250,5200
8/31/2023 16:00:00,9175,6025,5550,4588,6450,1710,1255,2330,131,1630,96,344,56,2930,1200,86,3950,1185,655,1700,284,940,890,2740,104,575,4600,77,270,80,2700,1945,1120,1715,1305,1055,292,3730,1665,250,155,2160,1270,3160,350,1920,700,935,2670,0,2860,28925,4530,3380,5900,2900,3670,7100,11200,5175
9/1/2023 16:00:00,9225,6075,5575,4588,6550,1685,1250,2300,130,1620,95,326,56,2930,1210,84,3930,1190,660,1705,290,945,890,2730,102,605,4580,77,270,79,2625,1955,1145,1715,1295,1050,290,3720,1650,260,157,2180,1295,3080,350,1920,705,925,2680,0,2880,29200,4750,3390,5925,2880,3660,7000,11200,5125
9/4/2023 16:00:00,9225,6100,5625,4725,6600,1670,1255,2220,130,1590,93,326,56,2940,1215,83,3930,1185,655,1690,288,950,890,2730,100,590,4600,77,271,79,2563,1835,1135,1715,1290,1060,290,3730,1735,254,157,2190,1285,3090,320,1920,700,995,2740,0,2920,30975,4970,3410,5975,2850,3660,6900,11200,5000
9/5/2023 16:00:00,9225,6100,5625,4813,6600,1645,1250,2170,131,1565,90,326,56,2970,1195,83,3920,1185,660,1685,292,940,890,2720,101,590,4490,77,262,80,2563,1885,1120,1725,1290,1060,292,3740,1695,262,158,2110,1325,3020,324,1920,700,1010,2740,0,2930,30925,4990,3440,6000,2840,3620,6850,11175,5025
9/6/2023 16:00:00,9150,6050,5575,4788,6525,1660,1245,2170,130,1550,91,326,55,2990,1170,83,3930,1190,660,1700,294,940,890,2720,100,590,4470,76,265,80,2563,1920,1115,1720,1325,1070,302,3790,1715,272,158,2020,1305,3090,318,1920,700,1065,2870,0,2990,31100,5200,3450,6000,2810,3650,6875,11050,5000
9/7/2023 16:00:00,9175,5875,5450,4750,6400,1640,1240,2290,130,1595,94,326,55,2960,1175,84,3930,1180,655,1700,292,940,885,2730,102,590,4450,76,267,78,2575,1920,1090,1715,1330,1075,296,3760,1665,270,159,1975,1300,3080,320,1925,680,1025,2880,0,2920,30750,5400,3390,6000,2900,3630,6950,11200,5025
9/8/2023 16:00:00,9125,5900,5350,4688,6400,1640,1250,2300,131,1555,93,324,56,2920,1150,83,3920,1175,650,1695,284,935,890,2730,100,605,4410,76,267,78,2538,1940,1100,1720,1360,1075,300,3690,1675,270,159,1975,1290,3080,330,1925,675,995,2890,0,2930,30750,5600,3210,5875,2870,3610,6925,11125,4910
9/11/2023 16:00:00,9125,5925,5425,4725,6375,1655,1245,2420,130,1565,89,330,56,2870,1175,83,3880,1180,650,1680,268,930,890,2720,99,600,4420,78,267,78,2613,1930,1130,1720,1395,1080,304,3700,1635,266,159,2010,1310,3070,330,1925,680,1015,2800,0,2880,30375,5500,3180,5875,2950,3650,6950,11175,5000
9/12/2023 16:00:00,9100,5875,5375,4650,6300,1640,1240,2340,131,1560,88,320,55,2830,1190,83,3880,1175,650,1660,264,925,885,2720,101,600,4430,78,271,79,2613,1930,1105,1720,1370,1055,296,3710,1635,252,159,1995,1310,3060,322,1940,670,995,2810,0,2870,28100,5800,3140,5875,2980,3620,6850,11200,4990
9/13/2023 16:00:00,9075,5850,5400,4675,6300,1655,1240,2360,131,1560,87,318,54,2870,1180,80,3900,1175,650,1630,260,930,890,2720,99,585,4420,77,276,79,2500,1915,1115,1715,1365,1055,288,3710,1745,254,158,1975,1235,3100,322,1965,690,1005,2860,0,2830,28425,5825,3140,5800,2960,3590,6900,11200,5000
9/14/2023 16:00:00,9100,5825,5425,4725,6325,1660,1230,2330,131,1540,88,310,55,2880,1175,79,3870,1175,650,1640,260,930,890,2730,99,595,4420,77,276,81,2500,1915,1105,1720,1350,1060,290,3680,1690,248,158,1960,1220,3120,320,1940,695,1110,2910,0,2890,29350,5775,3150,5850,2840,3560,6700,11000,5025
9/15/2023 16:00:00,9000,5925,5375,4738,6300,1655,1220,2250,131,1535,92,296,54,2880,1150,78,3750,1180,650,1725,264,935,890,2730,98,590,4310,75,270,80,2550,1915,1120,1720,1340,1050,290,3720,1695,248,152,1940,1240,3120,320,1930,685,1125,2840,0,2850,29000,5600,3150,5900,2900,3500,6750,10975,5075
9/18/2023 16:00:00,9000,5900,5325,4675,6300,1605,1220,2220,130,1505,92,296,52,2860,1145,79,3890,1175,640,1705,264,920,880,2730,100,590,4300,72,265,81,2513,1905,1110,1715,1270,1040,282,3680,1680,256,155,1925,1245,3080,312,1930,705,1115,2840,0,2840,28675,5150,3100,5900,2900,3470,6600,10850,4950
9/19/2023 16:00:00,9075,6000,5375,4725,6350,1620,1235,2290,130,1585,90,350,52,2860,1115,79,3680,1175,645,1705,270,930,885,2730,99,575,4380,73,265,81,2550,1920,1095,1715,1285,1045,284,3730,1745,256,154,1940,1230,3150,320,1930,710,1120,2900,0,2880,29000,5350,3290,5750,2900,3580,6675,10825,4900
9/20/2023 16:00:00,9150,6075,5375,4788,6300,1715,1235,2270,130,1565,90,336,53,2860,1140,79,3880,1175,645,1695,272,930,890,2740,99,580,4600,73,268,81,2625,1920,1110,1715,1270,1040,286,3810,1910,258,155,1950,1235,3190,324,1930,690,1135,2960,0,2870,29000,5275,3260,5725,2900,3630,6800,10850,4910
9/21/2023 16:00:00,9125,6000,5350,4800,6200,1650,1230,2220,130,1575,88,322,52,2880,1110,80,3700,1170,640,1685,266,930,890,2740,99,565,4580,73,268,82,2650,1965,1095,1715,1230,1035,284,3810,1905,258,154,1920,1195,3080,316,1930,635,1120,2950,0,2820,28775,5275,3210,5675,2880,3770,6700,11200,4950
9/22/2023 16:00:00,9075,6000,5350,4875,6200,1640,1230,2230,131,1555,87,328,52,2880,1100,79,3700,1175,640,1695,266,935,890,2730,99,560,4570,75,267,84,2650,1930,1095,1715,1235,1030,286,3860,1915,260,154,1920,1190,3080,318,1930,635,1150,2950,0,2860,28900,5450,3240,5700,2900,3850,6775,11350,4970
9/25/2023 16:00:00,9000,6000,5300,5025,6250,1620,1230,2210,131,1545,87,322,52,2880,1100,77,3670,1180,640,1700,268,955,890,2720,99,560,4530,73,266,85,2575,1925,1085,1720,1225,1025,282,3770,1890,260,151,1900,1220,3010,314,1930,635,1170,2950,0,2850,29075,5675,3110,5675,2910,3820,6775,11250,4970
9/26/2023 16:00:00,8950,5925,5200,4988,6200,1605,1225,2120,130,1515,87,310,51,2870,1090,80,3660,1170,640,1690,268,950,890,2720,98,540,4520,74,267,82,2588,1950,1075,1715,1190,1020,282,3760,1865,258,154,1880,1205,3010,308,1930,620,1115,2770,0,2810,28500,5675,3000,5575,2960,3820,6700,11175,5375
9/27/2023 16:00:00,8875,6000,5225,5063,6150,1615,1225,2030,130,1505,86,308,51,2860,1135,78,3660,1170,635,1700,264,940,890,2710,100,525,4590,73,266,83,2638,1900,1075,1715,1200,1025,284,3720,1815,258,161,1890,1260,3000,308,1900,640,1130,2870,0,2800,28375,5650,3030,5625,2930,3770,6750,11000,5375
9/29/2023 16:00:00,8825,6025,5225,5163,6225,1625,1220,2020,131,1520,85,310,52,2860,1145,79,3850,1170,635,1690,266,925,890,2700,99,550,4690,74,270,84,2750,1895,1090,1715,1250,1035,292,3750,1760,254,159,1905,1220,3110,304,1925,640,1085,2850,0,2800,28975,5925,2880,5650,2960,3740,6625,11075,5425
10/2/2023 16:00:00,9075,6050,5250,5150,6275,1615,1240,2040,130,1505,85,306,50,2870,1100,79,3850,1170,635,1690,264,930,890,2700,99,560,4560,74,270,83,2638,1905,1135,1715,1255,1030,290,3750,1785,254,163,1905,1270,3290,304,1925,665,1070,2810,0,2800,28675,6100,2670,5575,2950,3700,6750,11100,5425
10/3/2023 16:00:00,9200,6075,5275,5213,6200,1540,1260,2040,130,1430,83,320,51,2850,1095,76,3850,1165,630,1675,262,925,885,2700,101,540,4550,73,287,83,2638,1940,1115,1715,1235,1025,284,3770,1690,248,176,1900,1265,3340,296,1925,640,1075,2690,0,2740,28050,6300,2520,5575,2950,3590,6725,10950,5525
10/4/2023 16:00:00,9200,6125,5250,5188,6075,1510,1250,2020,130,1365,82,302,51,2820,1080,75,3850,1155,630,1660,258,930,875,2690,99,520,4550,72,274,82,2625,1885,1115,1715,1230,1010,276,3780,1610,244,148,1885,1210,3450,284,1925,625,1000,2660,0,2690,27200,6150,2520,5425,2870,3580,6750,11200,5450
10/5/2023 16:00:00,9075,6125,5175,5188,6025,1545,1245,2010,131,1325,84,302,50,2810,1075,75,3850,1150,625,1660,256,940,885,2690,99,510,4590,71,276,82,2638,1895,1110,1715,1260,1015,280,3720,1620,246,137,1865,1215,3620,284,2000,640,950,2610,0,2660,26325,6300,2430,5350,2900,3660,6875,11625,5625
10/6/2023 16:00:00,9025,6025,5175,5200,6075,1540,1255,1995,130,1320,84,298,50,2780,1075,76,3850,1150,625,1640,256,940,890,2610,98,510,4590,71,275,82,2638,1885,1105,1720,1260,1015,278,3780,1630,242,139,1865,1225,3660,288,1920,685,980,2650,0,2660,26450,6275,2410,5525,2730,3800,6875,11500,5675
10/9/2023 16:00:00,9050,5900,5125,5100,6125,1560,1255,1985,130,1340,83,298,51,2780,1045,75,3850,1160,630,1690,260,940,890,2670,98,510,4600,70,272,82,2625,1880,1100,1715,1230,1015,276,3760,1675,240,138,1885,1215,3550,284,1920,660,985,2770,975,2720,26975,6425,2580,5675,2820,3720,6850,11100,5575
10/10/2023 16:00:00,8925,6000,5175,5200,6050,1565,1250,1930,131,1350,82,300,51,2790,1100,75,3990,1150,625,1695,260,930,890,2670,99,525,4500,71,276,82,2638,1930,1105,1715,1230,1025,278,3810,1655,236,139,1875,1235,3600,282,1920,660,990,2780,1215,2750,27150,6500,2650,5625,2900,3670,6800,10850,5550
10/11/2023 16:00:00,8925,6050,5250,5175,6050,1555,1240,1870,132,1325,79,302,51,2830,1075,75,3970,1150,625,1700,260,930,890,2670,98,545,4490,70,274,82,2613,1900,1125,1710,1230,1035,278,3780,1660,240,138,1855,1245,3700,290,1920,650,985,2760,1515,2740,27475,6700,2540,5550,2880,3610,6750,10700,5450
10/12/2023 16:00:00,9050,6075,5300,5325,5950,1585,1245,1770,131,1320,73,298,54,2820,1085,76,3950,1155,630,1700,260,925,885,2650,98,540,4590,69,274,82,2613,1940,1145,1715,1215,1035,278,3830,1630,250,138,1850,1270,3700,286,1920,670,1000,2690,1890,2710,26850,6675,2550,5475,2850,3630,6725,10975,5100
10/13/2023 16:00:00,9075,6075,5275,5175,5975,1540,1245,1620,131,1290,67,278,53,2770,1070,75,3980,1155,625,1710,260,925,885,2660,98,530,4600,70,272,81,2588,1900,1135,1715,1245,1035,274,3850,1615,252,136,1850,1275,3700,282,1920,705,995,2710,2360,2690,27200,6600,2550,5425,2810,3650,6700,10875,5200
10/16/2023 16:00:00,9100,6025,5250,5200,5850,1525,1235,1830,130,1260,66,268,51,2680,1050,74,3940,1150,625,1705,256,915,890,2630,97,515,4500,67,272,82,2588,1915,1120,1710,1235,1020,268,3760,1580,250,136,1850,1265,3680,274,1915,690,980,2780,2750,2710,27475,6150,2600,5525,2800,3650,6725,10900,5200
10/17/2023 16:00:00,8950,6000,5150,5200,5850,1540,1235,1840,130,1260,65,264,52,2720,1095,75,3970,1155,620,1715,258,925,890,2620,98,515,4650,67,271,82,2600,1950,1110,1710,1225,1010,268,3790,1560,254,135,1835,1300,3590,272,1915,690,995,2770,3430,2720,27575,6250,2580,5650,2790,3830,6850,10900,5225
10/18/2023 16:00:00,8850,5850,5150,5125,5825,1535,1225,1720,130,1255,63,270,51,2690,1145,75,3900,1160,625,1685,254,915,890,2620,96,515,4500,67,274,82,2600,1915,1130,1705,1220,1010,272,3750,1640,270,136,1870,1310,3690,272,1915,710,985,2840,3790,2720,27850,6375,2490,5750,2810,3820,6800,10625,5350
10/19/2023 16:00:00,8750,5725,5000,4940,5725,1510,1210,1700,130,1230,64,254,51,2690,1105,73,3950,1150,615,1655,252,900,890,2620,95,500,4600,65,268,80,2600,1930,1110,1695,1175,1010,266,3730,1600,258,135,1700,1270,3650,262,1965,735,980,2820,4050,2690,27950,6450,2480,5775,2810,3810,6750,10425,5200
10/20/2023 16:00:00,8975,5750,5050,4970,5700,1520,1210,1710,130,1200,60,248,51,2680,1090,71,3970,1135,610,1675,252,910,890,2610,93,494,4500,66,271,79,2638,1945,1100,1690,1160,1010,266,3700,1590,260,134,1605,1275,3600,256,1965,710,995,2800,4030,2720,28150,6575,2490,5750,2800,3860,6675,10600,5200
10/23/2023 16:00:00,8850,5675,5000,4990,5600,1490,1190,1695,130,1195,63,236,51,2630,1015,71,3980,1110,600,1645,246,900,890,2600,93,474,4590,66,267,78,2613,1900,1075,1675,1145,1000,260,3610,1515,246,134,1555,1255,3620,246,1920,705,980,2660,3740,2660,27375,6575,2380,5575,2760,3840,6600,10500,4950
10/24/2023 16:00:00,8775,5750,5100,5000,5800,1545,1225,1720,131,1215,63,246,51,2630,1015,71,3990,1120,610,1660,250,910,890,2550,92,476,4630,68,268,79,2650,1835,1090,1685,1145,1000,262,3650,1515,246,135,1580,1260,3700,260,1920,720,1000,2660,3800,2670,27400,6425,2380,5675,2820,3990,6725,10800,5050
10/25/2023 16:00:00,8875,5850,5175,4970,5775,1525,1220,1660,132,1215,60,238,51,2670,1030,70,3970,1135,615,1700,250,915,885,2600,91,496,4530,68,268,79,2700,1895,1100,1675,1165,995,268,3600,1515,266,134,1600,1255,3700,258,1920,730,980,2670,3820,2690,27250,6500,2420,5525,2920,4080,6750,10450,5250
10/26/2023 16:00:00,8725,5700,4920,4880,5725,1515,1195,1605,131,1195,57,228,51,2640,1000,71,3990,1115,605,1675,248,905,885,2600,90,496,4520,67,266,79,2675,1895,1090,1660,1150,1000,270,3480,1480,258,134,1575,1270,3700,246,1920,730,980,2650,3800,2660,26850,6550,2300,5400,2850,3980,6750,10275,5050
10/27/2023 16:00:00,8700,5700,5000,4850,5725,1530,1205,1610,130,1200,56,226,50,2650,1000,72,4030,1120,610,1695,252,905,890,2570,90,496,4500,68,266,79,2750,1930,1110,1660,1155,995,274,3500,1430,248,133,1565,1325,3430,244,1950,710,995,2640,4060,2660,26975,6675,2330,5125,2820,3980,6750,10525,5450
10/30/2023 16:00:00,8850,5725,5000,4850,5800,1510,1215,1565,130,1190,56,210,50,2640,1000,72,4080,1130,605,1705,250,900,890,2550,88,498,4500,65,257,79,2675,1900,1115,1650,1145,995,270,3420,1455,250,130,1565,1185,3690,234,1950,740,980,2540,4500,2590,26250,6750,2340,5225,2890,3790,6725,10525,5425
10/31/2023 16:00:00,8750,5675,4960,4790,5775,1500,1225,1575,131,1195,60,224,51,2740,1025,72,4140,1135,605,1730,248,905,885,2540,89,486,4700,66,258,78,2750,1915,1110,1610,1135,995,272,3490,1430,246,130,1575,1160,3600,224,1950,740,975,2560,4580,2480,26525,6500,2230,4950,2890,3620,6650,10350,5800
11/1/2023 16:00:00,8600,5650,4830,4820,5800,1490,1195,1535,130,1160,62,216,50,2710,1020,70,4140,1115,600,1720,242,910,890,2520,90,468,4690,67,257,78,2675,1905,1090,1595,1115,985,262,3620,1420,244,129,1580,1135,3680,222,1950,750,945,2410,4290,2360,25025,6650,2300,4840,2850,3580,6650,10375,5375
11/2/2023 16:00:00,8850,5900,5000,4870,5800,1500,1205,1610,130,1195,71,224,50,2720,1050,71,4190,1125,600,1720,244,910,890,2550,89,488,4630,68,253,79,2625,1895,1110,1585,1070,980,264,3620,1425,250,129,1625,1160,3680,230,1950,765,965,2390,4050,2380,25225,6900,2400,4850,2850,3590,6475,10350,5375
11/3/2023 16:00:00,8900,5825,5100,4890,5900,1505,1200,1800,131,1310,70,234,50,2750,1045,72,4160,1125,610,1735,248,910,920,2570,90,496,4680,69,257,79,2675,1915,1115,1590,1065,990,264,3570,1455,248,131,1615,1145,3680,240,1915,780,965,2490,4140,2390,25450,6700,2450,4930,2900,3550,6375,10450,5500
11/6/2023 16:00:00,9050,5925,5200,4970,5925,1520,1215,1945,131,1315,76,240,50,2710,1040,73,4150,1135,610,1745,246,910,940,2600,91,500,4560,67,257,79,2688,1915,1115,1580,1065,1005,268,3650,1495,250,129,1730,1135,3600,244,1915,800,965,2530,4290,2400,25650,6825,2510,4920,2810,3620,6350,10475,5475
11/7/2023 16:00:00,8975,5875,5250,4940,5825,1500,1210,1960,130,1275,77,232,50,2720,1070,72,4150,1135,615,1725,244,910,875,2610,90,492,4540,67,257,78,2650,1915,1105,1575,1055,995,262,3570,1460,246,128,1700,1110,3600,238,1915,815,955,2470,4390,2360,25350,6850,2510,4940,2890,3570,6375,10475,5550
11/8/2023 16:00:00,9000,5850,5225,4880,5725,1465,1210,1910,130,1245,76,228,51,2690,1075,72,4160,1125,610,1715,244,920,890,2610,88,484,4540,67,256,78,2638,1920,1090,1560,1045,960,266,3520,1435,250,127,1745,1095,3640,234,1915,800,975,2440,4400,2330,24725,6775,2360,4820,2900,3600,6350,10475,5675
11/9/2023 16:00:00,9000,5875,5200,4860,5750,1475,1210,2070,130,1295,75,252,50,2700,1105,71,4160,1130,610,1705,244,950,890,2610,90,486,4520,68,256,79,2638,1920,1085,1570,1050,965,262,3530,1500,254,131,1730,1110,3640,252,2000,800,975,2450,5225,2350,24775,6650,2300,4700,2900,3600,6325,10450,5650
11/10/2023 16:00:00,8825,5775,5075,4860,5775,1465,1215,2060,130,1275,76,250,50,2690,1095,72,4160,1130,605,1695,246,940,890,2580,90,480,4520,68,251,78,2625,1920,1080,1555,1050,975,256,3550,1475,246,131,1705,1080,3640,246,2000,780,995,2480,5225,2340,24850,6825,2260,4640,2900,3590,6325,10575,5600
11/13/2023 16:00:00,8875,5825,5025,4890,5650,1460,1210,1950,131,1235,79,246,50,2700,1110,72,4170,1125,615,1705,244,920,885,2600,90,468,4530,67,250,78,2650,1920,1100,1560,1045,985,262,3520,1480,254,129,1680,1075,3640,246,2000,790,1070,2480,5300,2360,24675,7100,2260,4640,2910,3530,6450,10375,5600
11/14/2023 16:00:00,8925,5825,5075,4880,5675,1480,1205,2050,131,1255,81,280,51,2690,1100,71,4170,1125,610,1700,248,925,890,2630,89,474,4530,67,230,79,2675,1915,1095,1560,1040,980,260,3500,1485,256,125,1670,1075,3640,254,2000,795,1035,2480,5375,2390,25000,7150,2350,4780,2880,3480,6375,10450,5475
11/15/2023 16:00:00,9050,5925,5250,4980,5750,1535,1245,2300,130,1350,86,278,50,2720,1100,72,4170,1125,615,1710,246,930,885,2630,88,486,4530,68,232,80,2663,1940,1105,1565,1070,990,264,3550,1525,250,126,1755,1110,3640,264,1915,780,1040,2510,5725,2400,25400,7225,2460,4550,2900,3430,6425,10575,5450
11/16/2023 16:00:00,9075,5925,5250,4950,5825,1545,1245,2300,131,1365,86,274,50,2740,1090,72,4170,1130,615,1710,244,935,875,2630,91,494,4600,68,231,79,2688,1870,1170,1560,1065,985,262,3540,1490,248,126,1775,1110,3550,262,1965,780,1045,2530,5700,2380,25425,7225,2420,4700,2900,3460,6450,10575,5400
11/17/2023 16:00:00,9075,5900,5225,4980,5700,1605,1290,2290,131,1365,84,270,50,2750,1075,72,4180,1120,615,1720,246,940,875,2630,91,488,4600,67,231,80,2613,1800,1140,1555,1105,985,270,3550,1495,248,126,1775,1100,3430,262,1965,780,1085,2540,6325,2400,25475,7575,2360,4590,2890,3470,6425,10475,5500
11/20/2023 16:00:00,8875,5875,5250,4980,5800,1635,1285,2340,130,1360,89,268,50,2750,1070,72,4180,1115,620,1725,244,930,890,2640,90,488,4600,68,226,79,2638,1810,1120,1560,1055,985,264,3590,1530,246,127,1770,1105,3440,260,1920,775,1070,2550,6800,2420,25600,7300,2350,4650,2900,3460,6400,10525,5400
11/21/2023 16:00:00,8775,5875,5200,5075,5775,1640,1260,2330,130,1295,88,262,51,2750,1115,73,4170,1125,620,1725,246,925,885,2640,90,484,4510,68,226,79,2663,1765,1120,1575,1080,975,264,3620,1545,242,125,1770,1110,3440,250,1920,785,1050,2610,6275,2430,25600,7300,2400,4650,2900,3480,6425,10500,5400
11/22/2023 16:00:00,8875,5875,5275,5075,5675,1615,1260,2290,131,1245,84,250,50,2740,1120,75,4170,1120,620,1710,244,925,890,2630,90,486,4650,67,224,78,2613,1685,1120,1580,1080,975,266,3610,1505,246,119,1760,1095,3540,246,1905,785,1025,2590,5650,2420,25525,7050,2100,4550,2880,3500,6350,10500,5450
11/23/2023 16:00:00,8925,5900,5350,5150,5700,1625,1270,2860,131,1400,94,280,51,2750,1195,78,4180,1120,620,1715,250,930,875,2600,90,494,4640,70,226,79,2613,1740,1125,1575,1095,975,268,3600,1560,254,121,1780,1090,3540,264,1905,790,1030,2550,6425,2430,25475,6900,2250,4590,2890,3540,6350,10550,5425
11/24/2023 16:00:00,8925,5875,5400,5200,5725,1655,1265,3090,133,1560,94,350,52,2810,1195,83,4170,1120,620,1710,250,930,890,2640,94,490,4580,73,229,80,2613,1780,1130,1590,1105,975,268,3620,1585,258,121,1805,1095,3420,310,1905,780,1015,2540,6075,2460,25400,7150,2270,4590,2870,3530,6425,10425,5275
11/27/2023 16:00:00,8875,5900,5350,5275,5625,1645,1290,3120,131,1510,95,372,51,2810,1195,79,4200,1120,620,1710,250,930,890,2650,92,494,4600,71,234,79,2600,1820,1135,1630,1120,985,278,3680,1635,258,121,1715,1095,3650,306,1905,770,1025,2550,5950,2440,25200,7550,2250,4520,2860,3520,6400,10650,5275
11/28/2023 16:00:00,8875,5900,5350,5175,5550,1660,1295,3050,131,1480,91,376,51,2840,1195,77,4190,1130,625,1705,246,930,890,2670,92,520,4600,71,234,78,2650,1815,1140,1625,1115,985,270,3770,1630,260,121,1690,1120,3570,298,1900,755,1055,2580,6250,2440,24975,7725,2390,4380,2870,3600,6375,10650,5275
11/29/2023 16:00:00,8900,5850,5300,5225,5525,1645,1280,3200,130,1450,94,362,50,2840,1185,84,4190,1140,630,1695,256,930,875,2700,94,500,4700,71,232,80,2613,1740,1170,1625,1115,985,268,3720,1600,258,117,1700,1125,3500,296,1900,760,1040,2580,6125,2420,24700,7775,2460,4690,2810,3630,6425,10500,5050
11/30/2023 16:00:00,8975,5850,5275,5275,5400,1655,1295,3200,130,1445,97,334,50,2850,1155,79,4190,1120,620,1705,256,930,895,2690,93,498,4750,80,232,80,2738,1915,1190,1625,1120,995,264,3760,1635,252,118,1655,1140,3450,294,1900,760,1015,2620,6875,2420,24550,7200,2530,4500,2870,3650,6425,11550,5200
12/1/2023 16:00:00,8950,5900,5350,5250,5750,1675,1270,3490,131,1560,109,384,51,2840,1160,79,4180,1130,625,1705,252,930,875,2670,92,498,4630,78,234,79,2650,1915,1215,1605,1135,990,272,3830,1610,260,118,1615,1135,3430,312,1900,755,1055,2560,6800,2430,24550,5900,2590,4400,2900,3630,6325,10525,5000
12/4/2023 16:00:00,8925,6000,5500,5300,5750,1700,1290,3090,130,1445,100,358,50,2850,1155,80,4150,1125,625,1705,252,930,875,2680,95,535,4640,79,232,78,2613,1930,1215,1605,1145,1005,276,3810,1645,260,121,1620,1135,3440,314,1900,720,1045,2560,6850,2460,24575,6375,2640,4410,2870,3630,6350,10500,5025
12/5/2023 16:00:00,8900,5975,5450,5300,5725,1715,1285,3180,130,1435,101,364,51,2840,1115,79,4150,1130,620,1700,252,925,890,2640,96,515,4600,79,234,79,2613,1985,1215,1620,1140,985,276,3850,1605,260,117,1580,1135,3450,314,1900,715,1000,2510,6825,2420,23950,6600,2520,4320,2870,3620,6475,10675,5100
12/6/2023 16:00:00,8800,5800,5425,5225,5725,1740,1265,3030,131,1420,92,362,50,2810,1150,78,4180,1125,615,1695,252,920,885,2630,93,500,4580,77,232,78,2625,2040,1220,1630,1125,990,272,3920,1625,264,118,1625,1130,3440,308,1900,720,1015,2530,7200,2410,23850,6425,2500,4450,2890,3510,6500,10650,5050
12/7/2023 16:00:00,8825,5750,5475,5275,5675,1685,1225,3000,132,1350,95,348,51,2760,1140,79,4190,1125,615,1690,250,915,875,2630,93,510,4620,76,233,77,2638,2060,1185,1605,1120,990,270,3910,1525,254,117,1605,1090,3440,298,1680,715,1020,2530,7750,2420,23725,6475,2540,4310,2900,3570,6450,10650,4980
12/8/2023 16:00:00,8750,5700,5375,5075,5675,1685,1220,3180,131,1355,108,352,50,2780,1125,77,4190,1125,615,1655,250,920,875,2630,91,525,4580,75,229,78,2625,2000,1175,1630,1130,985,274,3940,1580,258,116,1580,1075,3440,292,1850,695,1030,2560,8050,2410,24000,6450,2470,4360,2850,3510,6400,10975,5025
12/11/2023 16:00:00,8750,5775,5300,5175,5600,1670,1210,3110,130,1305,86,370,50,2730,1115,77,4190,1120,605,1655,248,915,880,2650,89,500,4550,75,229,76,2613,1995,1150,1630,1125,980,268,3980,1540,246,116,1570,1020,3440,304,1910,695,1040,2560,7600,2370,23800,6825,2370,4190,2800,3500,6375,10525,5075
12/12/2023 16:00:00,8700,5800,5325,5275,5575,1640,1205,3600,131,1460,94,440,50,2750,1160,84,4190,1120,610,1660,246,905,875,2630,92,488,4550,78,229,80,2600,1945,1160,1620,1100,980,262,3910,1515,260,116,1610,1030,3570,342,1910,715,1050,2550,7650,2350,24000,7000,2340,4220,2850,3430,6425,10625,5000
12/13/2023 16:00:00,8675,5725,5300,5175,5525,1645,1195,3200,130,1405,89,424,50,2740,1170,79,4250,1115,605,1650,246,905,875,2620,90,474,4570,75,227,78,2600,2020,1155,1610,1065,980,262,3920,1510,274,116,1585,1025,3700,322,1910,715,1030,2450,7575,2300,23800,7125,2290,4020,2880,3450,6400,10550,5050
12/14/2023 16:00:00,9050,5950,5550,5350,5625,1705,1225,3300,130,1435,94,486,50,2770,1165,79,4240,1115,610,1680,250,915,875,2620,90,478,4590,76,229,78,2625,2020,1200,1615,1080,990,264,3940,1570,264,117,1605,1030,3700,346,1910,700,1050,2490,7200,2310,24075,6700,2330,4170,2900,3400,6400,10575,5125
12/15/2023 16:00:00,9225,5900,5550,5275,5650,1700,1230,3210,130,1340,93,476,50,2770,1180,79,4240,1105,605,1690,242,910,890,2630,91,480,4670,75,229,78,2625,2000,1190,1615,1090,990,268,3980,1570,264,116,1640,1030,3700,334,1850,650,1060,2520,7400,2310,24450,6325,2320,4220,2800,3500,6325,10425,5000
12/18/2023 16:00:00,9200,5925,5500,5200,5600,1695,1220,2950,130,1310,86,446,50,2740,1110,78,4230,1115,610,1690,244,910,875,2600,89,480,4590,75,229,78,2613,2030,1180,1620,1090,980,266,3970,1540,266,117,1625,1000,3680,316,1850,665,1050,2510,7150,2330,24200,6400,2290,4210,2730,3410,6275,10600,4970
12/19/2023 16:00:00,9250,5975,5550,5200,5625,1705,1230,3010,130,1335,87,470,50,2750,1140,78,4200,1125,610,1685,246,930,890,2590,90,480,4600,75,229,78,2613,1990,1165,1625,1090,985,264,3970,1600,276,117,1660,995,3650,328,1850,695,1030,2600,7325,2370,24525,6475,2290,4170,2820,3430,6325,10575,5075
12/20/2023 16:00:00,9300,5925,5550,5200,5625,1755,1220,2970,131,1315,88,470,50,2740,1145,77,4200,1125,610,1690,244,915,890,2610,90,484,4750,74,227,78,2625,2040,1160,1625,1085,985,264,3960,1665,276,117,1640,1000,3650,322,1850,665,1030,2580,7450,2360,24800,6500,2570,4240,2820,3460,6275,10575,5025
12/21/2023 16:00:00,9325,5975,5575,5150,5550,1690,1215,2970,130,1305,88,458,50,2730,1120,76,4210,1125,610,1680,244,915,890,2630,90,484,4700,73,227,79,2625,2030,1160,1620,1090,990,262,3950,1625,272,117,1615,1005,3390,320,1850,660,1005,2600,7500,2380,25025,6300,2570,4250,2880,3470,6275,10550,5025
12/22/2023 16:00:00,9325,5975,5675,5250,5550,1695,1205,2930,130,1285,86,462,50,2720,1170,78,4210,1125,615,1680,246,905,875,2620,90,480,4750,75,227,78,2625,2020,1180,1625,1095,985,262,3960,1620,274,118,1645,1010,3390,320,1850,665,1000,2590,7500,2400,25350,6625,2720,4270,2870,3470,6275,10525,5000
12/27/2023 16:00:00,9375,6000,5625,5275,5550,1695,1210,2970,131,1310,85,448,50,2720,1165,77,4250,1130,620,1690,244,920,890,2640,89,488,4700,75,226,78,2638,2020,1195,1625,1100,985,262,3940,1615,264,117,1655,1025,3350,318,1900,655,975,2590,7650,2440,25350,6450,2680,4340,2870,3470,6350,10575,4980
12/28/2023 16:00:00,9400,6125,5725,5350,5600,1740,1245,2940,130,1320,85,448,50,2800,1180,78,4260,1140,620,1695,242,920,890,2630,96,490,4700,75,281,78,2725,2030,1190,1625,1115,985,266,3960,1655,274,119,1690,1020,3670,316,1900,655,1005,2580,7675,2460,25500,6350,2690,4370,2910,3540,6450,10650,5025
12/29/2023 16:00:00,9400,6050,5725,5375,5650,1740,1250,2900,132,1290,86,436,50,2780,1205,77,4090,1150,625,1695,242,920,890,2620,99,490,4700,73,256,78,2550,2080,1180,1615,1210,985,264,3950,1640,294,119,1690,1020,3660,310,2000,660,1000,2380,7475,2440,25650,6550,2700,4310,2930,3530,6450,10575,5025
1/2/2024 16:00:00,9425,6125,5675,5375,5700,1740,1265,2930,130,1300,87,458,50,2780,1165,78,4160,1160,625,1705,246,920,890,2620,93,494,4690,75,239,78,2575,1935,1200,1640,1130,985,268,3990,1640,282,119,1670,1055,3400,318,1900,655,1015,2490,7600,2530,26375,6600,2690,4420,2890,3550,6450,10650,5025
1/3/2024 16:00:00,9350,6100,5600,5350,5600,1800,1255,3160,130,1345,88,466,50,2780,1160,78,4170,1170,645,1710,244,915,890,2640,92,500,4620,75,234,78,2600,1990,1185,1650,1135,980,264,3960,1700,284,118,1635,1070,3600,330,1910,630,1010,2410,7575,2530,25750,6450,2670,4420,2820,3530,6400,10625,4970
1/4/2024 16:00:00,9475,6350,5700,5600,5700,1895,1295,3130,130,1330,87,466,50,2830,1170,78,4170,1185,650,1715,246,930,890,2630,92,505,4690,76,238,79,2638,2000,1210,1660,1125,990,264,3970,1675,278,118,1630,1070,3490,328,1910,660,1000,2460,7525,2650,26600,6425,2710,4390,2870,3520,6450,11050,4960
1/5/2024 16:00:00,9575,6425,5750,5575,5625,1900,1295,3090,131,1325,86,460,50,2840,1150,78,4210,1180,650,1720,248,960,880,2630,93,505,4610,75,233,79,2600,2010,1230,1650,1130,995,264,3890,1665,280,120,1625,1095,3480,328,1910,670,985,2440,7225,2660,26775,6475,2810,4310,2790,3520,6450,10725,4950
1/8/2024 16:00:00,9575,6400,5625,5575,5575,1925,1285,3030,130,1325,86,454,50,2860,1160,77,4200,1180,645,1725,252,960,880,2630,94,500,4580,74,229,78,2600,2030,1240,1660,1110,995,264,3890,1655,280,119,1600,1080,3490,330,1910,670,975,2440,6750,2630,27100,6550,2710,4280,2800,3480,6400,10750,4920
1/9/2024 16:00:00,9625,6375,5700,5650,5575,1960,1330,3170,131,1300,88,470,50,2920,1160,78,4210,1185,650,1725,254,960,890,2610,93,492,4670,74,229,78,2600,2010,1220,1670,1130,990,264,3960,1650,280,119,1610,1080,3490,328,1910,665,950,2430,5400,2630,26975,6650,2510,4150,2740,3430,6375,11025,4820
1/10/2024 16:00:00,9550,6425,5700,5600,5525,1935,1335,3250,131,1315,87,460,50,2900,1160,78,4210,1180,655,1725,254,960,885,2620,93,498,4650,72,284,78,2625,1800,1230,1690,1145,980,266,4000,1660,280,120,1645,1085,3460,324,1910,675,960,2460,5675,2650,26975,6900,2470,4160,2750,3410,6350,11350,4770
1/11/2024 16:00:00,9575,6450,5750,5600,5550,1970,1360,3390,130,1330,91,460,50,2890,1170,78,4210,1190,660,1730,256,955,890,2620,92,500,4690,74,354,77,2613,1750,1240,1675,1130,995,268,3990,1655,278,117,1690,1080,3510,332,1910,675,945,2450,5050,2620,26800,7300,2430,4100,2710,3410,6350,11125,4660
1/12/2024 16:00:00,9700,6575,5850,5600,5600,1980,1350,3400,130,1300,91,396,50,2890,1165,77,4210,1205,660,1740,254,955,890,2620,91,500,4600,73,306,77,2613,1730,1265,1670,1135,995,268,4010,1645,278,118,1755,1080,3500,318,1910,675,950,2480,4700,2640,26950,7325,2460,4180,2640,3470,6375,11175,4680
1/15/2024 16:00:00,9725,6500,5825,5625,5525,1945,1355,3440,130,1285,91,380,50,2880,1205,77,4210,1195,665,1750,256,945,885,2610,92,500,4610,72,230,77,2600,1770,1265,1675,1125,995,266,4000,1640,278,118,1715,1110,3660,316,1910,670,950,2510,4700,2710,27450,7325,2430,4150,2630,3430,6450,11125,4730
1/16/2024 16:00:00,9700,6525,5825,5600,5500,1930,1325,3460,131,1305,90,360,51,2900,1200,76,4200,1195,660,1755,256,935,885,2610,92,505,4610,72,224,77,2600,1735,1240,1685,1135,1005,278,4010,1645,278,119,1715,1095,3680,312,1910,655,965,2500,4880,2700,27400,7425,2410,4150,2670,3410,6450,11075,4730
1/17/2024 16:00:00,9750,6525,5775,5550,5400,1950,1335,3370,130,1275,87,356,50,2900,1185,76,4210,1185,660,1750,250,930,890,2620,91,500,4660,72,228,75,2600,1785,1220,1680,1140,1005,272,3990,1600,274,121,1675,1075,3680,304,1910,610,960,2490,5150,2660,27400,7200,2530,4100,2650,3320,6400,11125,4730
1/18/2024 16:00:00,9675,6525,5750,5550,5375,2010,1335,3380,130,1255,87,356,50,2860,1205,75,4200,1190,660,1755,250,930,885,2600,91,498,4670,72,236,77,2600,1745,1225,1680,1110,995,276,3950,1625,272,121,1660,1095,3690,304,1910,610,950,2460,5650,2640,27100,7475,2670,4130,2650,3300,6375,11275,4680
1/19/2024 16:00:00,9625,6525,5800,5500,5350,2010,1355,3500,130,1250,86,354,50,2850,1195,75,4250,1185,660,1745,250,930,875,2590,90,500,4660,71,214,77,2600,1745,1215,1680,1125,985,272,3940,1610,274,119,1620,1100,3690,306,1890,610,955,2430,5100,2620,26800,7475,2700,4080,2640,3240,6450,11550,4630
1/22/2024 16:00:00,9625,6500,5775,5525,5225,2090,1375,3650,130,1275,87,356,50,2870,1240,73,4230,1190,655,1745,248,940,870,2600,92,490,4670,71,206,77,2625,1690,1220,1690,1125,915,272,3980,1605,272,116,1635,1075,3680,314,1890,635,960,2400,5350,2550,26250,7475,2650,4040,2680,3120,6425,11400,4560
1/23/2024 16:00:00,9600,6500,5700,5425,5125,2160,1330,3570,130,1270,85,350,50,2820,1220,73,4220,1175,655,1730,244,930,890,2600,90,488,4600,70,158,77,2600,1685,1210,1675,1115,895,264,3950,1590,274,114,1610,1045,3690,304,1890,635,945,2350,5575,2540,25900,7675,2630,3940,2720,3180,6400,11375,4550
1/24/2024 16:00:00,9525,6400,5650,5475,5075,2070,1290,3530,130,1235,84,344,50,2800,1230,71,4250,1165,650,1725,242,940,890,2580,90,486,4600,71,160,76,2588,1735,1200,1650,1125,855,264,3970,1565,280,116,1615,1025,3690,294,1950,610,935,2340,5375,2510,25775,7500,2710,4050,2670,3200,6450,11400,4600
1/25/2024 16:00:00,9500,6275,5525,5400,5050,2040,1290,3560,130,1240,84,346,50,2740,1215,71,4240,1170,655,1720,244,925,890,2580,90,486,4560,70,171,76,2613,1740,1210,1670,1110,845,262,3980,1575,282,113,1625,1050,3680,296,1930,590,915,2360,5250,2570,26525,7525,2760,4110,2670,3160,6400,11400,4590
1/26/2024 16:00:00,9350,6300,5425,5425,5075,1995,1285,3400,130,1205,82,322,50,2760,1215,70,4230,1170,650,1715,240,915,880,2590,89,484,4580,71,194,76,2600,1730,1195,1655,1110,855,258,3980,1530,276,114,1610,1040,3700,282,1930,580,915,2380,5200,2570,26700,7300,2700,3980,2630,3160,6425,11450,4500
1/29/2024 16:00:00,9550,6475,5575,5575,4930,2140,1310,3140,130,1180,78,318,50,2800,1235,69,4220,1175,655,1715,240,915,850,2590,89,482,4650,70,189,76,2600,1725,1210,1645,1110,850,258,4010,1540,280,114,1610,1025,3700,284,1930,520,890,2400,5025,2570,26800,7300,2800,3860,2690,3080,6425,11400,4550
1/30/2024 16:00:00,9650,6650,5625,5650,5100,2180,1295,3230,130,1195,87,330,50,2830,1220,70,4230,1165,650,1750,246,910,890,2600,89,482,4650,69,184,75,2410,1725,1240,1620,1110,845,256,4000,1525,276,114,1585,1055,3750,288,1900,565,885,2390,5025,2590,26550,7550,2740,3890,2650,3130,6400,11225,4530
1/31/2024 16:00:00,9550,6650,5700,5750,5125,2330,1305,3210,130,1200,88,328,50,2830,1215,77,4220,1165,650,1760,242,925,890,2600,90,482,4600,70,182,75,2650,1750,1245,1630,1100,850,258,3960,1510,280,115,1590,1035,3760,290,1900,580,905,2400,4950,2610,27050,7525,2700,3870,2650,3100,6375,11775,4480
2/1/2024 16:00:00,9700,6550,5750,5725,5125,2300,1295,3170,130,1205,90,318,50,2770,1200,72,4220,1155,650,1745,242,925,875,2590,90,480,4650,71,179,75,2538,1750,1240,1635,1100,850,256,4040,1525,280,117,1590,1090,3760,284,1900,580,900,2420,4850,2560,26625,7600,2520,3930,2650,3100,6350,11575,4440
2/2/2024 16:00:00,9700,6675,5850,5775,5325,2320,1280,3070,130,1200,90,318,50,2810,1225,73,4220,1160,655,1745,244,920,875,2580,89,476,4600,70,175,76,2495,1685,1225,1635,1090,855,254,3990,1525,280,114,1590,1080,3770,274,1900,575,900,2420,4950,2540,26225,7600,2550,3890,2650,3170,6400,11575,4640
2/5/2024 16:00:00,9575,6825,5775,5750,5175,2310,1270,3050,130,1185,84,308,50,2790,1215,72,4220,1160,660,1770,246,915,890,2600,89,476,4610,70,178,75,2495,1725,1230,1635,1095,845,256,3980,1525,280,115,1565,1090,3780,282,1900,570,890,2430,5175,2540,26200,7525,2480,3830,2600,3200,6300,11475,4720
2/6/2024 16:00:00,9625,6850,5825,5775,5250,2310,1260,3040,131,1185,84,318,50,2800,1260,72,4220,1170,660,1770,244,920,890,2590,90,478,4590,70,177,77,2495,1725,1235,1645,1100,860,256,3980,1550,280,114,1615,1085,3600,282,1900,570,860,2460,5600,2560,26650,7575,2460,3670,2600,3250,6350,11525,4840
2/7/2024 16:00:00,9700,6950,5850,5750,5325,2360,1255,3050,131,1175,84,314,50,2780,1285,72,4220,1170,665,1780,244,915,885,2600,89,476,4540,70,176,78,2495,1675,1235,1650,1090,855,258,3980,1555,274,114,1650,1075,3670,278,1950,530,830,2460,5400,2610,26700,7525,2410,3660,2630,3270,6350,11425,4710
2/12/2024 16:00:00,9800,7100,6025,5950,5300,2370,1360,3150,130,1180,86,314,50,2850,1275,73,4220,1195,680,1905,248,915,890,2600,91,470,4600,70,175,75,2500,1595,1280,1650,1110,865,262,4000,1580,278,113,1485,1080,3640,278,1950,530,780,2470,5450,2650,27050,7750,2440,4060,2580,2920,6400,11650,4750
2/13/2024 16:00:00,9725,7025,6000,5875,5200,2350,1345,3100,131,1180,86,310,50,2890,1275,71,4220,1190,675,1945,250,915,890,2580,91,472,4540,70,177,75,2500,1540,1270,1675,1115,870,264,3980,1590,280,110,1445,1125,4100,280,1950,530,805,2480,5050,2640,27125,7600,2410,4050,2610,2800,6350,11375,4760
2/15/2024 16:00:00,9850,7200,6125,6000,5125,2390,1385,3110,131,1185,85,306,50,2880,1310,72,4220,1200,690,1950,252,935,890,2600,90,476,4580,69,183,75,2513,1455,1275,1675,1115,885,264,4030,1575,298,112,1470,1140,4200,286,1950,500,815,2510,5125,2660,27075,7950,2440,4000,2700,2930,6400,11650,4900
2/16/2024 16:00:00,9950,7200,6150,6000,5200,2330,1365,2960,130,1175,83,294,50,2870,1305,72,4220,1205,685,1975,252,935,880,2590,90,476,4470,68,180,76,2513,1500,1270,1660,1105,890,264,4160,1600,284,115,1420,1175,4300,278,1950,515,775,2520,5475,2680,27025,7900,2400,3690,2770,2830,6425,11450,4800
2/19/2024 16:00:00,9875,7150,6100,5875,5125,2380,1350,2740,130,1130,84,272,50,2870,1280,72,4220,1205,680,1935,250,920,880,2610,89,478,4550,67,195,76,2513,1480,1300,1650,1100,880,262,4160,1590,280,114,1370,1175,4370,266,1950,525,760,2430,5500,2690,26875,7825,2330,3850,2750,2800,6475,11575,4750
2/20/2024 16:00:00,10025,7150,6300,6025,5200,2480,1460,2690,131,1110,83,270,50,2890,1315,72,4220,1220,675,1980,246,930,890,2590,90,480,4500,67,196,75,2513,1400,1305,1635,1115,875,264,4210,1585,274,116,1400,1195,4360,272,1950,590,790,2430,5500,2640,26575,8025,2420,3780,2790,2760,6550,11550,4800
2/21/2024 16:00:00,9975,7250,6300,6000,5250,2440,1475,2600,130,1120,80,250,50,2900,1315,72,4200,1225,620,2080,248,925,860,2600,89,480,4550,67,188,74,2513,1490,1335,1630,1115,875,266,4180,1555,270,114,1395,1180,4450,266,1990,590,795,2420,5500,2610,26475,7800,2360,3700,2770,2690,6600,11475,4720
2/22/2024 16:00:00,9875,7100,6250,5950,5275,2460,1485,2590,130,1120,79,256,50,2940,1350,74,4220,1215,615,2100,248,930,890,2590,89,484,4550,67,186,75,2513,1455,1365,1640,1115,885,266,4090,1645,276,114,1375,1185,4500,266,1990,505,875,2440,5575,2630,26075,7900,2410,3890,2750,2720,6725,11600,4800
2/23/2024 16:00:00,9825,7050,6125,5900,5125,2450,1460,2540,130,1125,79,256,50,2930,1330,73,4200,1215,610,2030,248,930,890,2610,89,490,4480,67,185,76,2490,1460,1345,1640,1130,875,264,4100,1600,274,112,1340,1175,4500,268,1990,505,920,2420,5500,2630,26200,8000,2360,3950,2680,2690,6725,11550,4740
2/26/2024 16:00:00,9800,7050,6175,5900,5125,2430,1460,2550,131,1125,78,248,50,2900,1335,73,4200,1210,605,2050,250,925,890,2620,90,492,4650,68,202,75,2550,1380,1330,1630,1095,870,262,4090,1605,270,109,1355,1155,4300,262,1990,520,870,2370,5500,2580,25800,8050,2300,3830,2690,2590,6625,11550,4910
2/27/2024 16:00:00,9875,7075,6125,6000,5175,2510,1450,2550,131,1125,80,246,50,2900,1355,72,4190,1210,605,2120,254,930,890,2630,90,498,4590,68,198,76,2500,1350,1345,1620,1100,870,260,3990,1585,268,113,1415,1155,4500,260,1990,520,895,2380,5500,2590,26075,8100,2300,3980,2660,2620,6575,11600,4890
2/28/2024 16:00:00,10000,7125,6225,5975,5225,2480,1455,2530,130,1135,75,246,50,2910,1340,72,4200,1220,605,2080,256,930,890,2620,90,498,4650,68,210,76,2588,1345,1340,1630,1110,870,260,3990,1590,266,112,1420,1160,4490,262,1950,520,900,2400,5950,2620,26375,8000,2290,4060,2700,2700,6625,11600,4890
2/29/2024 16:00:00,9875,7000,6125,6000,5225,2470,1430,2710,130,1130,71,248,50,2910,1380,73,4210,1205,605,1995,254,925,890,2620,89,494,4690,67,222,76,2650,1355,1375,1625,1120,870,260,4000,1575,262,113,1375,1150,4390,266,1950,570,900,2420,6050,2560,26200,8500,2260,4050,2750,2730,6625,11550,4840
3/1/2024 16:00:00,9825,7025,6125,5900,5225,2420,1440,2690,130,1125,69,242,50,2900,1375,71,4200,1205,610,1985,252,925,890,2610,89,492,4650,67,220,75,2575,1355,1375,1630,1110,870,258,3920,1565,262,112,1420,1140,4500,264,1950,560,885,2490,6200,2580,26250,8500,2240,4100,2720,2730,6675,11625,4930
3/4/2024 16:00:00,9750,7025,6050,5875,5200,2410,1410,2620,130,1120,64,226,50,2880,1335,71,4190,1195,605,1970,252,935,890,2610,90,488,4650,66,226,75,2563,1355,1330,1620,1120,870,254,3940,1560,260,111,1395,1130,4500,262,1950,560,890,2540,6125,2690,26375,8500,2280,4090,2750,2670,6550,11450,4900
3/5/2024 16:00:00,9800,7025,6125,5900,5100,2430,1350,2670,130,1125,63,242,50,2890,1315,71,4220,1185,600,1960,250,930,890,2600,89,484,4610,66,218,75,2563,1370,1320,1615,1125,865,252,3870,1575,262,110,1360,1140,4500,262,2050,535,860,2630,5900,2740,27175,8525,2250,4170,2720,2670,6500,11375,4830
3/6/2024 16:00:00,9950,7075,6200,5950,5175,2470,1385,2910,130,1195,74,296,50,2860,1300,73,4200,1200,605,1970,248,935,910,2600,89,486,4600,70,214,74,2588,1395,1365,1605,1125,865,244,3900,1580,258,111,1370,1130,4510,284,2050,535,855,2670,6000,2780,27125,8400,2260,4060,2750,2690,6500,11150,4890
3/7/2024 16:00:00,10125,7100,6225,5975,5125,2480,1365,2850,130,1205,70,276,50,2880,1300,73,4200,1195,600,1985,254,930,910,2590,89,490,4540,69,230,73,2613,1370,1355,1605,1145,870,246,3900,1560,258,110,1350,1155,4550,272,2050,530,875,2700,6250,2840,27700,8500,2320,4070,2760,2730,6350,10700,5100
3/8/2024 16:00:00,10150,7125,6350,6100,5150,2600,1380,2780,130,1175,70,292,50,2900,1300,71,4200,1195,600,2010,252,935,940,2590,89,492,4590,69,284,75,2575,1380,1370,1620,1140,865,250,3860,1525,262,111,1265,1145,4410,278,2050,570,875,2670,6125,2900,27650,8375,2370,3990,2790,2660,6350,10775,5175
3/13/2024 16:00:00,10000,7275,6400,6225,5150,2850,1380,2710,130,1145,67,268,50,2940,1280,71,4190,1190,600,1995,252,945,940,2570,89,496,4530,68,276,75,2613,1670,1360,1615,1150,860,248,3900,1550,262,108,1250,1135,4580,284,2050,560,940,2600,6150,2800,27000,8650,2410,4300,2820,2720,6300,10725,5150
3/14/2024 16:00:00,10325,7400,6150,6150,5275,2710,1425,2740,130,1150,70,262,50,2940,1280,71,4200,1195,595,1985,254,940,950,2590,89,492,4500,68,274,75,2513,1540,1370,1615,1140,860,256,3960,1540,258,108,1245,1095,4650,276,2050,545,940,2670,5900,2880,27400,8725,2380,4250,2900,2690,6425,10900,5250
3/15/2024 16:00:00,10150,7400,5975,5800,5175,2670,1395,2700,130,1145,71,256,50,2920,1290,70,4200,1195,595,1985,254,945,930,2600,89,492,4500,68,278,74,2513,1430,1370,1610,1100,860,250,3970,1550,258,108,1245,1100,4640,272,2050,505,955,2660,5550,2840,27100,8725,2290,4210,2880,2640,6425,10725,5225
3/18/2024 16:00:00,10150,7175,6000,5800,5150,2640,1365,2720,130,1140,73,262,50,2950,1300,71,4160,1200,600,1990,252,950,950,2610,89,500,4500,67,280,75,2500,1400,1405,1605,1100,865,256,3920,1530,262,106,1260,1130,4630,278,2000,560,905,2630,5175,2850,27375,8850,2280,4220,2870,2770,6450,10850,5150
3/19/2024 16:00:00,10175,7275,6000,5850,5225,2660,1345,2670,130,1145,72,254,50,2930,1295,69,4190,1195,595,1995,256,940,950,2580,89,510,4570,67,296,75,2480,1360,1400,1605,1105,855,250,3940,1450,262,107,1300,1125,4670,278,2010,530,885,2630,5350,2930,27225,8900,2250,4180,2890,2740,6425,11000,5325
3/20/2024 16:00:00,10125,7050,6100,5875,5275,2660,1365,2570,130,1145,65,252,50,2930,1325,70,4190,1200,595,2040,258,945,950,2590,89,505,4580,67,292,74,2485,1360,1415,1605,1095,855,252,3930,1450,262,107,1320,1145,4400,272,2010,530,880,2650,5400,2890,27625,8900,2260,4110,2900,2760,6475,11225,5300
3/21/2024 16:00:00,10125,7050,6100,5800,5350,2680,1425,2680,130,1165,67,280,50,2950,1300,70,4190,1200,600,2040,258,950,950,2610,90,505,4600,67,364,73,2495,1350,1410,1615,1090,860,248,3890,1460,262,109,1370,1145,4720,284,2010,530,900,2650,5350,2950,27750,8850,2400,4260,2900,2720,6450,10950,5275
3/22/2024 16:00:00,10100,7050,6125,5850,5375,2630,1560,2700,130,1145,68,280,50,3010,1300,71,4190,1205,600,2050,262,955,950,2610,90,510,4590,68,368,74,2480,1360,1420,1610,1090,865,254,3900,1440,266,109,1360,1175,4720,302,2010,555,905,2650,5350,2940,27800,8775,2320,4150,2900,2720,6425,11125,5300
3/25/2024 16:00:00,10075,7250,6250,5925,5350,2660,1585,2780,130,1170,68,286,50,2990,1315,70,4200,1215,600,2110,272,965,950,2610,90,540,4590,70,368,74,2485,1540,1430,1635,1155,995,296,3730,1470,264,110,1365,1165,4720,296,2010,555,905,2670,5350,2930,27750,8775,2340,4100,2900,2760,6450,11200,5300
3/26/2024 16:00:00,10050,7175,6300,5950,5300,2680,1600,2800,130,1180,68,304,50,2980,1325,70,4190,1220,600,2150,264,965,950,2610,89,525,4550,69,354,74,2513,1500,1440,1620,1150,985,282,3620,1460,262,106,1375,1170,4720,306,2010,540,905,2740,5350,2940,27775,8775,2290,4060,2900,2770,6375,10850,5225
3/27/2024 16:00:00,10075,7175,6250,5925,5275,2720,1595,2730,130,1170,66,300,50,3010,1325,71,4190,1215,600,2200,262,970,940,2610,89,520,4680,68,340,73,2588,1495,1400,1625,1165,950,288,3490,1450,266,105,1380,1200,4730,300,2010,550,885,2720,5450,2950,28425,8600,2270,4070,2900,2730,6325,11000,5175
3/28/2024 16:00:00,10075,7250,6050,5900,5150,2710,1555,2670,130,1165,69,278,50,2980,1340,69,4200,1210,600,2180,258,975,950,2610,84,510,4700,69,328,73,2650,1500,1370,1620,1150,945,284,3470,1445,264,101,1355,1185,4600,290,2010,550,875,2700,5375,2970,26700,8750,2280,4070,2910,2700,6375,11600,5250
4/1/2024 16:00:00,9850,6900,5925,5650,5200,2550,1490,2590,130,1115,68,270,50,2920,1285,69,4090,1210,600,2140,254,970,950,2630,83,496,4650,68,312,72,2538,1500,1345,1630,1145,920,292,3510,1430,260,93,1260,1170,4590,286,2010,550,885,2640,5400,2890,26300,8850,2290,4070,2910,2730,6425,11225,5200
4/2/2024 16:00:00,9900,6900,5675,5475,5275,2690,1475,2670,130,1085,70,278,50,2950,1300,69,4050,1210,600,2140,260,950,950,2570,83,510,4560,67,308,73,2538,1485,1345,1630,1165,920,310,3490,1435,264,89,1265,1215,4640,278,2010,560,870,2690,5725,2920,26675,8775,2350,4130,2910,2740,6600,11200,5350
4/3/2024 16:00:00,9525,6775,5625,5325,5250,2640,1465,2630,130,1105,68,264,50,2810,1260,69,4080,1205,595,2080,258,960,950,2500,82,505,4640,66,310,72,2525,1485,1325,1635,1175,900,306,3420,1445,262,90,1245,1230,4540,268,1900,565,870,2680,5675,2920,26975,8700,2390,4070,2890,2690,6550,11000,5225
4/4/2024 16:00:00,9850,6875,5700,5350,5175,2730,1515,2580,130,1100,69,270,50,2820,1270,67,4090,1220,600,2110,262,960,950,2480,83,510,4560,67,336,72,2525,1450,1360,1630,1175,915,312,3450,1495,264,91,1250,1245,4540,270,1900,575,900,2690,5875,2930,26900,8850,2680,4110,2900,2710,6500,11025,5325
4/5/2024 16:00:00,9825,6825,5650,5300,5275,2700,1500,2530,130,1100,68,268,50,2790,1250,68,4200,1215,595,2100,262,965,950,2520,82,520,4550,66,326,72,2575,1340,1350,1645,1150,915,302,3430,1490,264,95,1235,1275,4700,268,1900,600,900,2700,6925,2930,26850,8950,2620,4100,2880,2680,6500,10850,5275
4/16/2024 16:00:00,9475,6625,5350,5200,5100,2550,1400,2300,130,1050,65,252,50,2740,1195,68,4190,1205,585,2020,256,955,955,2520,80,505,4640,63,334,70,2538,1330,1300,1640,1100,885,294,3220,1565,262,94,1165,1245,4690,258,1900,595,920,2810,7475,3100,27400,8750,2880,4400,2700,2540,6150,10100,5025
4/17/2024 16:00:00,9525,6625,5300,5250,5125,2480,1375,2120,130,1050,62,260,50,2780,1145,68,4300,1195,590,2040,262,960,950,2530,79,505,4610,65,342,71,2588,1310,1300,1630,1115,900,298,3200,1555,256,94,1125,1235,4680,258,1900,595,920,2750,7950,3090,25850,8800,2840,4270,2790,2370,6050,10150,5075
4/18/2024 16:00:00,9475,6800,5475,5300,5100,2600,1420,2160,130,1040,62,254,50,2790,1175,68,4290,1195,595,2020,250,965,950,2500,80,500,4620,64,340,71,2575,1300,1310,1630,1110,885,294,3250,1505,256,95,1105,1245,4600,256,1900,595,895,2730,7925,3130,25925,8950,2760,4310,2790,2390,6125,10100,4860
4/19/2024 16:00:00,9475,6725,5275,5225,4900,2540,1375,2130,130,1005,59,242,50,2750,1140,68,4290,1075,590,1990,248,965,950,2460,78,488,4620,64,338,70,2575,1295,1280,1620,1060,860,284,3150,1530,252,90,1100,1225,4500,244,1900,590,880,2760,8125,3140,25700,8875,2800,4400,2800,2380,6100,9725,4950
4/22/2024 16:00:00,9350,6725,5300,5350,4950,2540,1360,2180,131,1015,59,242,50,2750,1115,67,4290,1055,590,1870,248,945,950,2480,77,492,4550,64,338,69,2588,1295,1290,1620,1075,875,300,3170,1510,254,89,1115,1230,4670,248,1900,585,965,2750,7625,3080,25575,8750,2680,4410,2880,2410,6150,9800,4990
4/23/2024 16:00:00,9725,6825,5300,5250,5025,2600,1370,2190,131,1025,61,248,50,2760,1160,67,4250,1050,590,1905,248,940,955,2480,80,494,4550,65,346,68,2550,1300,1325,1630,1085,865,294,3100,1510,262,91,1140,1245,4680,254,1900,580,960,2750,7300,3060,25525,8925,2560,4350,2940,2330,6025,9925,5000
4/24/2024 16:00:00,9950,7050,5225,5300,4910,2640,1375,2170,130,1020,64,254,50,2770,1110,67,4260,1030,585,1880,246,940,950,2480,83,500,4600,65,352,70,2575,1300,1330,1625,1085,860,290,3040,1485,262,99,1085,1245,4560,258,1900,575,930,2680,7975,2960,25350,9050,2600,4210,2900,2390,6050,10175,4950
4/25/2024 16:00:00,9775,6950,5150,5300,4950,2580,1350,2140,130,1000,62,248,50,2740,995,68,4250,1010,585,1865,246,950,955,2490,80,498,4610,65,358,70,2550,1300,1295,1630,1060,860,290,3040,1435,262,95,1075,1240,4550,252,1900,575,930,2620,8275,2890,24975,9500,2520,4100,2930,2640,6200,10700,5025
4/26/2024 16:00:00,9625,6750,4830,5150,4880,2470,1290,2040,130,1005,61,240,50,2700,1000,67,4250,1005,575,1800,246,930,950,2440,82,492,4720,65,356,69,2625,1290,1255,1630,1060,850,276,3030,1410,244,93,1020,1220,4550,246,1900,570,950,2600,8625,2880,24500,9475,2510,4090,2840,2590,6050,10600,4820
4/29/2024 16:00:00,9800,6925,4770,5225,5025,2510,1310,2100,130,990,63,242,50,2680,1015,66,4260,1030,590,1840,240,930,940,2440,78,490,4690,65,360,70,2663,1265,1270,1620,1060,850,284,3080,1360,248,96,1125,1160,4500,252,2000,570,970,2670,9025,3000,24950,9450,2580,4180,2940,2590,6175,10675,5000
4/30/2024 16:00:00,9800,6900,4940,5250,5150,2640,1320,2150,130,1010,63,246,50,2740,1050,68,4240,1015,595,1910,244,930,955,2470,80,496,4690,64,354,68,2625,1270,1300,1650,1115,860,292,3170,1410,258,92,1215,1185,4680,256,2000,570,970,2710,9225,3030,25225,9700,2630,4250,2930,2620,6250,10875,4950
5/2/2024 16:00:00,9550,6325,4760,4830,5175,2540,1280,2060,130,990,63,244,50,2680,1055,67,4190,1010,580,1875,232,915,940,2460,78,492,4710,63,356,69,2638,1230,1265,1650,1075,860,282,3120,1410,254,90,1175,1175,4680,250,2000,585,925,2730,9875,2890,24900,9775,2580,4120,2870,2640,6225,10475,4860
5/3/2024 16:00:00,9850,6150,4750,4830,5225,2630,1265,2110,130,985,66,248,50,2700,1080,67,4190,1005,585,1830,230,925,950,2420,77,488,4620,63,346,69,2625,1270,1280,1645,1085,860,292,3160,1445,250,93,1200,1190,4530,250,2000,575,915,2730,9875,2930,24825,9775,2560,4070,2900,2600,6225,10850,5000
5/6/2024 16:00:00,9800,6275,4790,4810,5100,2790,1290,2220,130,995,69,252,50,2670,1040,67,4190,1005,585,1805,230,925,950,2430,78,490,4530,65,360,68,2575,1270,1265,1680,1085,845,294,3050,1435,252,93,1195,1205,4540,258,1950,575,935,2850,9300,2930,24500,9900,2630,4290,2900,2600,6225,10850,5300
5/7/2024 16:00:00,9700,6275,4670,4700,5050,2700,1270,2260,130,985,65,248,50,2660,995,67,4210,1000,580,1825,232,915,945,2440,78,486,4700,66,350,69,2600,1250,1255,1670,1090,850,294,3090,1455,258,96,1195,1190,4540,256,1950,580,960,2810,9875,2880,24800,9775,2650,4650,2880,2540,6150,10775,5300
5/8/2024 16:00:00,9375,6275,4680,4670,5125,2540,1225,2240,130,960,67,246,50,2640,1025,66,4200,980,570,1790,232,900,940,2430,78,476,4690,65,336,67,2550,1270,1230,1635,1075,850,294,3080,1460,258,95,1170,1170,4540,252,1950,580,970,2870,9650,2930,25350,9500,2710,4580,2880,2560,6200,10775,5300
5/13/2024 16:00:00,9525,6200,4680,4780,5075,2300,1240,2250,130,945,67,234,50,2640,1035,67,4200,990,575,1835,226,905,945,2430,77,482,4740,64,320,67,2600,1225,1240,1660,1080,840,298,3090,1525,260,95,1220,1050,4520,248,1950,575,970,2950,9450,2930,24650,9825,2750,4510,2830,2650,6100,10300,5175
5/14/2024 16:00:00,9550,6200,4730,4930,4580,2350,1240,2310,131,920,65,232,50,2680,1050,67,4190,1000,580,1840,226,915,920,2410,78,482,4660,66,322,67,2550,1170,1240,1660,1090,840,292,3120,1570,260,96,1200,1045,4520,248,1950,575,970,2880,9275,2920,24500,9825,2730,4490,2800,2700,6175,10300,5275
5/15/2024 16:00:00,9500,6375,4820,5025,4530,2540,1275,2280,130,910,66,230,50,2700,1060,67,4150,995,585,1870,226,915,900,2410,77,480,4610,65,316,68,2588,1225,1255,1650,1080,835,288,3100,1585,258,96,1215,1045,4590,250,1950,560,955,2830,9975,2910,24100,10200,2750,4490,2790,2680,6100,10600,5375
5/16/2024 16:00:00,9600,6350,4840,5200,4710,2540,1275,2280,131,915,66,240,50,2680,1080,69,4150,995,590,1895,228,915,900,2440,77,482,4550,66,316,69,2550,1210,1265,1665,1085,850,288,3010,1515,262,98,1255,1105,4540,254,1950,570,975,2880,10375,2930,24200,10350,2740,4480,2850,2700,6150,10575,5375
5/17/2024 16:00:00,9750,6575,4920,5175,4800,2520,1300,2290,130,920,66,240,50,2680,1080,68,4050,1000,585,1875,232,910,900,2440,77,482,4700,66,318,69,2575,1195,1265,1665,1085,845,288,2990,1545,264,96,1270,1105,4500,252,1950,575,1035,2880,10750,2920,24075,10250,2740,4790,2800,2710,6150,10550,5275
5/20/2024 16:00:00,9475,6325,4820,4980,4740,2470,1270,2400,130,910,65,240,50,2670,1060,67,4120,995,575,1860,232,900,900,2440,77,492,4720,65,320,70,2575,1190,1260,1680,1085,870,294,2990,1525,260,96,1265,1105,4500,256,1960,575,1030,2910,10975,2930,24350,10500,2840,5150,2800,2700,6225,10500,5225
5/21/2024 16:00:00,9375,6025,4680,4770,4700,2360,1240,2350,131,900,64,232,50,2670,1060,68,4090,990,570,1825,230,905,870,2430,76,490,4650,65,314,68,2563,1075,1235,1670,1095,870,288,2950,1555,262,97,1210,1090,4500,250,1960,575,1035,2880,11150,2570,24250,10500,2790,5050,2760,2910,6150,10400,5175
5/22/2024 16:00:00,9425,6050,4720,4760,4710,2330,1235,2390,130,955,66,278,50,2660,1070,67,4200,990,570,1840,230,905,870,2420,77,488,4690,65,324,67,2550,1050,1270,1680,1090,860,304,2940,1545,260,98,1195,1085,4500,266,1960,585,1070,2920,11250,2590,24325,10550,2820,4900,2830,3060,6150,10475,5225
5/27/2024 16:00:00,9300,5825,4550,4670,4550,2270,1200,2400,132,940,70,264,50,2620,1090,68,4130,990,565,1825,226,890,890,2390,77,510,4630,66,320,67,2550,1260,1240,1690,1155,925,358,2810,1475,262,96,1150,1050,4500,258,1960,605,1065,2870,11250,2520,24250,12650,2700,4810,2800,3260,6125,10425,5200
5/28/2024 16:00:00,9300,5950,4530,4710,4510,2290,1250,2390,131,930,74,268,50,2630,1070,68,4160,985,570,1830,228,905,890,2370,76,515,4640,66,324,68,2588,1275,1240,1680,1180,940,368,2860,1505,260,96,1135,1045,4500,260,2000,595,1060,2690,11250,2510,24300,12900,2900,5100,2880,3280,6125,10600,5250
5/29/2024 16:00:00,9150,5800,4410,4530,4460,2200,1260,2280,132,935,71,264,50,2610,1045,67,4190,980,550,1780,224,905,870,2360,77,505,4800,66,340,68,2675,1280,1205,1685,1250,940,388,2810,1495,260,96,1120,1045,4500,252,1950,590,1030,2680,10125,2470,24375,13200,2900,5200,2800,3010,6125,10425,5200
5/30/2024 16:00:00,9000,5875,4380,4490,4320,2160,1235,2270,131,935,67,258,50,2570,1015,67,4170,975,535,1750,226,895,870,2330,76,498,4850,64,338,68,2650,1235,1210,1670,1185,900,364,2810,1485,250,94,1110,1050,4500,246,1950,615,1010,2740,9125,2490,24950,12450,2800,4980,2760,3110,6050,10150,5200
5/31/2024 16:00:00,9250,5900,4340,4400,4290,2200,1225,2410,131,930,65,264,45,2570,1015,68,4190,1010,500,1700,226,900,860,2330,76,492,4900,64,332,65,2725,1080,1215,1670,1180,895,344,2900,1490,250,94,1165,1045,4500,248,1950,575,1005,2770,8225,2490,24975,12075,2700,4970,2650,3120,5875,9750,5200
6/3/2024 16:00:00,9275,6100,4530,4620,4500,2230,1265,2390,130,925,64,264,41,2600,1030,66,4270,990,535,1750,226,905,815,2330,76,500,4750,63,326,67,2613,1070,1240,1665,1180,865,344,2930,1530,254,96,1145,1055,3380,252,1950,595,990,2930,7950,2580,25225,11725,2740,4880,2800,3080,6050,10200,5200
6/4/2024 16:00:00,9350,6150,4450,4640,4580,2280,1265,2310,130,895,61,256,37,2610,995,65,4250,990,530,1745,224,895,850,2340,76,500,4990,64,344,67,2625,1060,1235,1680,1210,900,358,3000,1560,258,98,1150,1045,4220,248,1960,565,920,2920,8250,2570,25400,12775,2650,4690,2790,3130,6100,10325,5200
6/5/2024 16:00:00,9450,6000,4400,4610,4600,2260,1270,2270,131,880,59,242,34,2590,990,66,4230,985,535,1730,224,900,840,2340,75,496,4990,63,338,65,2600,1045,1220,1680,1185,880,344,3060,1460,254,95,1145,1035,4190,242,1950,560,895,2870,7425,2530,24850,11950,2420,4430,2720,3070,6125,10450,5225
6/6/2024 16:00:00,9475,6175,4500,4770,4560,2190,1290,2300,131,890,60,242,31,2600,990,66,4200,995,535,1740,226,890,840,2330,74,498,5000,62,342,66,2600,1080,1235,1680,1215,910,350,3050,1480,258,96,1155,1035,4190,244,1950,555,920,2850,6700,2510,24600,12150,2460,4470,2780,3080,6200,10600,5225
6/7/2024 16:00:00,9325,6275,4350,4700,4560,2180,1245,2330,131,880,58,240,28,2580,980,67,4190,985,535,1740,224,890,815,2330,75,498,4970,61,330,66,2575,1050,1235,1685,1200,900,344,3050,1495,256,96,1130,1045,3720,242,1950,565,940,2840,6050,2530,24750,11625,2500,4450,2760,3010,6200,10575,5225
6/10/2024 16:00:00,9525,6275,4400,4610,4510,2130,1235,2140,130,820,56,238,26,2580,990,64,4130,980,525,1720,222,890,830,2340,74,490,4970,59,334,66,2588,1060,1230,1695,1180,890,330,3010,1475,260,95,1130,1050,3710,238,1950,570,940,2750,6650,2480,24425,11950,2460,4259,2800,3070,6175,10500,5200
6/11/2024 16:00:00,9300,6125,4340,4480,4350,2170,1220,2140,131,820,53,236,24,2530,970,66,4140,970,515,1690,220,885,830,2330,74,486,4740,59,340,66,2600,1050,1220,1690,1170,885,326,2880,1455,258,94,1115,1035,3460,230,1950,565,960,2720,7300,2440,24100,11875,2450,4239,2740,3060,6125,10550,5100
6/12/2024 16:00:00,9250,5925,4350,4430,4360,2150,1225,2140,131,770,52,234,23,2510,910,65,4140,955,505,1680,206,885,830,2330,70,476,4930,59,326,65,2538,1040,1210,1675,1140,875,298,2920,1415,258,94,1100,1025,4300,222,1950,565,980,2790,8025,2430,24300,12000,2380,4101,2730,3060,6200,10575,5175
6/13/2024 16:00:00,9200,5875,4310,4480,4460,2280,1240,2140,130,730,52,236,23,2500,880,65,4210,965,510,1660,206,880,830,2330,69,478,5000,59,318,65,2600,1040,1210,1670,1125,860,308,2840,1430,254,94,1085,1030,4300,224,1950,550,980,2780,8025,2520,24200,11825,2370,4052,2720,3060,6125,10675,5100
6/14/2024 16:00:00,9200,5750,4180,4310,4420,2280,1205,2030,130,715,52,230,25,2480,810,64,4220,955,500,1645,202,875,825,2320,66,480,4860,55,298,64,2588,1030,1195,1680,1105,855,296,2720,1350,250,94,1045,1010,4300,220,1850,605,980,2780,7850,2460,24050,12100,2270,3993,2720,3200,6075,10500,4900
6/19/2024 16:00:00,9050,5750,4100,4300,4450,2410,1175,1900,130,680,50,220,27,2440,845,63,4220,940,500,1635,200,875,815,2210,65,494,4950,52,268,61,2613,980,1190,1680,1115,840,292,2830,1235,242,94,1020,1005,4300,208,1950,595,1000,2660,8250,2430,23875,12000,2310,4120,2710,3070,5925,10200,4820
6/20/2024 16:00:00,9425,5950,4270,4400,4450,2440,1230,1965,131,705,50,230,29,2450,885,62,4200,950,505,1665,199,870,805,2240,64,494,4950,51,278,62,2550,1000,1230,1685,1115,845,302,2840,1250,242,94,1025,1015,4300,212,1950,630,1010,2730,8450,2420,23900,11775,2300,4080,2720,3040,5925,10175,4780
6/21/2024 16:00:00,9600,6125,4440,4540,4490,2420,1250,2100,130,760,50,230,31,2520,905,62,4120,975,520,1710,204,880,805,2280,69,500,4950,55,284,62,2575,1000,1240,1720,1165,855,312,2950,1320,242,105,1085,1030,4300,218,1950,630,1025,2730,9100,2420,24250,11000,2310,4220,2700,2990,5975,10300,4780
6/24/2024 16:00:00,9600,6000,4400,4540,4430,2510,1240,2230,130,765,51,240,34,2500,885,63,4170,965,520,1700,204,880,800,2270,76,498,4880,56,280,60,2613,970,1225,1770,1150,850,312,2950,1295,246,105,1130,1030,3940,222,1950,620,1015,2720,9400,2430,23900,10800,2320,4080,2740,3010,5925,10300,5100
6/25/2024 16:00:00,9600,5925,4380,4480,4400,2500,1240,2140,131,745,50,236,37,2490,865,63,4180,950,515,1700,204,890,795,2270,74,496,5000,58,280,62,2613,995,1230,1750,1145,845,308,2990,1290,248,100,1095,1025,4190,218,1950,615,1000,2710,9650,2410,23600,10875,2400,4010,2720,3010,5950,10125,5025
6/26/2024 16:00:00,9500,5850,4370,4420,4420,2550,1245,2200,130,785,50,238,34,2500,900,62,4180,955,515,1705,204,880,785,2230,72,494,4920,57,282,62,2613,995,1245,1815,1165,840,306,3000,1280,248,99,1100,1025,4330,216,1845,605,1000,2750,9750,2440,23800,11450,2340,4030,2730,3010,5900,10375,5075
6/27/2024 16:00:00,9750,6000,4460,4580,4430,2540,1260,2200,130,750,50,236,32,2530,895,61,4190,965,515,1715,204,890,845,2270,72,480,4850,56,278,61,2625,990,1260,1860,1140,850,306,3030,1360,246,96,1120,1030,4300,218,1845,595,1010,2750,9800,2430,23750,11250,2360,4000,2700,3080,6025,10500,5025
6/28/2024 16:00:00,9925,6150,4600,4660,4460,2620,1265,2410,130,770,50,246,30,2580,945,62,4190,970,525,1760,208,890,840,2260,71,480,4930,58,290,62,2538,1010,1270,1875,1145,860,306,3130,1435,280,96,1145,1055,4300,226,1845,590,1010,2790,10075,2450,23900,11000,2380,4220,2750,3020,6075,10300,5075
7/1/2024 16:00:00,9875,6250,4630,4710,4620,2610,1275,2380,131,780,50,240,30,2560,930,62,4190,980,525,1760,208,900,840,2240,71,478,4900,57,284,63,2480,995,1265,1895,1210,865,316,3090,1480,256,97,1155,1050,4300,228,2000,610,1000,2800,10425,2500,24275,11525,2460,4200,2730,2960,6100,10300,5100
7/2/2024 16:00:00,9900,6200,4570,4710,4530,2560,1275,2380,130,775,50,244,30,2570,890,62,4170,975,525,1740,208,895,890,2250,72,478,4970,57,282,63,2495,980,1250,1695,1215,875,314,3040,1445,256,97,1145,1045,4300,226,2000,605,1000,2840,10150,2490,25000,11500,2460,4100,2750,2970,6100,10250,5075
7/3/2024 16:00:00,10000,6225,4600,4650,4570,2500,1265,2390,130,800,50,256,33,2580,875,65,4200,985,525,1760,210,895,885,2250,81,472,4970,59,294,65,2500,985,1260,1635,1200,880,314,3030,1415,256,99,1150,1045,4300,234,1950,605,1000,2890,10350,2500,25800,11525,2440,4030,2760,2940,6100,10275,5150
7/4/2024 16:00:00,9825,6250,4790,4710,4550,2490,1285,2310,130,795,50,258,35,2570,895,64,4200,990,530,1770,210,900,885,2250,79,476,4970,62,294,66,2500,980,1265,1655,1215,880,322,2960,1465,252,96,1175,1040,4170,236,1950,645,1000,2860,10400,2530,26150,11550,2470,4040,2760,2920,6075,10225,5250
7/5/2024 16:00:00,9950,6425,4800,4700,4580,2490,1280,2230,131,780,50,252,38,2600,880,64,4200,985,530,1790,212,895,845,2260,76,474,4890,61,294,66,2495,975,1275,1640,1275,900,346,3020,1450,252,97,1175,1045,4170,234,1950,655,1000,2910,10300,2540,26150,11550,2440,4040,2780,2910,6125,10275,5275
7/8/2024 16:00:00,10050,6225,4750,4670,4640,2450,1310,2350,131,790,50,252,40,2580,880,64,4190,995,535,1790,216,905,850,2280,75,474,4890,61,292,67,2485,975,1270,1650,1255,900,348,3080,1460,254,97,1220,1045,4050,238,1950,655,985,2900,10175,2550,26000,11100,2480,4070,2830,3050,6200,10400,5275
7/9/2024 16:00:00,10075,6375,4870,4860,4560,2520,1295,2360,131,815,50,262,44,2590,880,65,4190,1005,545,1805,220,900,870,2280,77,476,4970,62,292,66,2485,990,1280,1645,1295,935,364,3080,1470,254,103,1215,1040,4050,248,1950,650,985,2900,9950,2530,25525,11025,2440,4000,2860,3000,5950,10325,5300
7/10/2024 16:00:00,10100,6375,4850,4820,4540,2470,1285,2280,131,805,50,258,47,2600,870,64,4190,1015,550,1790,222,905,870,2280,75,474,4950,62,298,65,2485,945,1285,1645,1285,930,358,3160,1460,252,101,1200,1035,4050,244,1930,630,985,2900,9825,2540,25650,11350,2420,3980,2900,2960,6000,10300,5425
7/11/2024 16:00:00,10075,6400,4840,4870,4510,2510,1295,2280,131,800,50,254,50,2600,845,63,4200,1015,550,1790,222,910,870,2300,75,474,4910,62,292,66,2485,965,1285,1645,1245,930,344,3180,1425,250,101,1200,1040,4050,240,1930,655,970,2860,9425,2550,25500,11650,2400,3800,2940,2900,5925,10300,5525
7/12/2024 16:00:00,10075,6425,4900,5025,4540,2510,1360,2320,131,805,50,260,50,2610,870,64,4210,1025,555,1810,222,910,845,2300,83,472,4970,63,290,66,2495,975,1315,1655,1275,915,344,3220,1430,248,106,1205,1075,4050,244,1930,650,965,2830,9450,2530,25550,11700,2400,3750,2930,2920,5950,10375,5550
7/15/2024 16:00:00,10050,6350,4820,5025,4470,2480,1360,2260,131,815,50,270,50,2590,865,64,4220,1015,555,1795,224,915,860,2310,82,472,4900,61,288,66,2500,970,1310,1655,1260,900,338,3160,1495,248,106,1185,1100,4050,240,1950,645,935,2870,9050,2520,25500,11575,2320,3690,2920,2930,5975,10575,5500
7/16/2024 16:00:00,9950,6350,4730,4980,4380,2460,1380,2250,130,805,50,262,53,2620,855,63,4220,1005,555,1785,222,915,850,2320,82,470,4960,61,284,67,2490,965,1300,1665,1250,900,342,3100,1480,246,104,1175,1130,4030,240,2000,635,940,2870,8500,2530,25950,11225,2390,3800,2870,2810,5950,10475,5425
7/17/2024 16:00:00,9800,6450,4760,5000,4460,2480,1415,2360,130,920,51,262,51,2620,845,63,4210,1015,545,1780,222,925,850,2330,80,470,4970,61,280,66,2485,1125,1295,1655,1250,890,338,3250,1490,246,103,1205,1145,4030,244,1950,685,935,2900,7775,2540,25800,11100,2420,3860,2860,2860,6050,10750,5475
7/18/2024 16:00:00,10100,6550,4890,5075,4540,2490,1390,2400,131,885,51,264,51,2600,845,63,4210,1015,550,1795,220,925,845,2340,81,472,4950,61,280,67,2485,1000,1305,1655,1245,930,338,3210,1495,242,103,1205,1155,4030,244,1960,675,935,3030,8700,2620,26175,11250,2420,3830,2880,2800,6075,10750,5550
7/19/2024 16:00:00,10125,6525,4900,5100,4530,2450,1370,2310,131,870,50,252,50,2610,840,62,4210,1020,550,1805,220,920,845,2350,80,470,4950,60,282,66,2500,1010,1310,1660,1215,925,326,3140,1495,246,102,1200,1180,4030,240,1960,630,930,3100,8725,2630,26525,11300,2340,3840,2880,2800,6075,10800,5475
7/22/2024 16:00:00,10100,6700,4910,5100,4520,2560,1370,2390,130,880,51,256,50,2610,850,62,4200,1025,560,1810,210,915,830,2360,81,468,4950,59,276,65,2490,995,1305,1670,1230,920,332,3100,1480,250,101,1175,1160,4190,242,1990,665,935,3190,9050,2680,27350,11175,2390,3780,2880,2740,6025,10900,5475
7/23/2024 16:00:00,10175,6625,4790,5050,4450,2530,1360,2530,130,950,55,256,49,2590,840,62,4190,1020,555,1800,212,920,870,2370,80,464,4950,58,276,65,2490,990,1290,1670,1230,915,332,3160,1480,248,100,1165,1165,4180,242,2000,660,925,3130,8750,2650,26650,11550,2380,3740,2870,2730,6100,10725,5400
7/24/2024 16:00:00,10075,6475,4780,5100,4530,2500,1355,2450,131,950,54,252,48,2590,820,62,4190,1015,550,1790,214,920,860,2360,77,452,4950,57,278,66,2495,1135,1280,1660,1190,910,312,3060,1490,246,100,1150,1150,4030,242,2000,675,905,3170,8550,2620,26350,11800,2410,3740,2850,2720,6000,10800,5400
7/25/2024 16:00:00,10300,6575,4700,5025,4490,2420,1325,2430,130,905,54,242,47,2540,810,62,4190,1010,550,1780,214,915,810,2320,76,440,4980,56,272,66,2495,1060,1305,1660,1170,905,316,3090,1440,250,97,1110,1150,4000,234,2000,670,890,3130,8375,2610,26050,11525,2430,3690,2860,2490,6100,10850,5425
7/26/2024 16:00:00,10325,6550,4760,5000,4610,2460,1310,2570,130,925,53,244,48,2560,805,61,4250,1010,550,1775,212,910,815,2340,77,412,4980,55,272,66,2490,1010,1310,1660,1175,900,320,3100,1435,250,100,1140,1175,4290,244,2000,655,905,3180,8800,2660,26400,11650,2390,3740,2850,2490,6125,10850,5300
7/29/2024 16:00:00,10250,6475,4780,5025,4610,2480,1310,2490,130,910,54,246,51,2570,855,61,4200,1005,550,1785,208,910,820,2350,77,410,4950,53,270,67,2625,1020,1295,1660,1185,915,318,3050,1505,252,102,1160,1165,4190,244,2000,675,910,3180,8600,2670,26175,12250,2400,3760,2840,2460,6075,10825,5175
7/30/2024 16:00:00,10175,6475,4670,4950,4540,2480,1310,2670,130,925,55,260,53,2570,885,60,4250,1005,555,1850,208,915,840,2300,76,404,4910,53,256,66,2613,1140,1310,1660,1185,915,318,2880,1600,250,100,1125,1155,4250,250,2000,635,925,3230,8650,2640,26350,11925,2440,3680,2840,2430,6050,10900,5200
7/31/2024 16:00:00,10275,6400,4670,4970,4720,2600,1315,2700,131,925,53,254,55,2590,895,61,4250,990,550,1840,216,920,820,2310,75,408,5050,54,266,69,2563,1120,1295,1615,1215,910,328,2880,1675,260,99,1140,1145,4200,244,2040,645,915,3220,8650,2680,26300,11825,2460,3740,2840,2440,6125,10925,5225
8/1/2024 16:00:00,10375,6750,4750,5075,4740,2580,1340,2710,131,915,53,256,55,2570,940,61,4230,1000,550,1840,218,930,830,2310,76,408,4970,54,260,72,2525,1310,1310,1605,1190,910,324,2880,1770,260,98,1170,1170,4260,244,2050,610,935,3250,8675,2670,26625,11900,2440,3830,2820,2500,6150,11000,5250
8/2/2024 16:00:00,10200,6800,4710,5100,4690,2550,1320,2710,131,900,53,252,55,2550,900,61,4220,995,550,1850,218,930,845,2320,76,408,4930,53,262,71,2538,1235,1340,1605,1180,905,316,2850,1770,262,99,1190,1155,4260,242,2100,630,930,3320,8600,2720,26975,11825,2350,3770,2710,2430,6100,11175,5250
8/5/2024 16:00:00,9875,6575,4530,4960,4560,2420,1245,2690,131,850,51,232,55,2460,855,59,4180,975,535,1765,210,915,840,2300,74,390,4750,53,248,69,2500,1210,1285,1575,1145,865,304,2790,1630,258,97,1135,1080,4300,226,1950,635,880,3090,7900,2560,25625,11700,2190,3630,2700,2410,6050,10900,5150
8/6/2024 16:00:00,10000,6625,4600,5025,4610,2500,1275,2690,131,840,50,230,58,2470,900,59,4190,980,540,1790,214,915,865,2280,75,388,4780,52,246,69,2500,1120,1275,1580,1155,850,304,2790,1695,256,98,1140,1090,4250,228,2050,635,885,3180,7950,2590,25525,11800,2200,3650,2740,2460,6100,11000,5100
8/7/2024 16:00:00,10100,6775,4620,5000,4630,2520,1270,2680,131,850,50,234,63,2480,895,59,4180,980,540,1780,214,910,850,2290,75,388,4790,53,246,70,2550,1170,1275,1585,1140,850,310,2820,1715,270,99,1150,1140,4280,232,2050,640,900,3230,8225,2610,25800,11325,2200,3650,2780,2480,6125,11050,5300
8/8/2024 16:00:00,10225,6800,4660,5025,4740,2520,1260,2820,130,845,50,240,69,2500,895,60,4110,980,545,1770,212,915,850,2300,76,390,4800,52,252,69,2513,1185,1265,1590,1160,880,324,2850,1760,272,99,1145,1130,4280,228,1940,660,895,3190,8125,2590,25825,10350,2180,3610,2760,2460,6225,10975,5250
8/9/2024 16:00:00,10150,6850,4670,5125,4760,2590,1265,2840,131,845,51,240,75,2530,905,60,4120,985,540,1785,212,910,860,2290,77,392,4820,52,254,70,2513,1175,1275,1600,1170,880,326,2830,1740,270,103,1145,1125,4140,232,2000,660,895,3180,8350,2580,25850,11100,2210,3680,2830,2460,6275,11200,5175
8/12/2024 16:00:00,10200,6900,4680,5125,4760,2600,1280,2770,130,850,51,240,82,2530,885,59,4110,985,545,1780,212,915,875,2290,78,392,4850,52,248,74,2500,1180,1270,1595,1190,885,332,2870,1760,270,103,1145,1110,4280,234,2000,660,940,3240,8425,2650,26475,10475,2290,3850,2800,2460,6250,11000,5150
8/13/2024 16:00:00,10300,7000,4720,5175,4760,2670,1310,2770,130,900,52,242,90,2550,950,61,4090,995,550,1790,214,910,860,2300,79,398,4980,53,240,72,2500,1090,1285,1595,1195,885,332,2850,1760,270,103,1170,1120,4280,236,2010,660,925,3230,8400,2660,26825,10200,2320,3870,2830,2450,6325,11175,5150
8/14/2024 16:00:00,10200,7075,4820,5275,4890,2660,1305,2790,130,890,53,250,93,2570,955,61,4110,995,555,1820,216,920,860,2300,80,404,5000,53,244,72,2550,1080,1300,1600,1215,885,342,2860,1745,260,113,1185,1120,4280,246,2030,660,935,3220,8800,2720,26225,10425,2360,3810,2850,2430,6500,11350,5175
8/15/2024 16:00:00,10225,7025,4830,5250,4890,2660,1300,2800,130,905,54,250,90,2580,950,60,4110,995,550,1800,216,920,855,2300,79,406,5075,54,246,72,2525,1050,1295,1600,1190,875,340,2870,1750,270,111,1185,1105,4200,244,2090,665,920,3210,8675,2700,26200,10250,2340,3830,2850,2380,6475,11275,5200
8/16/2024 16:00:00,10325,7075,4830,5300,4970,2620,1305,2750,130,900,54,246,90,2570,950,61,4100,995,555,1810,216,915,835,2310,79,404,5075,53,246,73,2525,1065,1295,1605,1215,890,344,2960,1865,270,107,1210,1135,4260,242,2050,670,920,3280,8750,2730,26425,10250,2300,3860,2850,2390,6525,11375,5150
8/19/2024 16:00:00,10375,7150,4820,5350,5025,2610,1315,2730,130,890,54,262,99,2580,990,61,4090,990,555,1815,248,930,840,2320,82,410,5125,55,248,75,2538,1090,1305,1605,1205,890,334,2930,1805,270,144,1255,1160,4250,248,2030,660,925,3280,9200,2710,26475,10450,2340,3810,2860,2360,6450,11400,5000
8/20/2024 16:00:00,10425,7200,4950,5475,5125,2640,1365,2960,132,995,53,284,98,2610,990,66,4090,1000,560,1835,258,940,870,2350,86,426,5100,61,266,75,2538,1065,1325,1610,1240,930,354,2980,1755,264,140,1250,1165,4250,262,2050,665,925,3270,9425,2720,26400,10450,2340,3860,2870,2370,6525,11425,5100
8/21/2024 16:00:00,10425,7250,5100,5450,5075,2680,1350,2900,132,1030,53,280,105,2630,990,64,4090,1000,565,1890,258,935,855,2360,86,418,5100,61,268,75,2538,1055,1345,1620,1230,915,350,2970,1820,264,158,1235,1150,4250,258,2050,665,920,3260,9525,2710,26675,10375,2350,3830,2910,2360,6625,11450,5050
8/22/2024 16:00:00,10325,7050,5050,5275,5000,2620,1320,2870,131,1000,52,268,111,2580,985,64,4030,995,555,1865,250,1165,870,2360,82,408,5100,60,260,74,2538,1060,1325,1610,1260,915,356,2920,1785,264,160,1205,1130,4250,254,2030,665,905,3360,9375,2720,26725,10675,2290,3760,2890,2350,6650,11350,5075
8/23/2024 16:00:00,10325,7050,5150,5450,5100,2700,1370,2870,131,1010,53,290,116,2600,1020,66,4120,1000,565,1895,250,1455,850,2360,85,420,5100,68,262,75,2538,1085,1340,1595,1270,910,378,2950,1825,262,160,1265,1145,4250,284,2100,665,915,3470,9450,2760,26675,10750,2320,3800,2850,2350,6700,11475,5025
8/26/2024 16:00:00,10325,7050,5300,5525,5150,2730,1435,2890,131,1000,52,288,120,2660,1010,66,4100,1005,575,1910,238,1500,860,2320,85,420,5125,67,264,75,2525,1100,1360,1610,1280,910,376,2980,1880,264,155,1310,1140,4250,280,2120,680,915,3490,9725,2770,27000,10700,2470,3810,2810,2350,6850,11400,5000
8/27/2024 16:00:00,10200,7025,5175,5400,5150,2740,1400,2860,130,985,52,278,126,2660,1000,65,4070,1005,570,1900,230,1300,850,2320,83,420,5150,67,256,74,2550,1085,1340,1615,1285,915,380,2990,1935,260,155,1300,1140,4260,274,2160,660,940,3520,9800,2780,27000,11050,2450,3770,2860,2290,6800,11425,5075
8/28/2024 16:00:00,10350,7225,5150,5375,5025,2730,1420,2890,131,975,51,284,130,2640,1000,66,4010,1000,575,1900,232,1370,840,2320,82,420,5150,68,256,75,2550,1085,1335,1610,1320,935,400,2980,2010,266,148,1265,1140,4260,274,2040,660,935,3530,10200,2780,27225,10775,2480,3760,2870,2250,6825,11400,5000
8/29/2024 16:00:00,10225,7100,5125,5300,5075,2680,1390,2870,130,950,51,278,132,2630,1005,67,4020,1000,575,1875,240,1245,855,2320,82,434,5200,68,252,76,2563,1085,1330,1635,1460,1020,442,3030,2120,264,164,1285,1125,4260,264,2050,660,920,3520,10425,2780,27175,10825,2400,3720,2850,2240,6800,11400,4950
8/30/2024 16:00:00,10325,7125,5150,5350,5100,2650,1410,2870,131,980,52,282,124,2610,1015,67,4190,995,570,1880,238,1210,835,2340,82,422,5200,67,254,76,2490,1075,1360,1615,1400,970,412,3060,2170,264,157,1265,1130,4260,260,2100,660,910,3560,10750,2730,27225,10650,2360,3840,2900,2270,6850,11475,4860
9/2/2024 16:00:00,10275,7200,5175,5350,5200,2610,1395,2960,131,1010,53,318,105,2630,995,67,4130,1000,575,1900,238,1210,835,2360,83,424,5200,71,250,77,2500,1110,1375,1605,1475,995,428,3140,2400,264,153,1275,1140,4260,282,2050,660,910,3610,10750,2820,27675,10700,2370,3800,2890,2290,6725,11500,4850
9/3/2024 16:00:00,10175,7075,5175,5375,5125,2590,1385,2810,131,995,52,304,88,2620,955,67,4080,1000,565,1885,236,1210,835,2360,83,424,6225,71,244,76,2500,1085,1360,1610,1415,955,418,3080,2320,264,154,1255,1140,4260,270,2050,660,900,3600,10250,2800,27800,10650,2360,3750,2870,2250,6775,11375,4850
9/4/2024 16:00:00,10300,7175,5100,5350,5050,2570,1365,2770,130,985,52,292,90,2620,940,66,4020,1000,565,1870,232,1175,840,2370,83,420,7450,70,228,78,2500,1090,1340,1610,1400,940,410,3080,2340,264,154,1240,1160,4260,264,2090,645,890,3560,11250,2760,27500,10700,2280,3690,2900,2240,6700,11400,4830
9/5/2024 16:00:00,10250,7175,5150,5450,5075,2650,1405,2770,131,980,52,288,80,2630,980,67,4010,1000,565,1900,232,1175,835,2370,82,426,8925,67,224,76,2495,1120,1340,1610,1395,935,414,3020,2350,280,150,1260,1205,4280,268,2050,645,880,3550,10750,2750,27275,10675,2280,3670,2890,2220,6975,11650,4850
9/6/2024 16:00:00,10300,7250,5225,5650,5050,2630,1405,2780,131,995,53,286,92,2620,1000,65,4020,1000,575,1895,230,1180,870,2360,83,422,10700,65,228,78,2490,1100,1350,1615,1385,935,406,3040,2310,280,147,1270,1230,4280,270,2050,690,890,3470,10800,2710,27225,10900,2280,3680,2920,2220,7025,11450,4790
9/9/2024 16:00:00,10275,7250,5175,5725,5025,2620,1400,2780,131,985,53,280,88,2610,980,66,4010,995,575,1890,232,1195,835,2360,83,422,10700,69,236,79,2513,1100,1360,1610,1345,915,390,3030,2300,280,158,1235,1205,4280,264,2130,665,880,3490,10750,2680,27225,10825,2260,3650,2950,2190,6925,11600,4800
9/10/2024 16:00:00,10350,7250,5250,5700,5025,2650,1425,2840,131,985,56,284,88,2610,1005,64,4020,1000,565,1950,232,1200,840,2370,83,422,11300,68,238,79,2513,1060,1375,1610,1335,925,392,3030,2280,282,153,1235,1215,4260,270,2130,690,870,3490,11500,2670,26100,10550,2260,3630,3040,2210,7050,11575,4830
9/11/2024 16:00:00,10425,7375,5175,5650,5025,2750,1445,2780,130,985,56,278,84,2600,1000,63,4010,995,570,1950,238,1160,840,2360,83,420,11300,68,232,79,2495,1060,1370,1610,1355,940,400,3040,2300,280,150,1220,1240,4300,268,2090,800,860,3520,11900,2660,26000,10325,2260,3630,3120,2190,7000,11575,4760
9/12/2024 16:00:00,10475,7300,5175,5600,5025,2880,1440,2820,131,985,60,286,85,2620,1010,63,4090,995,570,1955,236,1185,840,2360,83,422,9600,68,234,79,2495,1060,1370,1610,1445,985,420,3050,2760,280,150,1235,1225,4260,274,2050,690,860,3850,11750,2720,26375,10450,2300,3690,3220,2220,7150,11475,4850
9/13/2024 16:00:00,10425,7275,5300,5625,5075,2860,1430,2810,130,975,61,284,87,2610,1005,64,4040,995,570,1940,234,1175,830,2390,83,422,9500,68,234,77,2495,1050,1370,1600,1450,975,420,3110,2470,280,148,1235,1220,4250,272,2050,680,865,3670,11775,2730,26200,10325,2290,3670,3150,2200,7100,11325,4800
9/17/2024 16:00:00,10500,7425,5300,5650,5075,3100,1445,2990,130,1005,65,300,87,2630,1045,65,4050,990,570,1930,232,1170,830,2380,84,424,8875,68,234,78,2495,1030,1365,1610,1470,985,432,3090,2510,280,153,1240,1210,4250,280,2050,655,875,3760,11150,2800,25850,10275,2300,3720,3150,2180,7100,11400,4960
9/18/2024 16:00:00,10625,7400,5350,5700,5250,3140,1485,3090,130,1015,61,306,88,2640,1040,65,4060,995,580,1985,236,1165,830,2390,84,426,8875,67,236,78,2495,1025,1380,1615,1445,960,422,3120,2380,280,155,1315,1225,4260,288,2050,665,875,3650,10725,2780,25925,10375,2280,3680,3160,2210,7075,11500,4940
9/19/2024 16:00:00,10900,7400,5400,5825,5275,3160,1535,3140,131,1000,63,302,86,2670,1035,65,4050,1000,580,1995,238,1165,830,2460,83,424,8925,68,246,79,2500,1015,1380,1620,1435,965,430,3140,2460,282,154,1410,1235,4260,284,2020,665,875,3660,11025,2780,26000,10425,2270,3690,3120,2200,7075,11700,5050
9/20/2024 16:00:00,10775,7300,5375,5750,5225,3030,1530,3030,130,1000,63,294,85,2690,1015,65,4030,995,585,1985,236,1155,825,2450,83,424,8950,68,242,79,2500,1035,1385,1625,1460,960,426,3150,2440,280,152,1355,1270,4260,266,2050,665,890,3690,8825,2950,25900,10325,2260,3700,3120,2170,7150,12000,5000
9/23/2024 16:00:00,10950,7450,5500,5800,5225,3150,1530,3180,131,995,65,302,84,2680,1010,80,4050,995,580,1990,234,1160,830,2460,86,422,8950,70,240,79,2500,1015,1410,1620,1570,1000,434,3170,2360,280,155,1365,1285,4260,272,2050,665,900,3700,7075,3120,26175,10175,2290,3750,3220,2210,7100,12200,4960
9/24/2024 16:00:00,10800,7425,5525,5800,5275,3110,1515,3150,130,1000,63,302,82,2670,1040,77,4040,990,585,1995,236,1165,845,2490,85,428,9000,71,236,78,2513,1030,1430,1625,1640,1025,458,3160,2350,282,151,1345,1270,4270,272,2050,665,900,3740,7225,3100,26900,10100,2340,3790,3330,2260,7175,12425,4920
9/25/2024 16:00:00,10850,7200,5325,5600,5225,3070,1445,3080,131,1000,66,296,79,2640,1035,77,4000,980,575,1935,232,1170,840,2440,85,426,9000,70,236,77,2513,1040,1370,1635,1635,1000,438,3190,2340,280,149,1275,1250,4270,270,2050,665,910,3690,6975,3080,26525,10175,2450,3970,3250,2300,7175,12450,4920
9/26/2024 16:00:00,10700,7175,5050,5600,5250,3100,1465,3150,130,1015,70,296,74,2640,1020,76,4000,980,575,1930,232,1175,835,2430,85,418,9050,68,238,78,2500,1035,1380,1600,1655,995,436,3170,2460,280,153,1260,1235,4270,274,2020,665,905,3780,7300,3110,26500,10100,2590,4020,3280,2300,7225,12775,4880
9/27/2024 16:00:00,10650,7050,5100,5450,5100,3060,1460,3160,130,1005,70,290,75,2630,1005,76,4060,975,570,1915,232,1175,825,2430,84,420,9050,69,220,77,2500,1030,1390,1620,1640,995,440,3050,2550,282,152,1270,1220,4270,268,2050,675,900,3910,7175,3140,26500,9525,2700,4030,3200,2270,7175,12650,4800
9/30/2024 16:00:00,10325,6925,4950,5350,5050,3010,1450,3050,131,995,66,284,70,2600,1040,75,4180,965,570,1880,230,1170,820,2370,83,418,9050,68,214,77,2475,1005,1360,1605,1625,995,432,2990,2560,290,151,1215,1195,4270,268,2050,660,900,3810,6600,3080,26475,9275,2720,4080,3160,2210,7050,12325,4700
10/1/2024 16:00:00,10550,7050,5075,5375,5175,3000,1465,3040,130,965,67,280,70,2600,985,73,4050,970,570,1885,228,1160,830,2400,83,420,9050,68,220,77,2475,1015,1360,1610,1590,970,422,3020,2680,282,153,1235,1180,4270,270,2050,665,915,3920,6800,3070,26350,9350,2690,4220,3190,2210,7175,12450,4720
10/2/2024 16:00:00,10500,6975,4940,5350,5150,2940,1415,2940,130,920,65,254,67,2600,965,70,4010,965,565,1870,226,1120,810,2380,82,418,9050,66,216,76,2465,1020,1350,1615,1540,940,408,2920,2550,280,151,1205,1155,4260,260,2050,665,905,3870,6975,3050,26025,9050,2730,4300,3130,2170,7075,12200,4730
10/3/2024 16:00:00,10450,7050,4920,5375,5250,2970,1390,2950,130,915,64,260,66,2630,935,73,4040,965,560,1865,226,1060,810,2360,82,426,9050,66,220,75,2450,995,1360,1620,1750,1035,448,2890,2590,282,149,1180,1135,4270,262,2030,665,930,3830,6850,3060,26100,8900,2690,4320,3150,2190,7100,12000,4740
10/4/2024 16:00:00,10475,6950,4860,5325,5150,2910,1365,2830,130,900,60,252,67,2620,915,72,4050,970,565,1850,226,1060,820,2330,81,418,9075,66,222,76,2455,990,1340,1620,1690,1030,422,2880,2530,280,147,1170,1145,4270,256,2030,665,915,3810,6950,2990,25975,8875,2680,4300,3150,2170,7050,12125,4760
10/7/2024 16:00:00,10300,6875,4820,5200,5100,2910,1385,2860,131,940,60,254,64,2620,955,72,4050,975,565,1830,226,1045,805,2340,81,418,9075,66,224,77,2500,975,1340,1620,1700,1030,442,2900,2480,282,147,1170,1160,4280,266,2030,665,920,3890,6750,3100,26325,9000,2710,4400,3160,2270,6925,12000,4840
10/8/2024 16:00:00,10400,7075,5000,5350,5225,3050,1410,2870,131,950,60,264,65,2620,960,70,4050,980,565,1870,226,1055,810,2370,81,418,9075,66,224,76,2485,990,1360,1630,1725,1055,450,2990,2350,280,148,1210,1160,4160,274,2030,665,905,3800,6700,3080,26050,9025,2580,4130,3140,2310,7000,12300,4850
10/9/2024 16:00:00,10425,6950,4930,5325,5075,3000,1390,2830,131,930,60,260,64,2610,965,71,4020,975,570,1885,224,1055,815,2370,80,414,9075,66,226,76,2470,995,1345,1630,1720,1060,438,2960,2290,280,148,1185,1150,4150,272,2070,665,905,3820,6600,3050,26050,9000,2550,4150,3140,2280,6925,12075,4850
10/10/2024 16:00:00,10500,6950,4860,5325,5125,3030,1390,2800,130,920,60,256,68,2610,950,73,4030,975,560,1870,224,1045,815,2360,81,410,9075,67,222,76,2465,1000,1350,1655,1740,1065,442,2950,2320,282,147,1185,1160,4030,266,2070,695,920,3820,6525,3020,26025,8875,2560,4140,3140,2280,7025,12050,4890
10/11/2024 16:00:00,10375,6950,4900,5375,5075,3000,1450,2860,131,935,60,258,69,2580,950,72,4020,975,565,1875,226,1055,805,2360,82,410,9075,67,224,76,2465,1000,1360,1655,1745,1065,444,2940,2320,282,144,1190,1165,4150,266,2000,665,920,3870,6500,3030,25925,9150,2540,4160,3170,2270,7000,12250,4860
10/14/2024 16:00:00,10500,6925,4900,5425,4930,3000,1480,2920,130,930,65,264,73,2610,950,76,4010,980,565,1865,228,1070,805,2360,81,412,9075,67,224,75,2500,1000,1355,1645,1800,1080,444,2900,2300,282,144,1180,1190,4140,276,2000,665,915,3870,6700,3100,25950,9450,2530,4210,3200,2320,7050,12350,4950
10/15/2024 16:00:00,10625,7050,4920,5500,4930,3020,1490,2900,130,935,66,266,70,2620,965,76,4020,990,565,1890,226,1090,800,2360,86,410,9075,68,222,76,2490,990,1360,1640,1795,1070,444,2940,2330,298,154,1190,1175,4140,274,2010,680,915,3880,6550,3100,26150,9825,2510,4170,3280,2350,7200,12575,4970
10/16/2024 16:00:00,10475,7000,4950,5475,4960,3020,1500,2820,131,920,68,268,66,2620,945,75,4020,990,565,1935,226,1095,810,2350,87,408,9075,70,224,76,2485,1000,1355,1635,1775,1045,438,3000,2380,298,152,1170,1160,4140,274,2010,680,915,3850,6875,3080,25850,9825,2530,4130,3280,2440,7175,12500,5050
10/17/2024 16:00:00,10725,7225,4980,5500,4950,3110,1505,2860,131,955,68,276,66,2630,945,84,4030,985,570,1910,232,1095,815,2350,99,410,9075,74,228,79,2485,1000,1375,1635,1785,1055,446,3040,2360,306,174,1185,1180,4130,276,2020,685,915,3900,7175,3060,25950,9700,2550,4120,3330,2370,7175,12500,5000
10/18/2024 16:00:00,10750,7175,4970,5650,4920,3100,1500,2860,130,940,68,282,68,2610,945,80,4030,985,575,1910,228,1090,805,2350,95,412,9075,72,228,78,2480,995,1365,1630,1935,1120,462,3100,2340,300,164,1175,1170,4200,284,2000,685,915,3780,7175,3050,25925,9800,2520,4120,3360,2330,7425,12800,5100
10/21/2024 16:00:00,10675,7200,4990,5625,5100,3080,1490,2960,139,940,68,278,71,2620,955,85,4140,975,570,1905,230,1075,815,2340,96,410,9075,94,232,78,2495,1000,1365,1640,1965,1155,472,3100,2460,300,169,1175,1165,4170,280,2000,685,910,3740,7025,3020,25875,9750,2560,4250,3370,2330,7400,12500,5050
10/22/2024 16:00:00,10500,7075,4900,5650,5275,3000,1470,2930,137,945,72,280,72,2600,950,84,4060,990,570,1910,232,1070,820,2330,97,412,9200,119,230,80,2490,1000,1360,1635,1905,1155,470,3010,2420,298,170,1160,1145,4040,280,2000,685,910,3730,7625,3040,25925,9475,2570,4260,3440,2320,7425,12525,4990
10/23/2024 16:00:00,10650,7075,4860,5675,5300,3020,1480,2960,135,1010,74,274,73,2630,965,86,4060,990,570,1905,230,1050,810,2300,104,416,9350,108,228,84,2480,990,1360,1635,1925,1205,480,2940,2380,294,169,1135,1150,4140,282,2000,680,910,3690,7575,2950,25675,9425,2530,4200,3560,2330,7500,12600,5075
10/24/2024 16:00:00,10700,6975,4820,5625,5275,3090,1495,2920,132,970,72,274,71,2600,975,84,4100,985,565,1915,230,1030,800,2270,100,416,9300,122,226,83,2470,995,1355,1635,1900,1220,478,2900,2340,296,167,1135,1135,4190,284,2000,680,905,3680,7400,2920,25675,9225,2530,4120,3550,2130,7525,12525,5150
10/25/2024 16:00:00,10750,7050,4770,5650,5225,3010,1470,2860,135,1000,70,262,68,2620,975,83,4090,980,565,1895,228,1285,805,2260,97,404,9200,122,226,81,2470,995,1350,1650,1955,1190,484,2910,2280,290,165,1125,1135,4260,272,1990,705,905,3660,7275,2880,25525,9225,2450,4070,3480,2100,7500,12650,5150
10/28/2024 16:00:00,10600,6825,4760,5500,5250,3010,1450,2900,133,965,68,260,69,2610,975,82,4090,970,565,1880,226,1200,805,2260,101,396,9250,133,222,80,2495,1000,1345,1625,1925,1150,470,2920,2240,298,165,1080,1135,4250,266,1980,685,890,3680,6800,2870,25525,9225,2420,4020,3570,2020,7525,12650,5125
10/29/2024 16:00:00,10500,6825,4700,5300,5125,2950,1425,2890,133,970,70,260,68,2580,1000,83,4080,975,560,1855,226,1175,800,2270,104,396,9200,157,222,82,2485,1010,1335,1630,1900,1125,470,2900,2240,292,167,1080,1155,4240,270,1990,700,880,3630,6800,2850,25450,9425,2360,3990,3500,2020,7575,12575,5275
10/30/2024 16:00:00,10350,6750,4710,5225,5200,2960,1405,2850,132,975,71,258,68,2570,990,85,4100,975,555,1870,226,1145,825,2260,101,392,9200,157,222,81,2465,1010,1345,1670,1910,1145,472,2900,2360,294,165,1065,1140,4250,266,1980,690,890,3640,6675,2840,25150,9275,2390,3870,3450,1960,7475,12450,5125
10/31/2024 16:00:00,10250,6700,4800,5250,5100,3030,1405,2840,133,980,68,266,72,2570,990,86,4130,980,560,1870,228,1180,815,2270,101,388,9175,157,222,85,2455,995,1370,1660,1900,1140,476,2820,2310,296,162,1065,1130,4270,268,1980,685,900,3620,6800,2960,25075,9175,2420,3820,3320,1965,7600,12325,5250
11/1/2024 16:00:00,10425,6650,4700,5200,5075,2950,1415,2800,131,970,68,260,72,2530,1000,87,4090,965,555,1825,228,1170,835,2250,101,388,9000,157,220,88,2465,995,1370,1655,1865,1135,470,2780,2400,298,163,1050,1130,4260,262,1980,695,885,3790,6700,2920,25500,9025,2350,3800,3240,1955,7300,12100,4890
11/4/2024 16:00:00,10375,6750,4720,5300,5125,2940,1380,2720,131,965,65,256,68,2540,975,84,4090,965,555,1855,224,1115,800,2240,98,376,9025,157,220,82,2450,1000,1380,1640,1865,1090,462,2800,2450,300,161,1045,1095,4260,260,1995,695,875,3930,6600,2870,25125,9000,2320,3770,3290,1870,7450,12325,4980
11/5/2024 16:00:00,10500,6925,4710,5400,5175,2970,1370,2740,131,940,66,256,69,2540,985,86,4090,970,550,1840,222,1115,820,2280,96,374,9075,157,218,83,2440,985,1375,1640,1890,1080,470,2770,2500,306,163,1045,1080,4260,260,2000,700,875,4040,6400,2890,25375,9000,2300,3840,3290,1780,7875,12600,4900
11/6/2024 16:00:00,10450,6550,4600,5125,5050,2900,1330,2560,131,960,64,246,75,2510,970,83,4090,965,555,1815,222,1100,800,2250,95,360,9075,157,214,79,2440,990,1365,1645,1850,1065,464,2740,2400,298,166,1050,1080,4270,250,2000,685,855,4010,6375,2860,25250,9200,2270,3730,3130,1755,7800,12150,5075
11/7/2024 16:00:00,10175,6425,4550,5025,5000,2850,1340,2570,130,915,61,246,73,2510,980,81,4070,960,550,1805,220,1085,810,2220,92,354,9075,157,214,78,2425,995,1350,1630,1860,1070,472,2760,2350,298,162,1020,1085,4250,244,1950,700,855,3920,6000,2830,25425,8700,2270,3730,3130,1735,7900,12075,4890
11/8/2024 16:00:00,10075,6325,4520,4980,4960,2860,1325,2600,131,965,63,246,66,2520,960,81,4070,960,550,1790,220,1110,790,2290,92,346,9075,167,214,80,2420,1010,1355,1670,1880,1080,476,2750,2300,304,162,1030,1090,4250,244,1970,690,880,3830,6875,2800,25250,9000,2240,3820,3130,1760,7700,12100,4860
11/11/2024 16:00:00,10050,6350,4460,4990,4970,2820,1295,2500,130,855,65,240,65,2520,935,80,4100,945,545,1790,220,1095,780,2310,87,346,9075,151,212,79,2415,995,1350,1655,2010,1210,510,2690,2300,306,161,1010,1075,4280,240,1960,690,870,3740,7375,2770,25150,9250,2200,3700,3110,1740,7800,11950,4760
11/12/2024 16:00:00,10150,6375,4500,4930,4970,2880,1300,2460,130,895,68,240,62,2530,930,80,4090,945,545,1785,224,1095,780,2240,87,342,9075,136,214,80,2420,990,1350,1655,1985,1160,498,2600,2360,328,162,990,1095,4280,246,1960,690,865,3820,7500,2870,25700,9525,2180,3680,3150,1825,7850,11850,4800
11/13/2024 16:00:00,10150,6425,4580,4960,5025,2890,1330,2560,131,900,67,248,61,2510,910,79,4090,950,550,1795,222,1145,785,2280,86,340,9275,123,212,81,2470,990,1350,1655,1915,1155,486,2580,2340,328,162,975,1080,4250,246,1960,685,880,3920,7375,2810,26200,9500,2240,3740,2950,1800,7725,11850,4870
11/14/2024 16:00:00,10100,6375,4500,4950,4950,2850,1305,2550,130,895,65,244,60,2520,880,77,4090,955,545,1780,222,1105,800,2250,92,338,9100,135,206,80,2410,995,1340,1650,1900,1140,470,2530,2300,324,165,945,1065,4250,240,1950,660,860,3830,7025,2770,26300,9350,2180,3810,2950,1770,7700,11450,4880
11/15/2024 16:00:00,10175,6350,4470,4910,4940,2850,1290,2490,131,885,64,236,58,2520,860,76,4090,945,545,1785,218,1080,765,2300,89,332,9100,122,200,78,2400,1000,1340,1660,1890,1135,444,2540,2290,326,166,940,1055,4280,230,2000,655,860,3920,6900,2750,26500,9175,2100,3820,2880,1845,7725,11675,4790
11/18/2024 16:00:00,10000,6325,4350,4870,4930,2850,1260,2460,131,870,68,234,55,2510,880,74,4100,940,540,1770,218,1080,790,2290,87,324,9075,122,200,76,2400,1000,1330,1630,1845,1115,448,2590,2000,316,168,920,1040,4280,224,2000,665,830,3700,6675,2720,26850,9525,2010,3690,2920,1820,7725,11975,4760
11/19/2024 16:00:00,9925,6250,4360,4850,4970,2780,1280,2550,131,900,74,244,62,2520,865,77,4090,950,540,1770,220,1080,775,2290,92,330,9100,164,202,77,2375,985,1340,1645,1870,1145,464,2780,2130,348,167,930,1055,4050,234,2000,625,820,3710,6850,2770,26800,9575,2080,3710,2960,1805,7800,11900,4750
11/20/2024 16:00:00,10075,6225,4330,4850,5000,2770,1270,2660,131,895,72,244,60,2520,945,78,4090,945,540,1770,218,1090,750,2300,95,328,9100,168,202,79,2405,990,1355,1645,1840,1135,452,2680,2260,362,178,910,1065,4100,228,1950,660,810,3690,6750,2740,26700,9675,2150,3720,2910,1805,7800,11800,4710
11/21/2024 16:00:00,9850,6150,4250,4720,4890,2690,1245,2660,130,880,72,300,60,2520,925,78,4090,940,540,1740,216,1080,760,2260,101,328,9050,188,200,78,2405,975,1340,1635,1845,1120,450,2770,2230,366,240,910,1045,4120,226,2100,665,810,3680,6550,2720,27375,9575,2100,3680,2890,1740,7625,11800,4660
11/22/2024 16:00:00,9850,6250,4400,4840,4910,2950,1260,2730,135,880,78,274,61,2540,920,80,4090,950,545,1765,218,1010,740,2290,97,330,9050,252,200,79,2415,970,1340,1620,1790,1110,438,2750,2190,358,226,935,1045,4270,238,2050,660,835,3750,6700,2770,27950,9525,2050,3660,2890,1795,7475,12000,4700
11/25/2024 16:00:00,10175,6575,4470,4990,5175,2950,1290,2740,133,890,76,262,62,2570,890,84,4090,960,555,1790,222,1000,760,2290,101,326,9025,312,270,80,2435,980,1350,1635,1765,1050,422,2740,2230,350,220,910,1075,4270,242,2040,660,830,3770,6900,2800,27600,9100,2030,3670,2980,1915,7600,11950,4680
11/26/2024 16:00:00,10000,6400,4400,4950,5150,2920,1295,2640,131,880,74,268,59,2550,870,83,4100,955,555,1770,220,1000,765,2270,95,326,9050,288,236,79,2430,980,1350,1625,1775,1070,424,2710,2220,346,206,915,1050,4220,238,2030,675,840,3670,6700,2760,27425,9100,2000,3650,2900,1870,7650,11975,4670
11/28/2024 16:00:00,10000,6450,4330,5025,5125,2910,1290,2670,130,870,72,272,59,2540,910,82,4100,950,545,1765,218,985,720,2270,93,324,9150,360,246,79,2400,975,1340,1635,1760,1060,418,2720,2100,338,206,920,1050,4220,238,2030,660,845,2760,6750,2790,27300,9250,1930,3620,2870,1885,7650,11900,4750
11/29/2024 16:00:00,10000,6150,4250,4980,5100,2900,1285,2640,131,855,71,260,58,2520,930,83,4140,940,545,1755,216,975,725,2290,94,312,9075,436,232,78,2400,985,1330,1625,1780,1075,430,2710,2120,346,204,910,1050,4200,232,2050,665,830,2080,6625,2700,26650,9000,1840,3600,2850,1865,7550,11900,4670
12/2/2024 16:00:00,9750,6000,4170,4710,4940,2840,1220,2500,130,850,70,262,58,2560,895,81,4090,940,545,1735,214,965,725,2260,91,308,9075,436,252,79,2355,975,1330,1625,1900,1100,446,2680,2390,354,200,875,1055,4200,228,2070,645,825,2310,6725,2670,26900,9025,1840,3550,2870,1875,7550,11850,4720
12/3/2024 16:00:00,10200,6275,4240,4780,5125,2940,1205,2580,131,850,75,260,58,2530,900,83,4100,940,545,1745,218,985,710,2270,94,306,9075,436,248,80,2345,975,1325,1635,1980,1140,464,2820,2570,352,208,890,1060,4200,230,2160,665,825,2360,6800,2700,27100,9350,1860,3510,2900,1875,7775,11925,4740
12/4/2024 16:00:00,10200,6375,4350,4950,5225,3000,1220,2580,131,855,75,260,59,2540,940,82,4090,940,550,1760,216,995,780,2290,94,320,9075,436,244,79,2290,960,1335,1640,1900,1135,458,2840,2760,356,208,900,1060,4200,234,2180,670,830,2360,7475,2710,27500,9575,1930,3680,3020,1910,7850,11800,4980
12/5/2024 16:00:00,10250,6150,4260,4820,5200,2970,1210,2550,131,860,75,256,59,2540,930,80,4090,945,550,1775,216,990,755,2220,93,322,9050,436,238,79,2300,955,1340,1635,1890,1100,452,2770,2670,380,212,920,1050,4200,236,2180,655,820,2340,7500,2740,27450,9550,1920,3640,2990,1875,7875,11900,4930
12/6/2024 16:00:00,10075,6225,4310,4860,5150,2980,1210,2700,130,850,77,256,58,2560,930,82,4090,940,555,1780,218,990,750,2260,93,324,9050,436,236,79,2305,965,1340,1640,1890,1105,448,2760,2590,374,210,965,1060,4200,238,2150,660,830,2300,8500,2730,27700,9525,1910,3640,3070,1870,7925,11825,4910
12/9/2024 16:00:00,10350,6375,4390,5000,5225,3010,1235,2680,131,855,78,256,59,2630,930,82,4100,950,555,1820,220,1000,750,2280,93,324,9050,436,242,79,2295,975,1355,1630,1900,1110,448,2740,2780,376,206,940,1060,4200,242,2090,660,840,2680,8325,2750,27850,9325,1920,3620,2940,1895,8200,11775,4910
12/10/2024 16:00:00,10350,6300,4360,5100,5225,2970,1235,2690,132,855,80,254,59,2620,925,83,4080,950,555,1800,218,1000,750,2370,92,326,9075,436,238,79,2280,965,1345,1635,2010,1175,478,2770,2650,372,204,955,1060,4200,242,1895,660,835,2730,8450,2830,27875,9375,1990,3760,3050,2000,8150,11725,4930
12/11/2024 16:00:00,10425,6300,4380,5075,5250,2970,1250,2670,131,855,78,252,57,2630,940,83,4060,955,555,1785,220,990,765,2280,91,358,9100,436,240,79,2315,945,1350,1630,2000,1175,480,2860,2510,380,202,950,1060,4200,240,1945,650,820,2610,8400,2800,28200,9225,1985,3750,2970,1945,8200,11725,4990
12/12/2024 16:00:00,10175,6125,4260,4880,5100,2900,1230,2600,131,835,77,242,56,2600,915,83,4090,955,555,1785,218,990,750,2280,94,344,9100,436,236,78,2290,960,1345,1625,1945,1140,460,2820,2370,372,206,930,1055,4200,236,1990,655,820,2530,8525,2800,28025,9300,1945,3900,2940,1905,8200,11600,4950
12/13/2024 16:00:00,10050,6025,4170,4730,5125,2900,1210,2630,131,825,76,234,57,2600,905,82,4090,950,550,1770,216,985,735,2220,95,336,9100,394,226,79,2275,960,1340,1620,1970,1140,452,2790,2350,366,200,925,1050,4200,230,1990,650,825,2580,8525,2780,27850,9150,1925,3950,2960,1870,8175,11850,4950
12/16/2024 16:00:00,10100,6075,4250,4640,5125,2850,1200,2600,130,780,72,232,56,2600,900,80,4090,945,545,1760,216,980,750,2240,92,326,8950,356,218,77,2275,975,1325,1605,1945,1090,444,2660,2310,366,202,910,1045,4200,226,1935,650,800,2600,8425,2740,27750,9150,1900,3850,2970,1825,8125,11800,4880
12/17/2024 16:00:00,9900,5950,4150,4470,4980,2760,1170,2590,130,800,70,230,54,2550,905,78,4080,930,540,1740,214,980,735,2240,89,320,9050,322,214,76,2250,900,1315,1605,1880,1070,432,2620,2250,360,202,895,1040,4200,224,1920,650,790,2510,8800,2670,27250,9000,1840,3760,2850,1760,8050,11525,4840
12/18/2024 16:00:00,9800,5825,4150,4430,5000,2680,1155,2590,131,800,70,230,55,2530,900,77,4090,925,540,1735,210,965,760,2240,90,310,9050,290,208,74,2260,900,1315,1605,1835,1085,428,2570,2240,360,197,900,1030,4200,222,1880,650,785,2590,8975,2680,27150,8850,1760,3750,2810,1805,7825,11325,4750
12/19/2024 16:00:00,9675,5675,4090,4310,4880,2640,1110,2350,130,800,68,218,52,2520,875,75,4090,915,530,1670,206,930,750,2190,90,304,8900,276,200,74,2200,900,1280,1590,1795,1055,418,2530,2160,350,196,885,1010,4200,214,1895,650,760,2540,8825,2580,26325,8950,1615,3600,2810,1770,7650,11200,4600
12/20/2024 16:00:00,9650,5675,4060,4260,4870,2750,1125,2240,130,820,69,214,53,2520,890,77,4090,905,535,1680,208,940,720,2200,88,306,9025,300,208,74,2190,900,1280,1585,1770,1040,420,2550,2050,358,195,900,1025,4200,206,1945,650,750,2550,9200,2590,25525,9000,1595,3540,2780,1750,7625,11250,4660
12/23/2024 16:00:00,9775,5825,4210,4380,4950,2800,1140,2400,130,805,71,220,56,2530,905,76,4090,910,535,1705,210,950,705,2210,89,304,9050,320,208,75,2220,860,1285,1595,1780,1015,420,2650,2080,354,193,935,1020,4200,212,1935,630,745,2540,9375,2590,25650,9000,1630,3510,2940,1785,7725,11425,4850
12/24/2024 16:00:00,9750,5750,4200,4380,4880,2750,1130,2390,130,805,68,216,55,2560,895,74,4050,910,540,1710,210,945,745,2210,89,312,9000,262,206,75,2210,865,1310,1595,1790,1005,418,2740,2080,366,193,925,1025,4200,216,1945,660,740,2510,9125,2590,25300,8850,1580,3520,2780,1780,7625,11575,4730
12/27/2024 16:00:00,9800,5800,4100,4360,4930,2770,1135,2360,130,805,63,216,56,2510,940,75,4080,910,535,1725,210,945,720,2230,88,312,9050,246,204,75,2210,865,1315,1605,1855,1050,440,2750,2060,364,193,915,1030,4200,212,1885,655,760,2540,9200,2620,25850,8275,1570,3580,2800,1840,7700,11425,4760
12/30/2024 16:00:00,9675,5700,4080,4350,4900,2730,1140,2430,131,700,70,218,55,2540,945,76,4190,910,540,1730,208,945,820,2200,89,308,9000,214,206,74,2065,910,1315,1605,1860,1055,430,2710,2090,370,194,925,1030,4200,232,1930,650,755,2430,9275,2750,26700,8475,1615,3620,2850,1885,7700,11375,4760
1/2/2025 16:00:00,9900,5850,4210,4590,4950,2780,1190,2430,131,745,71,224,55,2620,930,75,4090,925,550,1775,208,970,820,2220,89,312,9000,212,216,74,2075,920,1360,1610,1800,1035,436,2700,2070,360,193,935,1025,4200,230,1900,650,755,2530,9475,2680,26175,8475,1595,3570,2820,1835,7475,11225,4810
1/3/2025 16:00:00,9850,5800,4150,4540,4950,2740,1185,2500,130,735,78,224,55,2600,905,74,4090,930,550,1770,208,1000,825,2230,89,314,8975,204,214,74,2055,890,1345,1610,1835,1035,436,2750,2030,356,193,920,1025,4200,224,1915,650,775,2460,9675,2700,26300,8500,1600,3560,2850,1775,7550,11375,4790
1/6/2025 16:00:00,9675,5675,4100,4430,4860,2710,1160,2550,130,740,80,222,55,2580,905,76,4090,930,545,1740,208,990,785,2210,89,312,8975,254,212,75,2000,885,1325,1600,1810,1010,428,2690,1840,348,192,895,1025,4180,224,1915,625,765,2380,9800,2650,25800,8300,1550,3480,2860,1745,7375,11175,4820
1/7/2025 16:00:00,9525,5600,4030,4360,4920,2690,1155,2580,130,555,80,222,55,2570,895,74,4090,940,540,1740,208,965,825,2200,90,310,9150,306,210,74,1995,890,1325,1585,1835,1010,422,2570,1905,330,189,905,1015,4200,228,1900,655,755,2470,10550,2640,25800,8700,1510,3470,2850,1780,7450,10925,4820
1/8/2025 16:00:00,9675,5750,4080,4370,4810,2650,1145,2600,130,690,80,222,55,2540,875,73,4090,930,550,1725,208,970,815,2230,88,308,9150,286,208,72,1995,900,1310,1585,1830,990,420,2650,1845,340,193,895,1015,4200,222,1925,650,735,2400,10475,2640,25375,8300,1360,3420,2880,1725,7475,11100,4830
1/9/2025 16:00:00,9850,5750,4030,4380,4930,2700,1130,2540,130,780,80,216,54,2540,885,71,4040,930,545,1745,204,1020,820,2220,88,308,9150,260,206,72,1985,900,1315,1590,1840,990,420,2620,1790,340,194,900,1015,4180,214,1925,650,705,2340,10225,2620,25300,8275,1340,3410,2800,1690,7500,11025,4800
1/10/2025 16:00:00,9725,5600,4010,4350,4900,2700,1120,2550,130,760,81,214,55,2530,875,71,4090,925,550,1730,204,1070,820,2210,91,306,9125,288,210,73,2000,890,1310,1610,1830,990,418,2680,1815,324,208,890,1010,4180,214,1925,625,730,2320,10450,2690,25275,8450,1410,3430,2820,1705,7725,11075,4720
1/13/2025 16:00:00,9675,5525,3850,4210,4750,2720,1080,2440,130,705,79,212,55,2520,870,71,4090,920,540,1710,202,1100,820,2170,90,306,9150,286,206,72,1970,900,1290,1595,1825,980,418,2670,1825,330,218,875,995,4190,214,1900,625,720,2350,10025,2610,25225,8500,1475,3430,2830,1720,7725,11100,4560
1/14/2025 16:00:00,9525,5400,3800,4130,4750,2670,1050,2440,130,705,80,210,55,2500,870,71,4090,910,540,1705,202,1100,820,2190,91,304,9000,284,204,73,1795,890,1295,1605,1800,995,422,2620,1905,330,224,860,1010,4180,208,1900,650,750,2360,9650,2620,25400,8200,1635,3680,2830,1745,7525,10750,4500
1/15/2025 16:00:00,9800,5750,4090,4410,4940,2750,1095,2540,130,710,80,224,55,2560,880,73,4160,930,555,1730,206,1185,820,2210,92,312,9125,276,216,74,1860,880,1315,1605,1825,1020,424,2630,1930,346,220,905,1000,4190,216,1950,610,740,2400,9075,2670,25750,8325,1610,3650,2850,1735,7700,10775,4600
1/16/2025 16:00:00,9750,5875,4160,4500,4880,2700,1105,2540,131,700,80,218,55,2560,900,73,4170,940,565,1750,208,1215,820,2220,95,312,9050,268,210,74,1910,895,1320,1610,1820,1015,418,2590,1925,358,230,920,1005,4190,214,1950,625,735,2410,9575,2690,26000,8200,1600,3590,2770,1785,7575,10925,4530
1/17/2025 16:00:00,9900,5875,4090,4470,4940,2760,1085,2550,130,700,84,216,60,2540,885,73,4110,935,565,1760,206,1250,820,2210,93,314,8975,256,208,73,1965,900,1320,1605,1865,1020,420,2660,1920,370,234,915,1010,4180,214,1900,690,745,2400,9825,2680,26100,8275,1610,3570,2840,1790,7600,10825,4660
1/20/2025 16:00:00,9625,6000,4220,4620,4910,2770,1095,2580,131,705,86,216,61,2570,895,73,4160,940,570,1745,204,1280,820,2180,111,318,8900,252,212,75,1940,945,1320,1605,1950,1060,450,2610,1925,372,254,910,1010,4180,216,1900,655,735,2350,9600,2660,25900,8250,1700,3580,2780,1750,7375,10525,4630
1/21/2025 16:00:00,9575,6050,4260,4740,4910,2880,1095,2580,130,690,84,218,59,2570,890,74,4190,950,575,1760,206,1295,820,2200,101,318,9175,230,208,74,1890,925,1330,1620,1855,1045,430,2630,1925,372,230,920,1010,4170,222,1800,650,730,2310,9850,2690,26125,8150,1650,3580,2720,1730,7450,11000,4610
1/22/2025 16:00:00,9600,6150,4260,4790,4960,2840,1085,2510,130,685,84,216,59,2570,890,74,4140,945,580,1740,206,1300,820,2180,99,316,9175,228,210,74,1910,920,1335,1605,1900,1050,436,2730,1885,380,208,935,1010,4010,222,1755,640,725,2320,9850,2710,26425,8600,1650,3540,2900,1695,7625,11375,4800
1/23/2025 16:00:00,9600,6175,4300,4650,4900,2880,1085,2450,130,685,86,214,58,2570,890,72,4140,950,585,1745,204,1290,820,2170,97,320,9150,200,208,74,1910,915,1330,1615,1880,1070,432,2710,1900,376,206,935,1010,4170,220,1750,645,725,2340,10000,2700,26400,8400,1605,3420,2810,1740,7500,11275,4710
1/24/2025 16:00:00,9350,6125,4190,4610,4870,2860,1065,2350,131,665,83,212,57,2560,885,71,4140,945,580,1735,204,1305,800,2180,95,318,9125,218,208,73,1915,915,1330,1615,1850,1060,422,2690,1845,364,194,925,1020,4170,216,1750,645,705,2300,9600,2700,26325,8450,1600,3210,2740,1690,7550,11425,4750
1/30/2025 16:00:00,9150,6100,4120,4640,4780,2880,1020,2250,131,665,80,208,56,2540,880,71,4120,945,570,1725,202,1305,820,2200,93,308,9150,210,206,72,1900,925,1325,1605,1840,1060,420,2640,1835,368,195,895,1005,4160,212,1750,650,700,2300,9125,2680,25900,7975,1580,3040,2760,1650,7625,11575,4620
1/31/2025 16:00:00,9450,6025,4220,4770,4800,2930,1045,2250,131,665,81,210,56,2560,880,72,4120,940,575,1735,202,1325,855,2200,93,314,9200,244,206,73,1900,905,1335,1615,1835,1055,422,2660,1915,366,188,925,1010,4160,220,1705,635,705,2330,9025,2690,25875,7525,1565,3000,2870,1630,7850,11500,4670
2/3/2025 16:00:00,9350,5800,4250,4780,4760,2920,1010,2200,131,660,81,204,56,2530,880,71,4130,940,575,1735,200,1320,855,2200,90,310,9200,220,204,72,1880,890,1345,1610,1820,1030,414,2630,1850,370,184,920,1015,4150,214,1705,630,700,2310,8400,2670,26075,7075,1450,2840,2880,1580,7625,11225,4680
2/4/2025 16:00:00,9175,5675,4260,4700,4800,2980,1005,2250,130,655,87,206,55,2550,875,72,4160,935,570,1725,200,1345,855,2200,91,306,9000,220,204,75,1920,905,1355,1610,1805,1015,410,2640,1840,368,189,925,1020,4150,212,1715,640,690,2330,8875,2690,25875,6900,1500,2820,2890,1565,7700,11100,4680
2/5/2025 16:00:00,9125,5525,4140,4500,4740,2950,995,2230,130,650,85,202,54,2520,855,70,4100,935,565,1725,202,1350,855,2180,90,308,9175,220,202,74,1885,835,1335,1615,1825,1050,412,2620,1820,368,188,910,1025,4160,210,1715,615,690,2360,8850,2720,26050,7250,1475,2840,2930,1565,7525,10900,4680
2/6/2025 16:00:00,8950,5100,3970,4290,4550,2880,970,2200,130,645,83,194,54,2490,845,70,4120,920,555,1685,196,1315,855,2140,89,302,9000,212,198,72,1880,815,1310,1600,1785,1035,394,2560,1800,366,183,885,1005,4140,200,1715,610,670,2290,8775,2650,25450,7125,1430,2840,2960,1510,7525,10950,4600
2/7/2025 16:00:00,9350,5150,4030,4270,4650,3020,965,2120,131,625,83,191,51,2520,855,70,4120,920,555,1715,198,1325,855,2160,86,302,9150,204,198,73,1865,830,1320,1605,1820,1030,404,2590,1775,356,176,920,1000,4100,198,1715,610,670,2270,7025,2670,25675,6875,1420,2930,2910,1425,7650,11375,4600
2/10/2025 16:00:00,9150,5000,3970,4150,4570,3050,945,2020,130,605,82,183,50,2500,840,70,4140,915,550,1675,194,1300,855,2140,88,298,9125,202,196,72,1865,815,1310,1595,1750,1000,394,2440,1750,360,179,900,1010,4110,190,1715,620,650,2210,6650,2620,25200,7125,1490,2830,2980,1505,7775,11275,4610
2/11/2025 16:00:00,9075,4880,4010,4070,4610,3000,920,1835,130,610,81,177,52,2500,830,69,4120,910,545,1680,192,1315,855,2160,86,292,9175,186,188,70,1855,820,1310,1590,1740,980,382,2320,1760,358,178,885,1000,4100,183,1720,615,630,2150,6025,2620,25075,6775,1455,2710,3020,1425,7700,11225,4540
2/12/2025 16:00:00,9150,4940,4030,4300,4640,3000,930,1870,131,625,83,198,52,2510,830,69,4130,910,545,1690,194,1340,855,2180,88,292,9175,199,195,70,1860,825,1310,1590,1775,990,382,2480,1750,356,178,920,1005,3970,191,1705,610,615,2240,6275,2640,25350,7175,1505,2710,3020,1375,7800,11150,4600
2/13/2025 16:00:00,9000,5025,3990,4250,4660,3000,940,1830,130,630,81,196,52,2510,825,68,4140,915,545,1690,200,1390,855,2190,87,298,9150,202,194,69,1855,845,1310,1595,1730,975,370,2420,1705,354,178,920,1015,4050,191,1705,610,620,2210,6125,2690,25425,6750,1670,2780,2870,1415,7800,11225,4530
2/14/2025 16:00:00,8975,5125,3860,4370,4680,2980,975,1920,130,620,81,195,54,2500,825,67,4120,910,545,1705,200,1630,855,2160,86,300,9200,202,188,68,1850,815,1315,1600,1745,975,372,2530,1760,336,178,910,1015,4060,192,1705,600,630,2240,6150,2710,25600,6825,1650,2780,2830,1465,7750,11525,4570
2/17/2025 16:00:00,9325,5425,4030,4570,4740,3040,990,1995,130,635,82,202,54,2520,860,69,4120,915,560,1720,200,1655,855,2160,88,302,9125,210,190,72,1865,850,1335,1605,1760,965,382,2650,1885,350,182,990,1060,4050,200,1705,600,630,2280,7025,2710,25725,7025,1800,2970,2760,1440,7825,11500,4590
2/18/2025 16:00:00,9300,5450,4150,4750,4800,3070,995,1975,130,630,79,202,53,2530,875,69,4140,915,565,1715,199,1690,855,2180,89,304,9950,210,195,73,1875,845,1335,1605,1745,950,380,2680,1885,350,182,1005,1080,4050,206,1790,620,630,2260,6825,2690,25775,7350,1800,2990,2700,1450,7850,11525,4650
2/19/2025 16:00:00,8950,5175,4020,4520,4700,2990,965,1985,130,625,80,200,55,2500,870,70,4140,900,555,1695,198,1795,850,2180,89,302,10000,208,194,72,1880,845,1320,1605,1710,910,376,2670,1850,358,183,985,1045,4050,202,1795,605,615,2250,6725,2660,25700,7025,1750,2890,2480,1375,8000,11650,4640
2/20/2025 16:00:00,9000,5150,3910,4460,4720,2930,960,2000,130,615,80,200,53,2500,855,70,4140,890,545,1720,197,1805,855,2120,88,298,9575,199,192,73,1885,845,1325,1580,1640,915,368,2670,1890,354,181,975,1045,4060,200,1795,605,620,2200,6700,2670,25225,7225,1810,2920,2540,1350,7975,11550,4610
2/21/2025 16:00:00,9000,5075,3890,4300,4750,3030,935,2020,130,680,80,198,52,2520,885,69,4120,895,545,1725,198,2070,855,2160,86,296,9725,195,192,74,1890,830,1330,1550,1580,910,364,2650,1890,352,181,970,1040,4000,200,1730,605,665,2180,6900,2660,25275,7275,1825,3050,2510,1290,7700,11500,4660
2/24/2025 16:00:00,8925,5025,3920,4200,4700,3070,920,1955,130,705,79,194,53,2490,885,69,4140,870,515,1695,198,2320,855,2160,87,290,9400,190,200,71,1805,830,1320,1550,1500,905,352,2600,1865,350,176,960,1035,4100,199,1790,610,665,2190,6300,2640,25200,6900,1715,2940,2520,1265,7900,11875,4650
2/25/2025 16:00:00,8825,4870,3800,4230,4560,2990,910,1930,130,670,78,185,52,2470,895,67,4120,850,500,1675,196,2350,850,2110,86,292,9400,182,210,70,1810,840,1315,1535,1430,890,342,2460,1800,342,164,940,1010,4060,193,1785,610,635,2100,6125,2620,24825,6575,1545,2750,2410,1150,7825,11325,4490
2/26/2025 16:00:00,8775,4920,3820,4350,4580,2870,900,1910,130,660,77,184,52,2430,890,67,4150,820,480,1665,196,2110,855,2080,85,286,9375,173,212,70,1810,825,1300,1530,1450,875,338,2520,1760,340,165,950,1005,4040,191,1800,610,645,2110,6425,2610,24675,6525,1595,2880,2240,1200,7725,10500,4510
2/27/2025 16:00:00,8525,4660,3630,4340,4590,2630,895,1895,130,650,76,180,52,2420,875,66,4140,795,474,1640,198,2230,855,1990,84,282,9250,173,206,67,1800,725,1305,1505,1390,865,326,2490,1760,332,166,915,980,4030,187,1800,610,635,2070,6200,2620,24825,6900,1455,2960,2190,1200,7600,10400,4430
2/28/2025 16:00:00,8425,4600,3360,4030,4530,2500,835,1755,130,665,75,173,50,2380,840,64,4300,710,454,1615,192,2180,855,1960,81,268,9025,158,197,65,1775,700,1265,1450,1290,835,310,2350,1625,330,163,875,950,4030,176,1800,610,595,2070,6125,2590,23700,6550,1400,2910,2200,1015,7125,10450,4190
3/3/2025 16:00:00,8800,4900,3670,4260,4680,2660,880,1875,130,665,80,185,51,2420,840,74,4210,755,480,1660,196,2300,855,2040,81,278,9175,164,200,66,1770,750,1265,1490,1335,865,324,2400,1865,346,167,915,995,4030,187,1800,610,615,2050,6400,2580,24025,6800,1525,2900,2360,1125,7350,10575,4420
3/4/2025 16:00:00,8850,4840,3670,4220,4690,2550,855,1840,130,630,77,183,50,2410,850,72,4200,745,468,1625,194,2370,855,2020,78,276,9175,149,194,64,1765,745,1260,1505,1350,840,318,2380,1690,334,161,900,975,4000,183,1800,610,605,1910,6075,2510,23075,6000,1470,2750,2390,1090,7325,10575,4260
3/5/2025 16:00:00,9000,4860,3840,4460,4900,2570,880,1890,130,635,82,187,50,2420,845,77,4270,760,470,1655,196,2530,855,2060,78,278,9250,152,194,67,1760,735,1275,1495,1375,850,324,2450,1750,332,161,965,995,4040,187,1800,615,655,1900,6100,2580,23225,6500,1480,2850,2390,1120,7425,10400,4790
3/6/2025 16:00:00,8975,4870,3950,4590,4900,2610,875,1880,130,640,82,188,50,2400,880,78,4270,755,480,1665,196,2500,855,2080,79,290,9275,190,200,68,1770,745,1285,1495,1380,890,330,2400,1850,334,162,960,1005,4040,194,1825,615,670,2050,6325,2580,23500,6700,1475,2840,2370,1140,7300,10350,4390
3/7/2025 16:00:00,8925,4840,3810,4540,4930,2580,855,1920,130,640,86,186,50,2420,870,76,4290,765,480,1675,197,2520,855,2110,83,288,9450,180,198,68,1800,930,1300,1500,1415,880,328,2410,1850,336,182,980,1005,4040,195,1805,600,715,2000,6475,2550,23700,6550,1530,3100,2420,1200,7250,10550,4310
3/10/2025 16:00:00,8925,4710,3760,4450,4770,2570,855,1930,130,625,85,182,50,2430,855,76,4280,770,476,1660,197,2570,855,2090,82,286,9450,171,195,67,1785,855,1285,1515,1530,875,342,2390,1845,356,174,945,1005,4040,195,1875,600,670,1915,6225,2510,23850,6325,1400,2800,2440,1180,7550,10600,4520
3/11/2025 16:00:00,8925,4740,3790,4450,4800,2510,845,1800,130,625,80,179,50,2480,820,75,4280,770,472,1665,198,2580,855,2090,80,284,9425,176,194,65,1775,865,1310,1495,1470,875,324,2370,1775,342,172,945,1005,4030,193,1845,600,680,1850,6150,2490,23900,6175,1310,2600,2320,1190,7275,10425,4310
3/12/2025 16:00:00,9125,4880,3890,4530,4810,2540,850,1780,130,630,83,180,50,2470,825,74,4280,780,470,1685,197,2560,855,2080,84,286,9450,166,193,66,1820,815,1300,1485,1480,870,328,2450,1840,342,192,935,1000,4030,196,1875,585,665,1850,6150,2480,23275,6425,1330,2550,2400,1150,7475,10925,4360
3/13/2025 16:00:00,8975,4740,3800,4530,4730,2550,830,1705,130,625,81,179,50,2430,810,73,4280,765,472,1665,196,2300,855,2080,83,286,9400,160,193,67,1790,815,1295,1490,1495,865,320,2430,1750,348,192,925,1000,4030,192,1875,600,670,1865,6075,2450,23400,6450,1340,2530,2400,1260,7300,11000,4380
3/14/2025 16:00:00,8750,4740,3750,4430,4620,2530,820,1635,130,600,80,177,50,2440,805,72,4290,765,470,1655,193,2450,855,2030,81,300,9375,158,185,67,1780,775,1285,1500,1450,875,318,2420,1690,342,193,905,990,4020,189,1830,595,660,1810,6025,2450,23125,6175,1340,2460,2360,1300,7175,10750,4240
3/17/2025 16:00:00,8600,4680,3830,4330,4620,2510,830,1630,130,610,79,177,50,2440,785,72,4230,770,472,1665,193,2450,855,2060,81,294,9025,158,186,70,1775,800,1295,1490,1450,865,322,2420,1670,350,189,905,1000,4020,191,1895,595,710,1815,5725,2450,22925,6350,1440,2540,2430,1365,7275,10950,4320
3/18/2025 16:00:00,8300,4530,3680,4190,4650,2450,825,1550,130,605,83,168,50,2390,745,70,4220,755,458,1630,193,2420,855,2060,79,284,9175,147,180,68,1765,785,1285,1475,1355,855,302,2420,1635,328,182,895,975,4020,183,1895,590,675,1795,5050,2420,22500,5925,1420,2430,2240,1360,7075,10825,4340
3/19/2025 16:00:00,8325,4680,3710,4170,4690,2420,830,1500,131,625,82,166,50,2420,730,70,4230,770,468,1630,195,2430,855,2060,79,290,9225,150,186,67,1800,785,1280,1475,1380,850,306,2430,1630,344,187,915,990,4010,183,1895,595,670,1800,5300,2430,22650,5725,1410,2400,2170,1360,7200,10725,4500
3/20/2025 16:00:00,8375,4620,3660,4080,4710,2180,815,1475,130,610,81,166,50,2420,720,71,4290,765,468,1625,194,2470,855,2040,79,290,9300,150,186,67,1740,760,1330,1495,1400,865,306,2390,1595,344,188,900,980,4010,180,1895,610,680,1800,5600,2410,22900,6250,1430,2300,2130,1305,7025,10600,4500
3/21/2025 16:00:00,7900,4410,3700,3770,4840,2080,770,1450,130,610,81,161,50,2390,700,70,4300,770,468,1640,191,2470,855,2020,79,284,9275,146,182,65,1745,750,1325,1470,1370,840,300,2310,1530,326,185,885,955,4010,174,1895,610,650,1800,5975,2320,22475,5875,1375,2140,1940,1295,6975,10575,4480
3/24/2025 16:00:00,7950,4460,3610,3720,4690,2110,785,1420,130,600,80,156,50,2380,730,69,4290,775,468,1620,189,2460,855,2000,77,282,9250,137,172,65,1705,740,1310,1445,1345,830,290,2330,1470,324,178,860,940,4000,169,1895,600,630,1750,5450,2300,21875,5100,1345,2100,1820,1250,6800,10425,4400
3/25/2025 16:00:00,8050,4740,3800,3900,4650,2370,820,1505,130,605,79,164,50,2370,775,71,4280,780,474,1655,188,2460,855,2000,78,284,9050,138,177,65,1730,765,1320,1435,1475,840,326,2340,1535,338,177,895,940,4010,172,1895,580,640,1745,5125,2450,22450,5125,1350,2170,1870,1245,6800,10375,4400
3/26/2025 16:00:00,8525,5150,4000,4250,4800,2400,895,1520,131,615,83,183,50,2400,800,71,4300,810,488,1680,192,2500,840,2000,80,292,9075,144,180,68,1780,800,1335,1445,1605,950,364,2440,1590,354,184,925,960,4010,184,1945,600,665,1840,5450,2510,22950,5200,1450,2310,2010,1240,6925,10550,4480
3/27/2025 16:00:00,8500,5200,4050,4240,4920,2340,885,1465,131,670,83,184,50,2440,815,77,4350,830,500,1695,190,2530,855,2000,82,302,9200,148,182,68,1780,755,1345,1460,1660,1015,368,2410,1605,380,176,905,970,4010,181,1945,600,690,1845,5500,2520,22950,5375,1430,2270,2050,1265,7100,10175,4390
4/8/2025 16:00:00,7775,4670,3640,4030,4480,2080,810,1280,128,605,71,159,50,2310,750,70,4280,775,470,1600,179,2290,855,1920,80,272,9500,126,179,62,1750,690,1325,1365,1440,950,330,2290,1405,344,178,830,895,3900,167,1850,600,590,1645,4740,2420,21825,4610,1220,1930,2030,1180,7200,9700,3980
4/9/2025 16:00:00,7925,4710,3630,4040,4620,2170,825,1280,129,605,67,156,50,2360,775,71,4300,780,478,1630,181,2360,855,1915,76,272,9475,122,179,63,1745,645,1220,1385,1365,945,312,2320,1225,342,163,840,885,4020,166,1900,600,560,1650,4250,2460,22775,4630,1040,1840,2070,1155,6675,9575,4050
4/10/2025 16:00:00,8225,5025,3800,4260,4710,2280,880,1395,131,625,76,174,50,2330,810,78,4190,815,490,1690,192,2400,855,1960,79,278,9275,140,182,65,1750,660,1235,1430,1480,965,322,2350,1390,340,165,885,935,4010,173,1900,600,600,1700,5000,2680,23275,5000,1220,2040,2290,1285,7075,10000,4180
4/11/2025 16:00:00,8275,5100,3630,4390,4710,2270,880,1460,131,640,77,171,50,2310,810,77,4270,835,500,1740,192,2300,855,1970,78,278,9250,137,182,65,1735,780,1240,1425,1530,960,336,2330,1475,348,163,910,940,4010,173,1910,600,600,1715,5150,2680,23400,5250,1305,2190,2210,1310,6900,9925,4120
4/14/2025 16:00:00,8400,4750,3690,4550,4930,2480,910,1530,130,655,80,195,50,2330,825,79,4290,890,515,1785,194,2350,855,2010,85,282,9975,150,185,66,1800,755,1255,1430,1600,1010,352,2430,1490,352,163,980,960,4060,185,2000,600,650,1765,5650,2740,24800,6000,1440,2280,2170,1360,7125,10325,4320
4/15/2025 16:00:00,8575,4710,3690,4280,4870,2480,885,1540,130,660,79,191,50,2320,800,79,4270,885,520,1825,193,2290,855,2050,85,286,9600,191,184,66,1850,790,1265,1480,1610,985,338,2450,1485,360,167,980,965,4020,188,2020,645,620,1800,5900,2760,24700,6050,1430,2300,2080,1330,7300,10475,4250
4/16/2025 16:00:00,8475,4630,3650,4100,4780,2460,965,1540,130,645,80,189,50,2320,770,81,4230,875,510,1810,192,2260,840,2030,82,292,9450,182,184,66,1775,820,1265,1500,1575,985,328,2480,1480,364,167,985,975,4010,185,2030,645,620,1800,5600,2710,24600,6075,1415,2340,1955,1320,7400,10250,4260
4/17/2025 16:00:00,8500,4600,3640,4040,4750,2570,945,1565,130,650,80,190,50,2330,785,81,4270,880,510,1815,194,2220,835,2040,83,300,9300,176,185,67,1760,835,1270,1495,1705,1065,374,2550,1540,362,171,955,980,3840,190,2050,620,635,1800,5600,2730,24800,6425,1645,2390,1960,1320,7300,10600,4240
4/21/2025 16:00:00,8300,4610,3620,3990,4790,2690,920,1675,130,675,79,191,51,2340,780,80,4250,895,515,1820,194,2150,810,2010,83,312,9300,172,190,67,1735,820,1285,1475,1620,1055,394,2570,1535,360,168,965,985,4000,195,2050,620,640,1805,5600,2730,22175,6650,1695,2390,1935,1345,7350,10550,4160
4/22/2025 16:00:00,8500,4720,3630,4010,4740,2720,965,1735,131,685,79,208,54,2350,805,80,4290,905,510,1825,195,2190,850,2030,85,316,9575,182,191,67,1735,810,1280,1480,1700,1070,408,2550,1570,364,167,975,985,3720,200,2080,600,675,1880,6000,2760,22325,7100,1665,2560,1910,1385,7200,10475,4050
4/23/2025 16:00:00,8725,4900,3760,4150,4820,2790,1010,1860,130,685,80,208,58,2350,815,83,4290,930,510,1855,194,2120,830,2060,84,316,9700,180,189,68,1735,760,1285,1510,1685,1085,404,2630,1515,362,171,980,1015,3980,206,2100,690,665,1850,6100,2780,22300,6825,1570,2450,2000,1425,7350,10700,4190
4/24/2025 16:00:00,8475,4890,3730,4170,4770,2760,1015,1780,131,675,80,212,59,2360,800,83,4290,960,515,1730,194,2130,975,2080,84,316,9525,179,191,68,1750,760,1290,1530,1645,1055,390,2630,1525,356,173,970,1010,4000,204,2100,705,665,1875,6000,2780,22050,6825,1610,2440,2030,1495,7250,11000,4280
4/25/2025 16:00:00,8600,4900,3740,4200,4860,2810,1035,1920,132,695,84,236,66,2400,830,83,4300,955,515,1735,196,2080,930,2180,83,306,9600,183,191,68,1765,790,1305,1560,1615,1070,384,2600,1560,358,173,1140,1045,4000,212,2090,720,695,1880,6000,2780,22100,6875,1680,2510,2090,1750,7475,11000,4420
4/28/2025 16:00:00,8775,4920,3840,4190,4890,2850,1100,1940,131,715,82,262,79,2420,850,87,4300,870,525,1730,204,2100,915,2380,85,308,9575,181,194,69,1770,815,1300,1565,1650,1070,390,2560,1545,356,176,1155,1080,4000,214,2130,750,705,1900,6050,2770,22075,6875,1660,2510,2040,1665,7425,11000,4460
4/29/2025 16:00:00,8725,4940,3850,4140,4800,2850,1085,1900,131,730,85,282,75,2430,880,86,4310,860,520,1770,200,2200,910,2400,85,302,9700,182,194,68,1765,780,1300,1525,1580,1035,384,2590,1540,364,177,1200,1025,4000,222,2180,765,705,1900,6025,2790,22050,7000,1720,2510,2090,1680,7500,11250,4440
4/30/2025 16:00:00,8825,4890,3850,4180,4800,2850,1055,1850,131,735,85,260,73,2410,880,87,4330,865,520,1750,206,2240,895,2410,84,306,9775,180,196,68,1760,775,1305,1510,1610,1060,386,2640,1530,360,151,1185,1015,4000,218,2180,680,700,1900,6025,2760,22000,7125,1670,2490,2160,1715,8000,11350,4730
5/2/2025 16:00:00,8975,4960,3880,4200,4790,2850,1050,1895,131,730,82,268,69,2420,880,85,4340,845,520,1740,206,2310,895,2240,83,304,9700,176,196,69,1755,770,1310,1480,1575,1045,378,2680,1500,360,141,1230,1010,4020,222,2180,645,690,1885,6100,2740,21950,6975,1690,2480,2120,1755,7700,11000,4740
5/5/2025 16:00:00,8975,4980,3860,4210,4780,2890,1055,1925,132,740,83,264,73,2420,855,86,4350,850,520,1740,210,2220,890,2200,83,306,10175,178,194,71,1750,770,1320,1460,1550,1050,378,2700,1520,362,152,1250,1030,4020,226,2190,635,670,1860,6150,2720,22050,7075,1680,2500,2180,1775,7600,11200,4650
5/6/2025 16:00:00,9025,4980,3880,4180,4750,3000,1055,1940,130,750,83,276,80,2400,855,85,4350,855,520,1730,208,2230,905,2180,84,302,10250,178,193,69,1790,710,1325,1490,1555,1055,378,2680,1540,362,147,1250,1035,4020,226,2150,650,685,1875,6200,2710,22275,7550,1780,2650,2280,1835,7525,11275,4800
5/7/2025 16:00:00,9075,4950,3910,4160,4830,2900,1055,1915,131,750,84,276,80,2390,860,84,4350,855,520,1730,202,2280,895,2170,83,304,10350,180,192,69,1770,720,1310,1515,1545,1060,378,2620,1690,364,146,1240,1055,4020,222,2150,650,685,1900,6100,2760,22350,7400,1855,2850,2310,1810,7750,11075,4850
5/8/2025 16:00:00,8975,4790,3790,4120,4780,2730,1160,1880,131,745,81,280,78,2380,860,83,4350,845,515,1715,204,2340,880,2150,83,330,10100,188,192,69,1760,710,1310,1510,1490,1055,360,2570,1625,370,146,1240,1040,4020,222,2140,670,675,1895,5950,2720,22125,7375,1800,2760,2350,1780,7775,11400,4850
5/9/2025 16:00:00,9000,4770,3840,4100,4780,2780,1150,1905,131,745,81,260,78,2400,845,83,4330,835,515,1710,202,2400,890,2210,82,320,10300,182,193,69,1755,710,1310,1525,1310,965,308,2600,1575,366,142,1255,960,4010,218,2180,645,670,1855,6000,2710,22100,7275,1805,2860,2360,1780,7975,11200,4800
5/14/2025 16:00:00,9275,5050,4090,4370,4810,2890,1220,1960,131,750,79,262,76,2430,910,84,4350,860,530,1800,202,2270,855,2230,84,320,10325,183,193,70,1775,725,1335,1535,1185,935,296,2590,1570,370,144,1300,980,4000,224,2150,660,690,1915,6175,2790,22475,7225,1770,2900,2480,1785,7875,11175,4940
5/15/2025 16:00:00,9275,5325,4270,4500,4820,2900,1240,1930,132,745,73,262,72,2420,900,81,4350,875,550,1800,202,2230,855,2230,83,326,10175,187,198,70,1785,725,1350,1555,1180,910,290,2660,1620,370,142,1305,985,4020,234,2110,670,680,1915,6200,2770,22450,7025,1830,2840,2410,1790,8100,11050,4910
5/16/2025 16:00:00,9300,5475,4250,4500,4880,2870,1250,1950,131,750,73,266,67,2430,905,81,4350,870,550,1810,204,2260,825,2220,86,316,10100,183,193,71,1775,725,1360,1570,1185,905,302,2740,1665,368,142,1305,985,4020,230,2190,685,690,2150,6675,2860,22600,7025,1935,2950,2500,1765,8450,11075,4930
5/19/2025 16:00:00,9500,5525,4230,4460,4940,2860,1240,2060,131,750,71,264,69,2470,950,81,4270,875,560,1805,206,2240,825,2230,85,318,10075,183,194,72,1775,725,1360,1590,1195,925,308,2820,1810,378,144,1290,995,4020,232,2120,640,720,2320,6500,2900,22800,6900,2070,3000,2500,1765,8225,10950,4860
5/20/2025 16:00:00,9475,5400,4210,4450,4860,2900,1230,2060,131,745,72,256,70,2490,945,81,4330,875,550,1800,204,2230,835,2200,84,330,9950,180,193,71,1780,705,1360,1610,1170,920,294,2740,1720,380,141,1300,990,4010,226,2140,660,690,2210,6500,2820,22325,6700,2020,2930,2500,1710,7875,10750,4820
5/21/2025 16:00:00,9700,5450,4260,4520,4670,2930,1275,2020,131,745,70,254,67,2520,920,81,4320,875,560,1820,206,2220,845,2200,83,326,9975,179,192,70,1780,690,1365,1605,1205,940,298,2750,1685,376,144,1345,1000,4010,232,2150,645,700,2160,6500,2790,22550,6900,2050,3300,2610,1760,7975,10825,4890
5/22/2025 16:00:00,9650,5450,4300,4470,4630,2920,1275,2020,130,745,72,246,65,2510,930,81,4300,875,565,1810,206,2170,835,2220,86,328,9875,177,192,70,1790,685,1360,1605,1195,940,296,2800,1730,378,144,1310,1010,4020,228,2140,680,700,2150,6500,2820,22650,6850,2030,3400,2600,1815,7900,10800,4880
5/23/2025 16:00:00,9675,5425,4350,4510,4740,2940,1270,2020,130,755,72,250,62,2510,915,82,4290,875,565,1805,206,2290,835,2180,87,326,9900,177,191,70,1785,685,1370,1610,1250,965,302,2690,1715,370,144,1315,1020,4020,228,2130,690,740,2100,6650,2840,22500,6900,2040,3540,2600,1785,7850,10825,4880
5/26/2025 16:00:00,9625,5475,4320,4500,4730,2960,1265,1880,130,740,68,240,57,2470,910,81,4320,860,560,1790,204,2350,850,2190,86,350,9975,174,189,68,1775,700,1345,1620,1180,940,292,2800,1680,368,147,1240,1010,4040,224,2140,690,730,2090,6525,2830,22400,6775,2060,3600,2600,1765,7850,11025,4830
5/27/2025 16:00:00,9450,5400,4370,4530,4700,2950,1275,1850,131,735,66,242,57,2470,920,82,4340,855,565,1785,204,2430,920,2180,85,370,9950,173,190,69,1780,695,1370,1615,1200,935,296,2830,1780,366,145,1290,1000,4030,222,2080,685,715,2290,6575,2850,22525,6900,2040,3520,2550,1740,7875,11125,4840
5/28/2025 16:00:00,9400,5300,4450,4490,4850,3000,1255,1830,130,740,64,242,54,2480,905,82,4350,850,565,1780,202,2430,920,2170,84,366,9925,171,189,69,1780,695,1365,1610,1200,930,294,2820,1750,368,146,1295,1010,4050,226,2030,680,700,2200,6500,2890,22575,6925,2020,3510,2430,1730,7875,10900,4840
6/2/2025 16:00:00,9100,5075,4200,4370,4780,2790,1200,1835,130,730,62,224,53,2460,900,81,4340,845,565,1735,200,2430,900,2120,82,394,9950,165,187,68,1760,685,1350,1590,1180,930,286,2780,1715,362,143,1245,1005,4010,220,2140,700,690,2130,6275,2860,22225,6900,2120,3530,2530,1730,7675,10800,4890
6/3/2025 16:00:00,9050,5050,4200,4370,4700,2780,1200,1740,130,715,62,226,54,2460,880,82,4340,840,560,1720,200,2400,900,2130,83,396,9975,167,185,69,1750,695,1355,1575,1090,910,272,2800,1685,352,143,1240,995,4010,218,2180,695,695,2100,6200,2860,22200,6925,2070,3590,2620,1690,7825,10625,4790
6/4/2025 16:00:00,8975,5025,4080,4300,4610,2550,1190,1655,130,725,62,228,55,2450,885,81,4320,845,510,1730,200,2380,920,2120,83,394,9700,165,183,68,1760,685,1350,1565,1150,1010,280,2820,1715,344,144,1245,1000,4010,220,2170,685,735,2100,6150,2850,22300,7425,2240,3870,2550,1645,8225,10825,4940
6/5/2025 16:00:00,8925,5075,4100,4420,4610,2570,1145,1665,130,730,61,228,57,2450,885,81,4320,835,500,1715,198,2410,1000,2090,85,392,9700,161,184,69,1745,675,1360,1560,1140,995,280,2840,1640,350,148,1215,995,4010,220,2170,700,720,2120,6350,2870,22200,7900,2160,3710,2540,1625,8150,10700,4860
6/10/2025 16:00:00,9100,5250,4150,4520,4600,2550,1190,1775,130,730,66,238,56,2460,900,81,4340,845,505,1725,199,2380,1070,2100,93,398,9600,162,184,69,1740,715,1365,1565,1140,990,286,2910,1610,354,152,1275,995,4010,224,2170,715,705,2110,6725,2960,22450,8000,2140,3500,2520,1620,8200,10650,4830
6/11/2025 16:00:00,9050,5200,4070,4540,4610,2620,1180,1820,130,720,68,234,56,2480,885,81,4330,845,498,1730,199,2430,1065,2120,93,346,9500,161,189,67,1710,740,1365,1550,1125,965,280,2800,1635,348,152,1330,995,4040,222,2180,720,710,2120,6575,3010,22600,8025,2230,3520,2480,1615,8500,10700,4920
6/12/2025 16:00:00,9125,5175,4070,4540,4560,2620,1180,1780,130,720,67,234,56,2490,865,80,4390,845,494,1735,200,2430,1050,2110,91,334,9575,164,189,69,1710,725,1365,1560,1125,985,284,2780,1615,356,151,1315,995,4050,222,2200,730,695,2120,6450,2980,22675,8200,2190,3460,2480,1625,8225,10675,4970
6/13/2025 16:00:00,9025,5150,4000,4540,4570,2590,1160,1740,130,715,64,226,56,2480,825,80,4370,835,490,1730,196,2400,1050,2080,91,324,9500,158,187,68,1715,740,1365,1560,1180,990,286,2740,1615,346,152,1315,995,4040,218,2260,750,700,1995,6375,2970,22950,8200,2230,3430,2440,1560,8325,10600,4900
6/16/2025 16:00:00,8925,5150,3990,4400,4610,2600,1150,1700,130,705,64,226,55,2460,820,79,4370,835,486,1725,197,2390,995,2070,88,322,9325,155,185,66,1715,725,1355,1580,1190,985,284,2740,1700,342,154,1295,985,4030,212,2200,760,705,2000,6325,3010,23600,7575,2200,3630,2400,1500,8225,10575,4800
6/17/2025 16:00:00,9075,5100,3960,4360,4600,2640,1200,1730,130,715,64,234,57,2470,835,79,4350,835,490,1720,196,2430,990,2040,89,324,9125,155,186,66,1725,735,1360,1595,1210,990,284,2760,1670,346,154,1300,985,4050,224,2190,750,715,2000,6400,3030,23425,8125,2250,3630,2310,1480,8200,10625,4860
6/18/2025 16:00:00,8900,5075,3940,4300,4590,2570,1175,1735,130,695,63,236,56,2460,805,78,4340,835,488,1705,196,2420,990,2040,87,320,9175,160,183,67,1720,735,1355,1595,1205,980,282,2770,1655,342,151,1310,980,4030,216,2190,720,705,1990,6300,3020,23575,7800,2240,3460,2330,1470,8125,10650,4790
6/19/2025 16:00:00,8775,4970,3800,4130,4530,2520,1145,1700,130,690,61,220,54,2430,810,76,4350,820,486,1680,194,2500,965,2030,82,308,9050,154,180,65,1675,735,1330,1570,1175,955,274,2690,1590,342,145,1270,960,4030,204,2190,730,685,1925,6125,2990,22775,7900,2140,3310,2290,1450,8050,10450,4710
6/20/2025 16:00:00,8700,4930,3790,4110,4490,2480,1110,1685,130,660,59,218,54,2480,780,76,4360,805,484,1675,195,2500,950,2030,83,304,9125,150,184,66,1710,800,1320,1560,1155,960,268,2640,1605,344,145,1295,945,4030,204,2180,705,675,1860,6050,2950,22375,7625,2020,3250,2280,1380,8050,10425,4650
6/23/2025 16:00:00,8625,4920,3720,4060,4430,2440,1085,1585,130,690,57,206,54,2410,750,76,4350,800,472,1650,193,2500,900,1985,80,294,9050,141,182,64,1675,790,1315,1535,1140,925,258,2580,1565,336,136,1235,935,4030,192,2180,695,650,1800,5800,2510,22325,7825,2040,3100,2230,1365,7925,9950,4410
6/24/2025 16:00:00,8775,5025,3780,4140,4470,2550,1115,1635,130,765,57,220,52,2430,785,76,4350,805,480,1670,195,2590,920,2020,84,302,9050,162,182,66,1650,855,1325,1570,1175,950,268,2590,1625,346,143,1285,950,4040,202,2200,720,660,1815,5850,2440,22200,8075,1995,3170,2260,1445,7925,10225,4590
6/25/2025 16:00:00,8600,4880,3760,4110,4470,2550,1100,1680,130,775,59,214,51,2450,785,77,4350,800,476,1665,194,2960,955,1995,86,302,9175,150,180,65,1645,825,1320,1560,1170,945,264,2620,1600,348,146,1265,950,4030,197,2180,665,650,1785,5775,2420,22100,8400,1805,3090,2280,1455,8050,10225,4610
6/26/2025 16:00:00,8650,5025,3830,4120,4450,2580,1150,1690,130,780,60,220,54,2440,805,78,4370,805,486,1670,194,3260,945,2020,85,306,9500,151,179,66,1650,820,1340,1580,1145,935,258,2710,1600,350,146,1295,950,4030,202,2170,710,655,1790,5775,2400,22025,8525,1830,3230,2320,1460,8050,10150,4650
6/30/2025 16:00:00,8675,4880,3740,4120,4500,2580,1115,1775,130,785,58,224,55,2440,815,77,4390,810,500,1665,202,2780,935,2520,84,312,9900,152,180,67,1645,795,1345,1605,1145,930,260,2780,1610,322,144,1315,955,4030,202,2180,745,660,1830,5875,2460,22000,8450,2000,3450,2390,1450,8125,10500,4700
7/1/2025 16:00:00,8700,4750,3700,4010,4450,2510,1095,1810,130,780,59,220,55,2430,810,78,4380,805,486,1670,198,2740,935,2180,84,310,9800,149,182,68,1645,815,1345,1610,1140,920,254,2810,1575,346,144,1315,950,4030,199,2120,740,660,1830,5900,2460,22075,8675,2030,3500,2380,1470,8200,10625,4660
7/2/2025 16:00:00,8675,4770,3680,4020,4540,2460,1090,1715,130,790,57,216,54,2430,800,77,4370,805,486,1670,195,2680,905,2170,85,308,9800,148,181,67,1645,820,1335,1630,1155,915,254,2780,1555,348,143,1310,945,4030,197,2140,725,650,1775,5825,2440,22275,8575,1995,3430,2410,1470,7975,10500,4650
7/3/2025 16:00:00,8600,4740,3680,3970,4570,2480,1080,1745,131,790,57,216,55,2430,785,77,4360,805,486,1675,197,2630,905,2160,87,308,9675,147,182,66,1645,840,1330,1645,1155,915,254,2710,1600,350,145,1300,950,4030,200,2140,735,655,1760,5750,2420,22075,8525,2090,3450,2380,1595,8100,10750,4760
7/4/2025 16:00:00,8650,4740,3670,4000,4620,2550,1085,1720,130,850,59,220,54,2420,790,76,4370,800,484,1665,197,2710,910,2160,86,304,9750,144,181,65,1635,840,1330,1655,1145,905,254,2630,1600,350,144,1310,950,4040,199,2130,760,665,1755,5700,2430,22100,8500,2070,3560,2330,1545,8100,10650,4580
7/7/2025 16:00:00,8625,4740,3700,4000,4680,2570,1085,1740,130,850,60,218,54,2430,805,75,4360,800,484,1675,197,2650,910,2120,93,306,9325,146,181,66,1625,810,1330,1665,1155,905,252,2700,1625,350,192,1385,945,4030,199,2130,725,655,1740,5825,2440,22100,8400,2050,3420,2400,1560,8100,10500,4740
7/8/2025 16:00:00,8500,4720,3670,3970,4660,2600,1080,1695,130,875,60,224,55,2410,775,77,4370,800,488,1675,196,2770,910,2120,87,308,9325,149,180,66,1635,925,1335,1645,1130,915,252,2650,1620,344,168,1335,940,4070,202,2120,735,655,1745,6000,2400,22025,8350,2080,3320,2370,1520,8025,10500,4710
7/9/2025 16:00:00,8500,4710,3680,4000,4720,2610,1100,1670,130,935,59,226,57,2430,800,77,4380,805,488,1700,196,2840,905,2140,88,310,9225,162,181,65,1635,930,1335,1480,1130,915,252,2670,1605,356,167,1330,985,4020,200,2120,765,655,1740,5975,2390,22050,8750,2110,3310,2370,1515,8175,10525,4860
7/10/2025 16:00:00,8600,4820,3870,4110,4680,2710,1155,1715,131,1010,60,230,60,2430,805,77,4370,810,488,1705,198,2800,905,2120,88,318,9225,158,182,66,1645,925,1340,1480,1155,920,264,2690,1625,348,168,1365,980,4040,216,2080,750,655,1840,6100,2430,22275,8500,2110,3360,2270,1580,8150,10450,4860
7/11/2025 16:00:00,8625,4970,3880,4180,4710,2780,1195,1810,130,1130,59,234,58,2430,830,78,4380,815,496,1715,198,2800,910,2150,88,316,9500,159,183,67,1645,890,1345,1470,1140,920,260,2730,1625,356,166,1395,985,4020,216,2080,740,655,1870,6100,2480,22500,8375,2110,3410,2300,1575,8250,10325,4940
7/14/2025 16:00:00,8525,4690,3780,4040,4700,2720,1185,1765,130,1035,59,230,56,2420,800,78,4390,810,488,1700,199,2760,900,2120,86,314,9475,156,181,66,1640,900,1335,1455,1125,920,256,2690,1600,348,160,1365,970,4030,212,2090,740,650,1825,7300,2490,22450,8400,2090,3460,2290,1575,8350,10400,4830
7/15/2025 16:00:00,8550,4700,3880,4050,4700,2750,1210,1790,131,1095,59,234,56,2420,800,78,4380,810,490,1700,199,2760,950,2140,86,308,9350,156,181,66,1630,910,1340,1445,1130,910,258,2640,1690,348,159,1430,970,4030,212,2110,745,650,1815,7750,2470,22400,8200,2150,3470,2220,1570,8325,10400,4820
7/16/2025 16:00:00,8525,4690,3880,4130,4750,2780,1240,1780,130,1105,59,242,56,2450,815,78,4380,805,492,1715,198,2780,895,2120,87,310,9200,157,178,65,1625,910,1350,1445,1135,905,256,2650,1685,348,159,1445,980,4000,212,2180,760,675,1840,7700,2460,22475,8225,2130,3500,2150,1560,8275,10350,4770
7/17/2025 16:00:00,8525,4720,3890,4110,4790,2800,1220,1760,131,1105,60,240,55,2450,800,78,4360,810,492,1715,198,2770,900,2130,87,312,9325,155,180,66,1625,1005,1345,1445,1135,910,256,2770,1765,350,159,1480,980,4000,212,2200,810,675,1830,7725,2440,22450,8100,2210,3420,2260,1575,8225,10350,5025
7/18/2025 16:00:00,8425,4740,3860,4120,4750,2800,1205,1725,130,1115,58,246,55,2440,790,78,4360,820,492,1715,197,2770,900,2120,87,312,9350,155,180,65,1625,1030,1350,1435,1130,900,252,2770,1840,366,159,1490,1005,4000,210,2200,880,675,1835,8000,2450,22525,8025,2420,3330,2250,1510,8225,10400,4950
7/21/2025 16:00:00,8450,4680,3830,4070,4760,2780,1175,1775,130,1130,57,252,56,2410,770,78,4350,810,492,1710,198,2770,880,2120,86,314,9350,160,183,66,1625,1040,1340,1425,1130,910,264,2800,1960,380,159,1460,985,4010,208,2180,880,705,1885,7900,2420,22550,8050,2450,3650,2230,1550,8300,10500,4950
7/22/2025 16:00:00,8400,4660,3840,4050,4690,2720,1175,1745,130,1140,58,246,56,2420,770,79,4330,815,492,1700,199,2780,875,2120,86,312,9125,156,181,66,1625,1045,1340,1420,1130,885,258,2850,1975,374,158,1525,970,4010,204,2200,855,685,1965,7875,2420,22800,7950,2340,3630,2210,1570,8225,10350,4940
7/23/2025 16:00:00,8425,4680,3800,4100,4950,2730,1190,1765,130,1200,60,256,55,2420,750,80,4320,815,490,1705,200,2820,860,2120,86,310,9100,179,179,65,1670,1035,1350,1435,1140,905,266,2850,2020,374,160,1540,970,4010,206,2200,855,715,2020,7825,2440,22925,8050,2440,3690,2250,1570,8350,10450,5025
7/24/2025 16:00:00,8500,4800,3950,4220,5050,2850,1215,1870,130,1280,59,252,55,2440,755,80,4300,820,496,1740,200,2810,875,2120,87,316,9125,165,192,66,1665,1010,1355,1450,1140,900,266,2840,1990,372,160,1520,980,4000,214,2120,860,710,1975,7725,2470,23100,8250,2420,3710,2190,1585,8350,10350,4950
7/25/2025 16:00:00,8450,4690,3880,4090,5000,2870,1195,1870,131,1340,58,244,55,2430,790,80,4300,815,492,1725,200,2990,900,2110,87,312,9350,157,186,65,1670,1040,1350,1445,1130,900,260,2820,1950,382,163,1500,995,3900,214,2180,885,695,1915,7650,2450,22950,8250,2370,3650,2200,1545,8400,10550,4990
7/28/2025 16:00:00,8500,4700,3940,4210,5100,2840,1185,1870,130,1400,59,252,54,2440,760,79,4330,820,496,1725,200,3120,895,2100,87,318,9500,158,187,66,1660,1010,1350,1445,1140,905,262,2860,1965,374,164,1505,1000,4000,214,2190,885,705,1925,7925,2460,23250,8300,2590,3720,2210,1555,8375,10225,4970
7/29/2025 16:00:00,8400,4710,3920,4150,5100,2840,1175,1890,130,1375,59,250,55,2440,765,79,4320,815,494,1725,200,3180,890,2090,88,314,9700,157,184,66,1660,1000,1345,1440,1140,900,260,2880,1950,378,164,1430,980,4000,212,2150,1045,720,1920,7925,2460,23225,8350,2640,3760,2280,1555,8300,10000,4910
7/30/2025 16:00:00,8375,4620,3780,4120,5150,2770,1150,1905,130,1370,64,248,55,2430,765,80,4360,800,496,1705,200,3260,875,2110,87,316,9800,158,184,66,1655,1000,1340,1430,1130,900,260,2880,1920,368,160,1405,980,3900,212,2170,945,710,1900,7825,2450,23450,8300,2550,3670,2180,1530,8375,9925,4890
7/31/2025 16:00:00,8275,4510,3710,4010,5100,2730,1115,1870,130,1305,65,242,55,2490,765,79,4400,785,505,1705,206,3210,870,2080,88,310,9850,155,184,67,1670,1010,1330,1420,1120,900,254,2880,1900,370,160,1410,960,3900,208,2190,995,715,1850,7825,2420,23000,8400,2360,3450,2320,1710,8525,9800,4930
8/1/2025 16:00:00,8300,4530,3740,4010,5000,2730,1115,1850,130,1255,65,248,55,2490,765,78,4400,785,515,1700,208,3110,900,2110,90,312,9575,158,183,67,1650,1015,1345,1425,1120,905,258,2980,1915,372,160,1410,960,4000,210,2170,980,815,1865,7800,2420,22925,8475,2450,3560,2320,1770,8475,9900,4770
8/4/2025 16:00:00,8275,4620,3710,4010,5025,2750,1095,1840,130,1370,63,266,56,2450,785,78,4390,775,510,1695,204,3200,850,2100,90,316,9450,154,183,67,1660,970,1325,1405,1140,905,258,3030,1875,370,164,1400,915,4000,212,2150,960,965,1900,7200,2400,23100,7225,2360,3770,2290,1760,8375,9550,4800
8/5/2025 16:00:00,8425,4750,3740,4220,5025,2780,1115,1885,130,1335,65,260,69,2480,820,78,4390,775,515,1700,204,3180,865,2100,90,314,9400,157,187,66,1650,950,1330,1395,1145,910,260,3030,1875,370,180,1395,930,4010,210,2160,940,950,1865,7075,2400,23025,7600,2330,3690,2420,1800,8325,9575,4700
8/6/2025 16:00:00,8300,4700,3710,4100,4900,2740,1130,1890,130,1340,65,266,62,2510,850,77,4390,780,515,1695,202,3180,870,2110,92,314,9400,154,184,66,1640,970,1340,1405,1155,910,260,2990,1895,364,173,1400,935,4010,214,2130,960,955,1860,7225,2420,23075,7575,2400,3890,2320,1735,8200,9550,4620
8/7/2025 16:00:00,8300,4680,3710,4120,4960,2740,1115,1890,131,1340,63,260,63,2520,855,77,4390,775,510,1695,206,3140,870,2080,94,314,9300,153,184,65,1630,960,1345,1395,1155,900,254,2950,1825,362,171,1375,930,4000,212,2090,940,1025,1870,7250,2400,23125,8800,2490,4100,2380,1765,8200,9500,4530
8/8/2025 16:00:00,8300,4670,3700,4070,4920,2700,1115,1860,130,1460,62,258,63,2510,860,77,4390,775,505,1700,204,3200,850,2060,93,312,9250,151,184,65,1620,935,1350,1390,1145,885,250,2940,1745,356,169,1440,940,4010,208,2110,940,1000,1790,7950,2400,23350,8700,2470,4010,2350,1750,8150,9350,4500
8/11/2025 16:00:00,8550,4720,3810,4200,4900,2730,1205,2000,130,1595,62,288,61,2560,855,79,4390,780,510,1705,204,3150,850,2080,93,314,9225,156,187,66,1650,940,1380,1400,1150,900,252,2990,1780,360,173,1470,935,4020,218,2110,915,1000,1810,8750,2410,23700,8300,2390,3920,2380,1760,8075,9550,4460
8/12/2025 16:00:00,8850,4910,4050,4360,4990,2780,1260,2200,132,1580,65,352,67,2570,885,85,4390,790,520,1725,208,3170,860,2070,96,320,9475,160,193,67,1650,940,1385,1400,1185,920,266,3180,1795,358,172,1530,965,4010,252,2100,905,960,1860,9100,2440,22550,8475,2280,3920,2390,1790,8050,9550,4460
8/13/2025 16:00:00,8925,4870,4080,4370,5175,2770,1335,2160,132,1550,64,344,69,2550,880,83,4400,790,515,1730,208,3120,855,2100,94,322,9375,157,191,67,1645,960,1385,1410,1160,915,262,3360,1780,356,172,1505,960,4020,240,2110,915,995,1830,9100,2450,22475,8575,2280,3930,2350,1785,8025,9475,4480
8/14/2025 16:00:00,8775,4850,4060,4390,5100,2770,1350,2210,130,1520,62,344,65,2570,865,96,4480,790,515,1725,210,3140,865,2050,98,318,9325,158,192,69,1650,985,1380,1410,1150,910,258,3420,1865,356,175,1450,980,4000,236,2110,925,1010,1840,9225,2420,22400,8600,2270,3930,2310,1830,8150,9725,4450
8/15/2025 16:00:00,8700,4850,4120,4370,5025,2770,1280,2180,130,1540,62,330,64,2520,845,93,4390,795,515,1715,214,3150,890,2070,95,316,9225,153,193,73,1650,955,1370,1395,1140,910,254,3310,1825,354,177,1415,970,4000,226,2110,995,965,1810,8750,2420,22250,8550,2220,3690,2260,1750,8050,9900,4440
8/19/2025 16:00:00,8500,4800,4040,4330,5525,2760,1255,2170,131,1535,61,324,63,2530,875,93,4400,790,515,1720,212,3100,870,2080,94,322,9250,156,260,73,1650,970,1385,1390,1140,915,260,3250,1845,354,177,1455,970,4000,230,2080,1085,990,1800,8575,2400,22050,8400,2310,3720,2210,1830,7925,9775,4520
8/20/2025 16:00:00,8525,4950,4150,4430,5525,2790,1320,2270,134,1545,61,354,65,2540,860,108,4390,800,520,1740,212,3120,880,2110,98,328,9325,173,228,75,1660,1000,1405,1400,1150,905,260,3220,1855,356,177,1465,970,4010,244,2110,1095,1000,1810,8600,2430,22275,8500,2320,3740,2360,1805,7975,9650,4510
8/21/2025 16:00:00,8550,4900,4150,4490,5625,2770,1280,2210,132,1535,61,346,65,2570,875,103,4400,800,520,1725,212,3080,930,2110,98,334,9200,170,222,73,1665,965,1400,1405,1155,905,260,3250,1805,360,177,1455,955,4030,240,2110,1125,980,1780,8425,2430,22275,8725,2280,3700,2410,1815,7925,9550,4530
8/22/2025 16:00:00,8450,4890,4100,4390,5700,2730,1270,2210,134,1555,61,342,64,2580,865,106,4400,800,520,1725,214,3040,905,2180,104,328,9400,189,224,74,1655,960,1400,1410,1170,905,260,3240,1805,358,190,1430,970,4030,240,2110,965,1000,1775,8525,2420,22300,8600,2280,3690,2300,1770,7850,9575,4520
8/25/2025 16:00:00,8475,4950,4210,4450,5750,2750,1300,2290,160,1575,60,374,72,2560,855,118,4410,800,530,1730,220,3060,940,2180,135,334,9775,200,230,82,1645,980,1400,1410,1215,915,278,3310,1815,358,197,1435,990,4050,252,2110,965,1015,1740,8925,2420,22400,8500,2260,3690,2280,1775,7700,9500,4480
8/26/2025 16:00:00,8250,4900,4170,4540,5625,2760,1260,2270,145,1600,61,356,77,2560,855,117,4410,800,525,1725,214,3100,930,2150,122,330,9500,184,224,77,1670,965,1400,1405,1185,885,264,3260,1820,356,186,1435,980,4020,248,2080,945,990,1735,8875,2500,22375,8075,2230,3620,2280,1790,7800,9375,4430
8/27/2025 16:00:00,8300,4800,4130,4450,5500,2720,1240,2260,146,1580,60,350,77,2530,835,115,4410,795,525,1725,214,3040,895,2140,128,330,9725,187,226,77,1745,950,1395,1400,1170,875,266,3170,1975,356,185,1425,975,4050,244,2080,900,1020,1805,9800,2450,22400,8150,2390,3840,2250,1755,7600,9325,4380
8/28/2025 16:00:00,8325,4770,4140,4460,5575,2740,1305,2350,143,1585,59,354,76,2550,815,124,4410,795,525,1720,218,3150,910,2140,125,328,9600,188,228,78,1735,950,1400,1400,1180,875,270,3180,1900,370,187,1465,970,4000,244,2150,905,1095,1770,9300,2430,22425,7750,2510,3800,2230,1750,7600,9300,4380
8/29/2025 16:00:00,8075,4730,4050,4380,5500,2710,1300,2270,139,1570,58,332,71,2500,760,116,4400,790,515,1700,212,3170,890,2120,118,320,9775,177,214,76,1675,920,1365,1395,1155,860,260,3130,1855,376,183,1490,970,4010,236,2150,885,1030,1755,9025,2400,22125,7850,2470,3740,2200,1700,7450,8975,4270
9/1/2025 16:00:00,8000,4600,3980,4320,5450,2690,1280,2170,135,1575,58,326,67,2490,780,113,4400,780,510,1700,210,3130,870,2120,112,312,9425,163,228,73,1655,905,1365,1390,1145,835,256,3110,1815,370,182,1460,965,3990,228,2140,915,1000,1720,8950,2400,22200,7850,2490,3710,2160,1700,7400,9200,4300
9/2/2025 16:00:00,8000,4570,3960,4310,5475,2710,1275,2200,134,1635,58,330,70,2500,770,115,4410,780,515,1695,212,3130,885,2120,117,316,9300,168,230,75,1660,915,1380,1395,1150,835,256,3070,1880,380,179,1470,965,4030,230,2110,925,1040,1720,8825,2420,22350,8000,2570,3690,2110,1700,7500,9200,4330
9/3/2025 16:00:00,7975,4620,4030,4410,5500,2720,1270,2190,137,1605,58,326,71,2510,755,113,4410,775,510,1695,212,3140,885,2130,110,314,9200,173,226,77,1615,920,1380,1395,1150,845,258,3110,1895,380,183,1450,965,4010,236,2120,905,1065,1730,8600,2420,22275,8025,2550,3940,2140,1710,7700,9300,4430
9/4/2025 16:00:00,8000,4680,4000,4370,5500,2720,1280,2170,136,1570,59,320,75,2540,760,110,4410,775,515,1710,210,3160,885,2120,111,316,9300,169,228,76,1610,930,1385,1390,1155,845,256,3150,2030,376,184,1460,960,4000,232,2130,905,1030,1760,8625,2410,22350,8075,2620,3910,2080,1705,7525,9250,4520
9/8/2025 16:00:00,7700,4490,3900,4180,5425,2580,1155,2000,135,1535,58,308,70,2510,760,104,4500,765,515,1705,208,3170,875,2080,107,314,9125,162,222,75,1615,925,1380,1385,1140,845,252,3090,2000,368,185,1350,950,4050,226,2090,905,1080,1720,8575,2410,22275,8100,2640,3900,2080,1695,7425,9375,4530
9/9/2025 16:00:00,7525,4310,3790,4080,5525,2480,1220,1970,134,1470,56,318,69,2510,750,105,4450,765,505,1690,206,3070,850,2100,105,316,9050,163,226,75,1665,945,1350,1370,1130,820,246,3050,2000,358,180,1375,960,4020,226,2090,930,1140,1685,8325,2400,22250,7725,2700,3950,2050,1655,7350,9225,4480
9/10/2025 16:00:00,7800,4400,3880,4100,5475,2500,1275,2110,136,1480,56,330,70,2500,750,106,4450,765,510,1695,206,3210,880,2080,108,314,9125,169,230,74,1630,935,1365,1390,1120,820,246,3150,1950,362,184,1385,960,4070,246,2110,915,1095,1685,8550,2380,22200,7850,2600,3870,2130,1700,7425,9225,4490
9/11/2025 16:00:00,7850,4480,4080,4420,5550,2660,1355,2130,135,1510,57,344,71,2520,760,110,4450,770,515,1705,212,3320,890,2080,110,320,9050,168,240,74,1640,970,1370,1390,1130,825,252,3080,1920,374,180,1525,970,4030,248,2140,925,1065,1680,8550,2370,22325,8050,2500,3740,2170,1720,7475,9300,4680
9/12/2025 16:00:00,7925,4520,4180,4520,5675,2690,1410,2120,137,1490,57,348,70,2500,805,110,4500,770,520,1715,210,3360,905,2080,116,316,9050,170,268,75,1645,950,1370,1390,1135,830,252,3100,1925,376,206,1500,970,4060,250,2180,915,1090,1670,8650,2390,22325,8175,2530,4000,2150,1695,7550,9250,4700
9/15/2025 16:00:00,8025,4530,4140,4410,5625,2680,1390,2140,138,1500,57,350,71,2510,805,110,4500,770,520,1730,210,3450,910,2090,115,314,9125,170,326,76,1665,970,1380,1390,1135,835,252,3260,1910,372,206,1485,970,4000,254,2120,905,1100,1680,8875,2380,22450,8125,2520,4290,2130,1690,7650,9225,4750
9/16/2025 16:00:00,7925,4480,4130,4370,5650,2640,1345,2160,138,1510,57,348,71,2470,795,110,4500,770,515,1725,212,3730,915,2110,114,312,9100,169,308,77,1630,970,1360,1390,1135,825,250,3300,1930,372,202,1460,960,4010,244,2120,890,1105,1650,8875,2380,22350,8025,2540,4070,2110,1740,7650,9300,4810
9/17/2025 16:00:00,7850,4510,4220,4450,5700,2650,1390,2280,136,1530,57,356,71,2500,795,111,4500,765,515,1725,210,3980,895,2120,113,316,9050,174,300,77,1650,945,1365,1390,1170,830,252,3340,1880,370,202,1505,955,3930,250,2170,895,1090,1675,8925,2380,22575,8050,2490,4020,2160,1735,7775,9500,4860
9/18/2025 16:00:00,7700,4420,4250,4340,5575,2610,1325,2210,136,1580,56,334,71,2500,790,108,4500,765,515,1720,212,3950,895,2120,113,316,9075,171,302,76,1635,980,1355,1390,1135,820,246,3250,1940,370,198,1460,965,4000,244,2100,900,1050,1640,9075,2360,22675,8075,2370,3990,2040,1710,7650,9425,4940
9/19/2025 16:00:00,7800,4380,4250,4270,5725,2610,1335,2240,137,1535,55,318,68,2360,770,106,4500,760,515,1705,212,4150,885,2060,111,312,9100,168,300,75,1650,970,1365,1390,1150,825,246,3230,1945,378,200,1435,970,4050,240,2130,900,1080,1665,9050,2380,23100,7675,2380,4040,2000,1715,7825,9700,5075
9/22/2025 16:00:00,7725,4420,4160,4210,5700,2610,1305,2140,137,1500,54,314,66,2380,775,107,4500,765,515,1700,214,4640,885,2050,113,314,9050,167,298,75,1640,970,1350,1385,1135,820,246,3220,1980,396,198,1400,1030,4000,240,2110,895,1060,1660,8925,2370,23100,7050,2520,4190,1905,1715,7850,9625,4750
9/23/2025 16:00:00,7875,4410,4140,4200,5900,2660,1305,2140,139,1485,54,314,67,2390,785,109,4500,770,520,1700,214,4980,920,2090,113,316,9100,161,298,75,1635,955,1355,1390,1140,820,248,3190,1930,412,193,1395,1025,4220,240,2090,940,1110,1760,9025,2380,22975,7200,2450,4270,1925,1775,7775,9700,4790
9/24/2025 16:00:00,7775,4390,4170,4190,5900,2690,1275,2100,139,1495,53,308,70,2400,775,110,4500,770,515,1700,212,5200,890,2070,111,312,9075,161,292,75,1665,935,1360,1385,1125,815,244,3160,1880,410,192,1390,995,4400,234,2100,905,1135,1730,8875,2380,22825,7050,2280,4280,1905,1735,7875,9550,4680
9/25/2025 16:00:00,7700,4360,4070,4190,5775,2670,1275,2080,132,1485,55,304,68,2380,790,120,4500,770,510,1695,210,5175,895,2080,112,314,9275,160,280,75,1660,925,1355,1390,1110,805,240,3120,1765,402,179,1400,995,4380,234,2110,905,1180,1725,8800,2350,22675,6800,2070,4220,1860,1735,7750,9800,4820
9/26/2025 16:00:00,7625,4420,4040,4180,5875,2670,1300,2150,136,1480,57,330,68,2390,790,117,4500,770,510,1695,210,5300,905,2050,114,314,9250,161,272,76,1655,930,1350,1390,1105,810,242,3110,1790,432,184,1390,995,5000,242,2090,915,1180,1700,9025,2350,22750,7000,2220,4280,1875,1830,7650,10000,4840
9/29/2025 16:00:00,7775,4400,3980,4170,5775,2610,1290,2210,138,1480,56,338,71,2400,780,115,4500,770,510,1700,210,5950,905,2080,111,312,9400,163,290,77,1645,910,1345,1400,1100,805,244,3080,1790,478,186,1375,1010,4790,244,2090,930,1170,1725,9675,2330,22825,7025,2200,4480,1880,1760,7575,9650,4800
9/30/2025 16:00:00,7625,4400,3900,4100,5775,2590,1285,2130,152,1485,54,332,68,2380,765,112,4480,765,510,1695,208,5950,890,2040,111,312,9000,162,278,78,1635,925,1355,1385,1080,800,242,3060,1760,462,188,1350,1010,4790,240,2120,895,1190,1690,9375,2350,22875,7225,2110,4400,1930,1780,7225,9475,4660
10/1/2025 16:00:00,7500,4380,3810,4050,5675,2590,1265,2150,144,1540,55,362,67,2370,760,115,4500,765,510,1675,210,5500,880,2080,110,316,9125,161,284,77,1635,915,1345,1395,1065,810,242,3060,1745,460,186,1415,1050,4670,250,2060,910,1165,1670,9150,2330,22525,6950,2060,4260,1850,1780,7100,9325,4680
10/2/2025 16:00:00,7500,4360,3710,4040,5700,2600,1265,2200,155,1525,54,420,67,2380,760,114,4500,765,515,1680,210,5850,875,2070,111,316,9150,163,286,77,1695,900,1345,1390,1055,805,244,3130,1740,488,189,1405,1040,4460,254,2080,915,1140,1670,9175,2310,22600,6825,2120,4370,1940,1790,7025,9500,4680
10/3/2025 16:00:00,7525,4310,3690,4040,5825,2610,1215,2180,152,1495,57,394,64,2370,765,109,4500,765,510,1700,206,5975,870,2070,109,314,9125,161,282,76,1660,910,1355,1390,1060,805,242,3070,1740,486,186,1430,1025,4360,252,2090,910,1150,1660,9550,2320,22700,6925,2120,4390,1955,1835,7150,9550,4840
10/6/2025 16:00:00,7500,4260,3660,4000,5825,2610,1195,2130,144,1510,57,380,65,2360,750,108,4440,765,510,1695,208,5675,895,2070,107,314,9100,160,300,74,1655,910,1350,1395,1040,840,238,3010,1735,605,184,1455,1025,4880,246,2130,900,1135,1655,9975,2310,22500,6925,2130,4350,1960,1860,7100,9500,4760
10/7/2025 16:00:00,7575,4290,3710,3990,5750,2600,1200,2090,143,1490,56,380,63,2370,755,108,4450,760,505,1695,208,5700,875,2120,104,314,9100,157,282,73,1655,905,1345,1395,1035,800,234,3010,1775,600,186,1420,1010,5100,240,2130,900,1090,1650,9975,2270,22425,6925,2240,4250,1900,1830,7225,9200,4750
10/8/2025 16:00:00,7375,4250,3720,3940,5725,2590,1180,2080,143,1485,56,378,62,2370,755,107,4520,755,505,1705,204,5600,885,2090,103,316,9000,155,260,74,1645,980,1345,1385,1015,805,230,2990,1875,570,179,1380,1015,4630,236,2130,915,1125,1850,9650,2270,22150,6975,2280,4460,1930,1855,7250,9200,4730
10/9/2025 16:00:00,7550,4390,3860,4100,5925,2690,1235,2160,142,1555,55,384,61,2390,770,111,4520,770,520,1710,206,5475,870,2080,107,318,9000,159,270,74,1650,995,1350,1385,1040,805,236,3010,1805,540,182,1410,1035,4490,240,2130,900,1130,1730,9875,2340,22450,7400,2300,4440,1920,1915,7150,9100,4860
10/10/2025 16:00:00,7400,4250,3730,3970,5900,2630,1185,2100,143,1530,54,372,60,2370,750,108,4570,770,520,1700,206,5650,860,2100,101,314,9125,155,258,72,1640,1000,1350,1385,1030,800,232,3040,1780,555,181,1385,1025,4880,236,2120,910,1145,1750,9850,2380,22775,7400,2370,4540,1940,1900,7200,8850,4730
10/13/2025 16:00:00,7325,4230,3660,3900,5800,2580,1140,2110,140,1520,55,374,59,2360,750,111,4500,750,510,1695,204,5375,860,2070,103,310,8975,153,256,72,1640,965,1335,1385,1010,790,234,3020,1745,545,190,1355,1010,4950,230,2040,900,1130,1725,9825,2340,22600,7450,2370,4540,2090,1850,7200,8800,4700
10/14/2025 16:00:00,7250,4090,3550,3800,5825,2560,1130,2010,140,1500,55,356,57,2350,750,107,4500,750,505,1685,204,5200,860,2050,100,312,9100,151,242,72,1610,945,1325,1380,1000,780,228,2960,1700,505,177,1330,995,4210,222,2050,880,1200,1705,9675,2300,22300,7350,2350,4270,2140,1800,7050,8475,4660
10/15/2025 16:00:00,7250,4050,3500,3770,5775,2500,1140,2060,141,1500,54,352,56,2350,755,107,4500,755,505,1765,204,5175,860,2070,99,310,9075,147,242,70,1665,980,1340,1375,1015,770,226,3080,1630,510,177,1355,1000,4580,222,2050,895,1200,1680,9550,2170,22000,7250,2350,4460,2220,1835,6900,8675,4640
10/16/2025 16:00:00,7300,4090,3530,3850,5750,2520,1150,2050,141,1495,55,354,55,2350,755,106,4510,755,505,1700,202,5300,870,2080,100,308,9350,148,234,71,1630,975,1340,1375,1010,770,228,2950,1630,525,180,1315,1000,4080,218,2050,895,1250,1675,9800,2210,22375,7925,2400,4430,2220,1985,7075,9250,4860
10/17/2025 16:00:00,7500,4050,3500,3800,5625,2520,1140,1950,138,1465,55,340,53,2330,755,106,4490,755,505,1670,200,5300,850,2070,98,304,9150,145,228,70,1655,900,1330,1365,995,765,226,2880,1560,496,180,1345,1000,4020,212,2040,870,1220,1650,9300,2210,22225,8000,2340,4220,2130,1900,7125,9400,4970
10/20/2025 16:00:00,7875,4300,3680,4040,5925,2640,1235,2020,143,1510,55,356,56,2360,770,113,4470,770,515,1705,200,5550,860,2060,102,306,9100,151,244,72,1655,925,1360,1380,1000,780,236,2940,1655,498,183,1450,1025,4110,222,2040,875,1225,1695,9275,2270,22450,7650,2280,4270,2250,2080,7250,9375,4940
10/21/2025 16:00:00,8475,4350,3760,4050,6000,2670,1225,2020,140,1520,56,356,56,2360,770,113,4490,765,515,1700,202,5675,860,2050,102,310,9150,152,248,72,1630,985,1355,1385,1010,785,236,3280,1700,550,181,1400,1115,4050,224,2040,900,1260,1805,9250,2340,22550,7675,2370,4320,2210,2050,7275,9275,4890
10/22/2025 16:00:00,8200,4330,3700,4030,6175,2620,1170,2020,140,1480,54,358,55,2370,765,119,4490,770,520,1695,202,5650,865,2080,102,310,9250,153,250,71,1635,970,1355,1385,1005,790,236,3150,1670,560,184,1400,1090,4050,222,2040,900,1215,1775,9100,2290,22550,7400,2270,4200,2190,2070,7175,8900,5175
10/23/2025 16:00:00,8325,4430,3820,4240,6325,2640,1195,2080,141,1490,56,378,55,2370,770,120,4500,780,515,1705,204,5625,855,2080,102,312,9300,155,246,72,1635,985,1355,1385,1015,800,236,3360,1640,560,181,1405,1095,4090,226,2040,905,1280,1790,9025,2320,22675,7800,2230,4220,2210,2260,7375,8825,5225
10/24/2025 16:00:00,8275,4550,3850,4370,6575,2610,1205,2060,140,1485,55,374,54,2380,775,116,4500,790,520,1705,202,5900,870,2070,105,310,9275,154,244,71,1630,995,1355,1390,1010,795,240,3290,1650,540,184,1370,1095,4020,226,2110,915,1245,1760,9175,2350,22700,7675,2220,4210,2180,2530,7300,8800,5150
10/27/2025 16:00:00,8350,4470,3860,4370,6600,2600,1205,2160,141,1490,55,398,53,2380,780,112,4490,790,525,1700,204,5450,875,2260,103,316,9050,152,238,72,1635,960,1350,1380,1005,795,238,3330,1660,505,182,1380,1040,4020,228,2110,915,1240,1785,8900,2340,22725,7200,2250,4280,2130,2710,7450,8850,5125
10/28/2025 16:00:00,8275,4510,3850,4370,6325,2560,1195,2300,140,1480,55,388,54,2420,785,113,4320,785,520,1700,202,5325,865,2160,104,316,9175,152,242,71,1630,995,1355,1390,1000,795,236,3400,1700,500,181,1400,1040,3990,228,2100,910,1305,1785,8900,2350,22800,6875,2170,4420,2080,2490,7500,8775,5075
10/29/2025 16:00:00,8600,4650,3890,4440,6475,2600,1235,2360,140,1490,56,394,55,2450,790,114,4490,800,530,1715,204,5350,870,2170,101,318,9075,155,246,72,1630,990,1365,1415,1010,800,240,3290,1750,500,182,1415,1040,4000,234,2100,885,1360,1935,8750,2370,22975,7025,2460,4540,2010,2580,7425,8700,5050
10/30/2025 16:00:00,8525,4800,3910,4410,6275,2570,1235,2250,139,1475,60,410,55,2460,805,118,4500,805,540,1735,202,5300,880,2140,102,322,9150,155,242,72,1640,990,1375,1460,1020,800,242,3250,1740,540,181,1410,1065,3990,236,2090,890,1330,1980,8625,2430,23500,6950,2500,4700,2040,2560,7400,8800,4790
10/31/2025 16:00:00,8525,4720,3980,4380,6150,2550,1225,2190,138,1495,60,388,54,2570,805,113,4480,805,545,1745,206,5275,875,2130,100,322,9100,152,242,73,1640,1020,1375,1445,1030,805,240,3210,1720,525,180,1370,1045,3990,232,2090,895,1250,1885,8675,2400,23500,7100,2440,4750,2010,2580,7400,8700,4670
11/3/2025 16:00:00,8650,4760,4040,4430,6350,2530,1215,2210,138,1495,59,402,54,2550,795,115,4500,810,545,1750,204,5250,875,2170,99,320,9000,153,242,74,1650,975,1390,1450,1045,805,244,3350,1735,535,183,1380,1040,3990,230,2090,895,1200,1940,9275,2400,23025,7025,2420,4550,1925,2670,7200,8500,4770
11/4/2025 16:00:00,8650,4730,3970,4450,6300,2510,1215,2130,139,1480,57,406,56,2540,785,111,4510,810,545,1730,202,5250,880,2130,98,318,9000,151,238,73,1660,990,1365,1450,1025,800,238,3500,1690,535,182,1370,1030,4000,224,2090,910,1155,1905,9225,2400,23200,6950,2420,4600,1900,2690,7075,8475,4730
11/5/2025 16:00:00,8700,4770,3980,4460,6250,2500,1220,2110,139,1475,62,390,55,2530,780,110,4510,805,550,1745,204,5275,880,2180,100,318,8950,151,232,74,1645,970,1375,1450,1030,805,238,3540,1645,530,184,1370,1025,3990,224,2090,905,1130,1890,9750,2380,23600,7150,2430,4660,1935,2690,7125,8700,4810
11/6/2025 16:00:00,8550,4750,4000,4440,6325,2490,1225,2090,140,1480,61,394,57,2530,765,109,4500,810,545,1750,204,5275,880,2150,101,320,8975,152,238,74,1650,970,1390,1445,1025,800,240,3480,1695,615,186,1405,1035,3990,230,2060,895,1110,1920,9925,2400,23400,7025,2430,4550,1900,2620,7025,8575,4760
11/7/2025 16:00:00,8675,4750,3980,4500,6425,2510,1230,2150,141,1460,61,394,56,2530,780,109,4500,815,545,1745,206,5275,880,2130,104,320,8975,158,234,73,1640,985,1385,1455,1015,790,236,3470,1675,620,184,1425,1035,4000,230,2050,900,1125,1945,9975,2390,23400,7025,2420,4510,1910,2530,7125,8600,4620
11/10/2025 16:00:00,8575,4730,3930,4420,6425,2500,1220,2200,142,1475,67,384,56,2540,785,114,4400,810,545,1735,206,5250,885,2140,105,320,9000,156,230,74,1645,985,1370,1455,1020,795,236,3440,1675,670,185,1380,1025,3990,228,2030,905,1110,1960,10225,2390,23350,7075,2500,4500,1885,2530,7100,8650,4670
11/11/2025 16:00:00,8400,4680,3890,4420,6525,2500,1200,2090,140,1480,67,376,55,2530,765,114,4480,810,545,1740,204,5275,875,2130,103,320,8975,156,230,73,1645,985,1370,1455,1025,785,236,3520,1670,630,184,1365,1020,3990,228,2040,900,1095,1950,10025,2390,23200,7025,2500,4400,1855,2490,7050,8550,4700
11/12/2025 16:00:00,8500,4760,3900,4460,6450,2480,1210,2010,141,1475,65,380,55,2530,765,114,4490,805,540,1745,208,5250,880,2130,102,320,8975,154,242,73,1650,980,1375,1445,1020,790,238,3560,1670,630,182,1370,1025,3990,228,2070,895,1100,1965,9925,2380,23100,6825,2420,4300,1910,2550,7175,8525,4740
11/13/2025 16:00:00,8375,4700,3870,4420,6375,2460,1200,2030,139,1485,64,378,57,2550,760,118,4490,805,545,1745,208,5125,865,2150,105,324,8950,152,260,73,1645,985,1375,1445,1070,815,256,3500,1640,665,184,1375,1025,4000,230,2050,900,1085,1930,9900,2360,22650,6850,2460,4310,1895,2490,7150,8475,4760
11/14/2025 16:00:00,8425,4750,3900,4390,6400,2490,1195,2020,146,1470,65,372,56,2540,755,116,4490,800,545,1735,204,5150,865,2130,108,328,8925,152,254,72,1645,985,1375,1450,1040,820,256,3550,1605,630,184,1380,1020,4000,228,2050,875,1030,1880,9750,2340,22425,6600,2410,4240,1865,2510,7100,8425,4810
11/17/2025 16:00:00,8575,4820,3940,4390,6450,2480,1210,2010,146,1475,62,376,56,2560,775,115,4480,800,550,1765,206,5150,870,2130,116,336,8950,154,258,72,1630,975,1375,1465,1035,805,258,3610,1600,630,183,1375,1020,4010,230,2050,910,1025,1910,9725,2350,22400,6300,2260,4100,1855,2590,7100,8375,4610
11/18/2025 16:00:00,8400,4790,3970,4460,6425,2470,1210,1980,144,1470,61,372,56,2540,770,114,4480,800,550,1820,206,5100,860,2140,109,334,9000,153,250,73,1625,980,1390,1455,1035,795,250,3620,1595,685,184,1375,1010,4000,228,2050,905,1000,1880,9625,2310,22100,6300,2170,3890,1860,2510,7000,8325,4700
11/19/2025 16:00:00,8475,4850,4000,4460,6400,2460,1200,1960,143,1490,60,368,55,2530,780,113,4490,805,545,1795,206,5025,870,2140,110,324,8975,151,250,72,1625,985,1380,1460,1030,805,252,3650,1605,725,183,1355,1015,4000,226,2030,905,980,1920,9675,2320,22150,6475,2240,3890,1885,2580,7025,8400,4750
11/20/2025 16:00:00,8425,4940,3990,4460,6425,2450,1200,1980,142,1485,60,380,55,2530,760,115,4490,805,545,1800,208,5075,880,2140,108,324,8950,151,248,72,1625,995,1385,1460,1035,805,252,3640,1600,710,180,1370,1070,3990,226,2020,875,975,1905,9800,2330,22100,6475,2170,3810,1840,2600,7075,8325,4730
11/21/2025 16:00:00,8400,4950,3960,4390,6425,2420,1185,1950,142,1470,64,382,55,2540,760,116,4490,800,545,1790,206,5000,875,2140,104,324,8950,151,248,72,1610,985,1385,1475,1035,800,248,3500,1600,680,182,1360,1080,3990,224,2020,935,970,1870,9850,2320,22125,6475,2270,3940,1830,2540,7125,8350,4740
11/24/2025 16:00:00,8475,5100,3980,4390,6475,2400,1210,1975,141,1480,65,384,55,2510,760,123,4490,795,550,1780,206,4980,870,2140,106,326,8950,154,248,72,1640,980,1390,1460,1035,800,248,3700,1595,675,182,1375,1080,4000,224,1990,900,950,1875,10125,2330,22250,7100,2300,3860,1870,2670,7450,8350,4730
11/25/2025 16:00:00,8500,5025,3830,4420,6450,2390,1200,1995,143,1470,65,394,55,2520,750,121,4490,795,550,1785,206,4970,865,2150,106,330,8925,152,248,72,1625,1000,1390,1480,1040,800,250,3650,1580,675,180,1355,1070,3930,226,1980,910,995,1855,9650,2310,22100,6800,2300,3830,1850,2630,7250,8575,4710
11/26/2025 16:00:00,8425,5025,3790,4410,6600,2380,1195,2000,147,1485,65,396,56,2510,765,132,4490,800,550,1785,206,4930,870,2140,117,334,8925,156,248,81,1725,1015,1380,1480,1150,840,268,3720,1595,715,180,1360,1080,3990,224,1970,895,1010,1845,9575,2320,22050,6950,2340,3830,1835,2600,7425,8600,4760
11/27/2025 16:00:00,8325,4860,3740,4350,6575,2370,1190,2090,157,1500,65,494,56,2480,755,127,4490,795,545,1775,206,4860,860,2140,116,330,9000,160,258,77,1700,1010,1375,1475,1245,855,278,3570,1590,695,181,1365,1095,3950,240,1970,880,1000,1810,9525,2300,22000,6950,2350,3950,1810,2600,7375,8550,4670
11/28/2025 16:00:00,8275,4830,3680,4260,6550,2340,1195,2030,158,1500,64,434,55,2490,750,123,4490,800,545,1775,204,4810,875,2110,117,330,9250,156,250,77,1685,1000,1365,1480,1195,850,274,3510,1590,695,185,1315,1090,3990,230,1960,880,1045,1810,9575,2310,22050,6600,2280,3820,1800,2600,7350,8450,4630
12/1/2025 16:00:00,8400,4860,3670,4310,6375,2380,1185,2010,155,1470,67,422,55,2500,755,120,4490,795,540,1765,206,4790,870,2110,116,324,9050,156,242,73,1680,1010,1375,1485,1145,830,274,3650,1600,715,190,1360,1075,4000,228,1990,890,1020,1820,9550,2290,21900,6450,2310,3820,1785,2620,7350,8400,4710
12/2/2025 16:00:00,8375,4850,3710,4270,6625,2380,1180,2070,155,1480,65,448,55,2500,760,134,4490,800,540,1775,206,4770,870,2110,117,326,8925,159,246,76,1665,1015,1380,1485,1115,815,268,3560,1585,710,186,1320,1075,3940,236,1995,880,1030,1840,9650,2310,22000,6675,2280,3960,1805,2650,7200,8100,4750
12/3/2025 16:00:00,8300,4880,3660,4260,6600,2340,1180,2100,154,1485,64,436,55,2510,765,127,4490,795,540,1775,204,4740,875,2100,113,328,8925,161,248,74,1655,1025,1380,1480,1130,825,274,3580,1595,695,188,1320,1080,3940,230,1995,880,1010,1850,9625,2310,21975,6525,2260,3920,1840,2770,7050,8125,4780
12/4/2025 16:00:00,8225,4920,3690,4310,6725,2360,1175,2070,155,1480,64,428,55,2520,760,125,4480,795,545,1780,206,4930,870,2080,112,328,9000,160,248,75,1655,1025,1375,1460,1110,815,270,3630,1595,690,186,1300,1085,3990,230,1995,880,1030,1810,9450,2300,21950,6400,2250,3880,1850,2770,7025,8200,4770
12/5/2025 16:00:00,8300,4900,3650,4290,6700,2330,1165,2070,156,1480,64,432,55,2510,755,125,4490,795,545,1775,206,4920,870,2100,112,328,9000,158,240,75,1655,1020,1370,1460,1095,820,262,3700,1585,695,187,1300,1095,3900,232,1995,880,1020,1815,9625,2300,22000,6475,2230,3890,1845,2710,7100,8050,4770
12/8/2025 16:00:00,8300,4950,3670,4310,6725,2330,1150,2100,163,1490,70,438,56,2490,755,124,4490,820,545,1770,206,4850,875,2090,114,326,9000,159,238,74,1685,1010,1380,1470,1120,825,266,3630,1585,730,208,1300,1110,3910,232,1980,940,1025,1900,9650,2300,22000,6300,2330,3990,1935,2620,6975,8075,4800
12/9/2025 16:00:00,8100,4890,3680,4320,6600,2250,1130,2050,161,1495,71,432,56,2480,755,122,4490,800,545,1760,206,4850,865,2090,112,322,9000,158,238,75,1645,1000,1365,1460,1075,795,258,3570,1555,715,199,1240,1120,3910,230,1975,930,1020,1835,9575,2290,21925,6200,2240,3850,1930,2670,6850,8000,4670
12/10/2025 16:00:00,8075,4970,3660,4310,6625,2250,1100,2080,164,1455,70,460,59,2490,755,118,4490,805,545,1750,204,4800,865,2140,111,322,8900,153,234,73,1650,980,1360,1470,1075,800,256,3640,1510,715,208,1185,1115,3900,230,1980,935,1020,1830,9625,2290,21900,6300,2280,3900,1925,2730,6900,8025,4610
12/11/2025 16:00:00,8000,4950,3620,4230,6450,2210,1095,2050,158,1465,68,468,57,2440,715,117,4480,795,535,1735,204,4740,860,2110,109,322,8875,151,232,74,1665,930,1350,1450,1030,785,248,3570,1505,685,204,1175,1060,3820,228,1975,925,965,1780,9450,2260,21750,6350,2200,3860,1910,2640,6575,8025,4470
12/12/2025 16:00:00,8000,4820,3630,4240,6600,2160,1090,2000,156,1480,66,470,56,2440,715,116,4490,795,535,1740,206,4640,845,2110,109,318,8975,151,232,73,1615,940,1350,1460,1075,805,260,3550,1460,650,208,1200,1080,3900,230,1975,905,965,1780,9575,2260,21725,6725,2250,3840,1900,2630,6775,8075,4500
12/15/2025 16:00:00,8300,4990,3780,4440,6600,2290,1170,2220,159,1535,65,565,56,2450,720,121,4500,805,540,1755,218,4630,850,2150,116,316,8750,152,236,74,1650,925,1370,1465,1100,805,262,3470,1505,690,228,1240,1165,3900,248,1995,890,960,1825,9500,2260,21550,6500,2350,3890,1900,2580,6775,8300,4590
12/16/2025 16:00:00,8075,5000,3690,4400,6600,2240,1145,2140,164,1490,68,590,56,2450,710,126,4490,800,540,1750,216,4490,850,2180,116,318,8975,151,234,74,1640,905,1375,1480,1095,810,260,3520,1490,695,218,1205,1150,3980,254,1995,890,985,1805,9800,2280,21150,6650,2310,3840,1905,2710,6775,8350,4560
12/17/2025 16:00:00,8025,5025,3750,4370,6600,2250,1160,2030,171,1475,66,540,56,2490,710,118,4430,795,540,1750,212,4490,865,2160,117,318,8825,150,236,76,1655,930,1360,1480,1070,815,268,3500,1490,695,218,1210,1135,4000,244,2030,945,1010,1815,9725,2270,21400,6550,2290,3920,1910,2630,6775,8325,4530
12/18/2025 16:00:00,8175,5150,3780,4380,6500,2270,1185,2000,167,1465,65,515,57,2470,710,118,4490,805,540,1760,212,4590,845,2110,116,318,8800,150,240,75,1660,930,1375,1480,1090,805,262,3460,1480,675,218,1185,1115,4010,236,2030,945,1020,1900,9450,2260,21325,6150,2200,4360,1915,2650,6875,8250,4580
12/19/2025 16:00:00,8050,5175,3770,4340,6525,2240,1170,1960,178,1475,65,482,57,2450,700,117,4490,820,540,1755,212,5150,865,2100,112,320,8925,148,234,75,1650,940,1360,1475,1100,795,254,3410,1470,675,216,1200,1095,3910,232,2050,945,1050,1900,9375,2270,21575,6325,2190,4110,1920,2770,6750,8425,4640
12/22/2025 16:00:00,8175,5100,3760,4330,6575,2220,1155,1965,194,1475,64,472,55,2430,710,116,4490,805,540,1755,212,5050,875,2100,110,320,8825,148,232,75,1630,1040,1360,1480,1085,800,250,3470,1450,680,212,1205,1110,3920,228,1995,940,1065,1895,9500,2280,21550,6500,2260,4440,1965,2700,6850,8350,4550
12/23/2025 16:00:00,8025,5050,3770,4290,6500,2240,1155,1965,182,1465,64,474,56,2440,705,116,4500,805,540,1745,212,5050,875,2110,108,322,8800,143,230,74,1625,1040,1350,1475,1085,790,252,3470,1450,650,212,1190,1130,4000,228,2010,910,1130,1905,9425,2280,21875,6350,2230,4990,1955,2610,6800,8250,4530
12/24/2025 16:00:00,8025,5050,3770,4270,6625,2230,1160,1980,187,1470,65,456,55,2440,705,116,4500,800,535,1740,212,5075,865,2110,108,324,8925,142,228,75,1635,1060,1365,1480,1075,795,252,3460,1460,650,206,1250,1115,3900,228,2010,915,1110,1890,9325,2280,22000,6200,2200,5050,1960,2600,6800,8250,4590
12/29/2025 16:00:00,8025,5075,3780,4260,6675,2260,1150,1965,252,1440,64,470,55,2440,705,117,4510,800,535,1745,212,5050,850,2120,115,324,9000,147,232,75,1645,1125,1365,1490,1070,800,252,3490,1505,665,208,1200,1180,3900,228,2070,920,1125,1945,9525,2320,21975,6650,2320,5075,1955,2600,6775,8300,4540
12/30/2025 16:00:00,8075,5100,3660,4370,6700,2230,1175,1975,234,1490,64,480,56,2470,700,119,4490,805,540,1790,206,5150,860,2120,115,324,9075,146,232,75,1640,1200,1370,1495,1080,805,258,3480,1580,665,202,1205,1165,3900,230,2050,970,1125,1810,9700,2310,21875,6425,2280,5175,1975,2600,6775,8200,4510
1/2/2026 16:00:00,8025,5075,3640,4260,6800,2160,1160,1970,226,1485,69,480,58,2480,710,120,4490,815,545,1770,210,5025,880,2130,123,332,9000,153,232,75,1645,1210,1385,1490,1140,830,278,3470,1550,645,210,1210,1185,4010,232,2050,925,1165,1820,9675,2320,22025,6800,2330,5300,1985,2620,6675,8075,4540
1/5/2026 16:00:00,8075,5050,3630,4230,6875,2180,1160,1995,222,1490,68,515,66,2510,715,126,4500,810,550,1790,212,5250,905,2100,139,336,9075,183,242,78,1660,1420,1390,1500,1225,890,334,3580,1535,670,206,1230,1275,3950,240,2040,900,1180,1840,9650,2340,21925,7000,2480,5600,2000,2580,6850,8100,4570
1/6/2026 16:00:00,8175,4880,3680,4240,6900,2150,1170,2020,238,1500,68,500,62,2530,720,144,4600,815,550,1790,214,5175,1130,2140,163,332,9075,246,256,83,1655,1385,1400,1500,1175,840,306,3520,1640,710,212,1230,1240,3990,246,2080,850,1300,1865,9575,2370,21975,7750,2700,5625,1995,2610,7000,8100,4580
1/7/2026 16:00:00,8150,4810,3700,4200,7025,2170,1165,1985,228,1490,67,500,63,2520,710,141,4710,815,555,1800,216,5125,1410,2160,158,338,9100,306,246,81,1655,1295,1430,1500,1130,840,304,3540,1675,710,204,1240,1245,4000,246,2080,855,1400,2010,9600,2420,22025,7975,2720,6325,1995,2600,6725,8050,4550
1/8/2026 16:00:00,8050,4810,3710,4210,7000,2130,1160,1980,236,1500,66,488,61,2520,705,142,4790,815,555,1800,216,5175,1710,2110,148,338,9075,264,238,81,1660,1270,1445,1495,1120,835,304,3530,1610,715,206,1260,1235,4000,246,2040,940,1305,2030,9550,2390,22000,7900,2560,6000,1975,2620,6625,8025,4500
1/9/2026 16:00:00,8125,4760,3680,4180,6875,2080,1160,1975,228,1480,66,482,63,2550,715,141,4770,810,560,1805,212,5175,1515,2140,144,332,9000,252,240,79,1655,1185,1445,1505,1115,830,302,3450,1630,710,204,1245,1240,3950,240,1990,910,1300,2100,9475,2390,21925,8150,2700,6300,1955,2620,6600,8000,4490
1/12/2026 16:00:00,8025,4770,3700,4220,7000,2150,1160,1945,212,1475,66,472,68,2550,715,146,4570,815,555,1795,214,5100,1350,2100,145,330,8950,224,238,78,1640,1165,1460,1505,1115,820,302,3520,1625,650,196,1245,1210,4000,242,1990,905,1300,2150,9000,2380,21850,7925,2890,6400,1940,2600,6600,7900,4480
1/13/2026 16:00:00,8075,4820,3720,4340,7300,2110,1165,1900,206,1495,67,470,66,2550,710,137,4670,830,555,1805,216,5100,1290,2120,142,332,8950,216,242,80,1640,1185,1460,1510,1120,825,294,3620,1885,685,197,1195,1250,4000,240,2030,905,1325,2290,9200,2420,22000,8100,3120,6575,1975,2600,6700,7975,4520
1/14/2026 16:00:00,8000,4840,3720,4360,7125,2250,1200,1890,206,1495,69,474,66,2560,705,139,4600,830,565,1795,218,5175,1295,2100,137,336,8975,226,242,80,1645,1135,1450,1520,1115,825,306,3650,1820,660,198,1165,1235,3900,240,2100,935,1410,2230,9650,2440,22150,8075,3060,6400,1990,2580,6725,7950,4550
1/15/2026 16:00:00,8075,4990,3820,4540,7050,2290,1220,1905,214,1495,68,500,64,2600,725,138,4650,840,580,1810,220,5075,1320,2110,142,334,9050,216,246,79,1640,1130,1455,1575,1120,835,300,3660,1820,680,202,1210,1210,3860,248,2100,925,1420,2230,9700,2450,22275,8025,2990,6350,1980,2450,6750,8050,4570
1/19/2026 16:00:00,8125,5000,3840,4620,7400,2260,1220,1910,212,1490,66,505,63,2590,725,144,4700,840,575,1835,232,5150,1295,2120,145,334,9025,234,244,80,1650,1160,1440,1585,1115,830,302,3620,1815,675,204,1220,1210,3900,248,2100,955,1395,2170,9575,2460,22325,7650,3060,6400,1940,2330,6825,8100,4430
1/20/2026 16:00:00,8000,5025,3850,4570,7275,2230,1220,1910,208,1500,66,488,64,2550,730,140,4700,840,570,1880,230,5150,1285,2120,142,334,9050,220,242,78,1660,1210,1455,1595,1115,820,300,3600,1825,710,204,1215,1190,3840,244,2090,940,1450,2240,9500,2470,22400,7625,3210,6225,1930,2320,6700,8125,4420
1/21/2026 16:00:00,7700,4990,3820,4590,6600,2210,1215,1930,199,1490,64,472,62,2560,725,134,4690,840,570,1860,224,5125,1245,2150,137,332,9050,216,238,77,1670,1225,1445,1585,1100,805,294,3600,1790,705,204,1210,1155,3820,240,2050,910,1465,2260,9300,2480,22300,7600,3310,6450,1940,2290,6700,8100,4450
1/22/2026 16:00:00,7650,4980,3810,4590,6775,2220,1230,1925,187,1475,62,462,63,2580,725,136,4690,835,570,1865,226,5050,1150,2150,139,332,9075,206,244,77,1675,1170,1460,1580,1125,820,306,3740,1915,760,204,1250,1165,3930,242,2050,910,1445,2350,9500,2530,22725,7675,3240,6525,1950,2280,6750,8325,4500
1/23/2026 16:00:00,7650,4990,3850,4600,6825,2250,1230,1910,184,1455,60,440,61,2570,725,140,4650,830,570,1860,226,4970,1115,2150,128,334,8825,206,238,77,1665,1160,1465,1575,1115,815,300,3770,1925,765,204,1265,1190,3750,238,1955,910,1470,2400,9300,2560,22500,7200,3300,6775,1935,2250,6825,8275,4360
1/26/2026 16:00:00,7650,4910,3850,4530,6875,2250,1230,1870,181,1420,60,428,58,2560,735,137,4630,835,565,1850,222,4910,1200,2230,131,334,8950,197,236,77,1685,1180,1450,1585,1100,805,294,3850,2010,745,200,1270,1180,3880,232,1955,905,1535,2390,9375,2590,22650,7850,3450,6825,1925,2150,6800,8400,4390
1/27/2026 16:00:00,7500,4810,3820,4500,6300,2230,1245,1855,188,1420,65,428,58,2540,730,139,4630,840,560,1815,220,4860,1180,2150,127,332,8950,196,234,77,1685,1165,1445,1580,1090,805,286,3940,1950,720,200,1255,1180,3720,230,1965,900,1450,2290,9500,2590,22200,7800,3210,6800,1870,2060,6700,8225,4360
1/28/2026 16:00:00,7025,4560,3590,4440,6175,2100,1195,1670,168,1330,60,400,54,2460,715,127,4600,810,550,1785,206,4510,1025,2110,121,326,8900,171,222,73,1650,1005,1410,1515,1040,790,270,3470,1810,660,183,1220,1115,3950,212,1990,870,1395,2210,8300,2450,21925,7000,3240,6375,1735,1980,6850,7775,4360
1/29/2026 16:00:00,7200,4630,3780,4420,6475,2120,1180,1700,168,1275,63,392,55,2460,700,133,4600,805,545,1815,210,4290,975,2240,127,318,8875,176,218,74,1650,1040,1415,1545,1040,785,264,3450,1730,655,193,1215,1120,4010,208,1950,850,1370,2220,8675,2440,22200,7150,3170,6100,1640,1860,6775,7675,4310
1/30/2026 16:00:00,7400,4820,3810,4490,6350,2250,1230,1700,172,1475,64,392,55,2550,705,138,4750,805,555,1815,214,4250,1200,2180,128,324,8975,180,230,75,1645,1175,1440,1540,1075,800,266,3600,1765,610,193,1205,1155,4030,218,1995,870,1375,2210,8525,2480,21950,7600,3210,6450,1745,1925,6800,7950,4430
2/2/2026 16:00:00,7600,4800,3830,4500,6275,2250,1220,1620,164,1370,61,362,53,2510,705,136,4690,800,555,1800,208,4000,1200,2110,126,318,8975,163,214,73,1635,1100,1430,1530,1030,780,254,3500,1600,620,175,1210,1130,4030,206,1950,840,1245,2140,8325,2540,21900,6475,2730,5925,1725,2030,7025,8375,4440
2/3/2026 16:00:00,7650,4830,3800,4590,6800,2220,1225,1630,170,1430,62,384,54,2540,705,139,4690,810,565,1805,214,4130,1200,2160,130,324,8975,180,228,74,1635,1085,1465,1535,1055,795,262,3450,1620,640,183,1235,1180,4000,212,1960,890,1320,2150,8225,2520,22025,6875,2950,6200,1750,2010,7200,8575,4530
2/4/2026 16:00:00,7800,5000,3870,4630,6675,2400,1340,1630,170,1425,62,390,54,2660,700,136,4690,830,570,1890,214,4130,1185,2150,127,324,8975,176,222,74,1650,1090,1485,1545,1060,800,260,3330,1695,640,185,1270,1190,4000,218,1955,915,1380,2180,8200,2550,22050,7475,3030,6600,1730,2050,7050,8300,4450
2/5/2026 16:00:00,7800,5050,3850,4570,6950,2400,1320,1700,169,1440,60,384,54,2630,700,144,4690,820,570,1875,220,4140,1165,2100,129,324,8975,176,222,74,1650,1145,1515,1545,1065,815,266,3290,1695,640,187,1260,1250,4000,218,2000,910,1310,2100,8250,2590,22125,7350,3060,6300,1770,2210,7000,8300,4520
2/6/2026 16:00:00,7675,5050,3780,4530,6700,2380,1280,1710,159,1430,60,370,53,2620,695,143,4690,820,570,1890,218,4100,1135,2080,125,322,8975,170,216,72,1625,1100,1540,1540,1050,805,276,3380,1620,595,185,1245,1235,4060,214,1995,900,1300,2080,8025,2550,21950,7250,2850,6100,1810,2300,6850,8075,4490
2/9/2026 16:00:00,7500,5000,3770,4520,6650,2410,1255,1670,159,1420,60,362,53,2600,690,144,4650,815,570,1895,218,4060,1140,2080,128,318,8975,175,214,74,1650,1120,1580,1540,1050,795,276,3350,1645,585,181,1225,1250,4160,214,2070,895,1290,2130,8050,2580,22025,7425,3040,6275,1920,2300,6825,8075,4530
2/10/2026 16:00:00,7475,5100,3780,4510,6850,2450,1295,1685,159,1415,59,378,53,2630,700,144,4690,820,570,1890,220,4060,1135,2110,129,322,9000,181,218,74,1650,1155,1565,1560,1060,795,274,3400,1695,600,184,1240,1280,4180,216,2070,905,1330,2170,8000,2580,22100,7650,3090,6350,1950,2300,6900,8125,4450
2/11/2026 16:00:00,7450,5025,3800,4480,6750,2400,1345,1730,164,1405,60,384,54,2640,710,141,4680,820,580,1885,222,4040,1130,2100,129,326,9075,183,220,76,1660,1150,1540,1560,1065,810,282,3530,1730,595,187,1225,1340,4150,218,1990,890,1410,2220,8300,2550,22250,7800,3160,6850,1930,2260,6700,8175,4480
2/12/2026 16:00:00,7325,5075,3790,4510,6775,2380,1360,1710,163,1385,60,376,53,2620,705,139,4690,825,580,1880,220,4170,1115,2110,128,326,9075,200,222,77,1670,1145,1545,1585,1055,810,280,3560,1730,595,190,1215,1345,4180,216,2020,925,1475,2220,8200,2550,22025,7775,3190,7100,1885,2300,6775,8200,4410
2/13/2026 16:00:00,7200,5075,3780,4480,6650,2350,1365,1670,161,1380,59,374,54,2610,705,138,4690,820,580,1875,216,4130,1105,2120,126,326,9050,198,216,75,1660,1135,1540,1595,1100,815,288,3450,1765,600,191,1210,1380,4100,212,2030,925,1450,2220,8000,2550,22200,7550,3220,6975,1845,2300,6675,8200,4300
2/18/2026 16:00:00,7275,5275,3830,4490,6700,2380,1390,1690,164,1405,60,392,54,2660,710,142,4700,820,580,1880,214,4050,1090,2120,128,322,9050,198,218,76,1645,1130,1550,1595,1090,805,286,3490,1770,595,190,1190,1450,4180,218,2030,880,1455,2250,8225,2620,22350,7525,3290,6850,1910,2260,6750,8200,4270
2/19/2026 16:00:00,7175,5075,3770,4450,6600,2350,1365,1645,161,1390,61,388,54,2750,715,139,4690,820,575,1870,218,4060,1065,2100,125,328,9025,195,220,76,1635,1125,1535,1750,1095,805,286,3480,1840,595,185,1190,1440,4170,214,2000,890,1500,2300,8100,2640,22600,7675,3530,6850,1900,2220,6725,8125,4270
2/20/2026 16:00:00,7225,5125,3840,4470,6550,2340,1365,1635,160,1390,61,384,54,2780,765,137,4690,830,585,1865,216,4020,1050,2140,126,328,9000,189,224,76,1655,1190,1530,1745,1110,810,288,3480,1840,600,184,1205,1410,4140,212,2000,890,1475,2300,8050,2620,22475,7900,3590,6900,1815,2240,6650,8025,4330
2/23/2026 16:00:00,7300,5275,3900,4500,6625,2400,1380,1660,160,1405,62,390,54,2890,770,139,4700,830,590,1880,218,4070,1075,2120,125,330,9025,189,224,76,2065,1185,1545,1760,1105,825,286,3550,1860,600,185,1205,1465,4190,214,1970,870,1545,2320,8075,2630,22625,7800,3740,7100,1800,2370,6650,8150,4430
2/24/2026 16:00:00,7225,5375,3870,4450,6550,2360,1380,1620,158,1420,61,376,53,2840,765,136,4700,830,595,1880,216,4090,1080,2130,123,330,8975,186,222,75,2575,1145,1550,1755,1100,820,278,3580,1770,595,184,1195,1425,4180,212,1970,900,1530,2290,7950,2590,22650,7450,3790,7000,1785,2350,6600,7950,4360
2/25/2026 16:00:00,7325,5300,3970,4500,6650,2390,1395,1635,160,1395,60,376,54,2830,775,137,4720,840,600,1885,220,4070,1055,2100,125,332,8750,187,222,75,2420,1195,1555,1750,1100,815,274,3600,1815,590,186,1170,1420,4200,210,1970,890,1530,2370,7775,2630,22575,7300,3820,7350,1735,2330,6575,8025,4340
2/26/2026 16:00:00,7300,5325,3950,4460,6725,2350,1405,1605,156,1380,60,366,54,2860,775,136,4710,835,590,1865,226,4060,1025,2090,121,346,8900,182,218,74,2430,1170,1550,1750,1075,810,270,3650,1790,575,184,1135,1435,4240,210,1970,900,1445,2320,7850,2610,22450,7300,3640,7100,1720,2310,6725,7900,4410
2/27/2026 16:00:00,7175,5275,3910,4400,6675,2360,1390,1590,156,1425,61,372,54,2840,785,136,4630,830,590,1850,222,4050,1045,2160,121,342,8975,178,218,73,2325,1140,1535,1750,1075,805,270,3540,1820,555,185,1150,1445,4210,208,1970,905,1540,2340,8225,2600,22775,7650,3750,7900,1670,2380,6450,7850,4250
3/2/2026 16:00:00,7025,5075,3820,4300,6300,2300,1315,1500,149,1365,59,340,52,2720,760,130,4680,825,575,1815,206,3900,1005,2080,115,330,8925,167,208,73,2160,1080,1495,1725,1050,775,256,3450,1845,540,179,1100,1365,5000,196,2020,885,1445,2410,7775,2750,23500,7300,3940,7325,1600,2250,6400,7600,3940
3/3/2026 16:00:00,7075,5100,3770,4300,6275,2160,1340,1450,148,1385,58,338,52,2730,765,129,4680,825,580,1815,212,3890,990,2110,114,334,8900,168,210,73,2145,1065,1500,1710,1045,785,256,3450,1815,550,179,1105,1350,4780,195,1950,890,1365,2470,7575,2920,25000,6825,3660,7200,1600,2080,6400,7700,4000
3/4/2026 16:00:00,6875,4980,3690,4150,6150,2130,1255,1360,142,1355,57,314,51,2620,745,125,4650,815,560,1765,204,3560,895,2000,110,324,8850,155,200,72,2000,1050,1480,1680,1015,775,250,3200,1645,530,177,1055,1255,4770,187,1940,870,1325,2400,7425,2860,25000,6100,3430,6475,1550,1935,6125,7475,3670
3/5/2026 16:00:00,7100,5125,3750,4280,6325,2240,1315,1415,148,1365,57,320,52,2670,760,127,4550,815,575,1770,212,3690,910,2070,113,328,8900,162,202,73,2015,1020,1495,1705,1020,790,250,3260,1675,535,177,1085,1300,4760,190,1970,840,1335,2430,7300,2970,25975,6300,3620,6325,1555,1990,6225,7475,3680
3/6/2026 16:00:00,7000,4980,3670,4270,6125,2230,1340,1380,143,1350,56,308,51,2630,760,123,4550,820,575,1770,206,3600,905,2030,109,330,8900,160,199,71,2010,1010,1495,1700,1040,780,248,3190,1620,525,175,1070,1265,4790,188,2000,810,1360,2400,7725,2980,26975,6125,3480,6200,1520,1975,6275,7450,3620
3/9/2026 16:00:00,6875,4820,3570,4290,5850,2190,1275,1330,135,1330,55,290,50,2540,725,120,4540,800,555,1735,202,3290,1040,2040,103,318,8825,150,190,68,1940,1000,1490,1650,995,765,234,3100,1500,488,152,1055,1245,4780,177,2000,810,1270,2350,7350,2950,28300,5700,3330,6075,1435,1880,6050,7125,3510
3/10/2026 16:00:00,6975,4910,3560,4260,6000,2210,1285,1500,137,1340,55,298,50,2570,750,124,4460,815,565,1740,204,3250,925,2050,105,326,8850,199,196,69,2025,985,1465,1690,1015,745,238,2960,1555,515,159,1080,1250,4730,183,1975,780,1355,2380,7150,2950,28025,5825,3500,6325,1435,1945,6000,7250,3500
3/11/2026 16:00:00,6825,4880,3580,4290,5950,2210,1290,1535,137,1340,57,294,51,2560,745,126,4500,805,565,1765,204,3150,910,2060,107,328,8825,170,195,74,2025,1010,1480,1690,1000,745,236,3000,1555,500,157,1090,1245,4730,185,1990,835,1325,2350,6975,2870,26250,5500,3370,6425,1440,2000,6025,7250,3630
3/12/2026 16:00:00,6900,4960,3570,4280,5950,2210,1270,1435,137,1330,56,288,50,2530,745,129,4480,805,565,1765,202,3140,895,2020,104,326,8825,160,195,72,2025,1015,1465,1690,1000,745,238,3020,1565,490,150,1075,1225,4760,181,1990,780,1240,2500,6575,2910,27725,5525,3370,6025,1450,1890,6050,7575,3680
3/13/2026 16:00:00,6875,4750,3510,4240,5825,2130,1260,1435,132,1295,55,280,50,2490,725,127,4450,795,560,1755,202,2860,880,2000,102,324,8725,154,191,70,2000,990,1455,1670,990,745,234,2970,1555,494,137,1065,1230,4750,180,2020,785,1195,2480,6300,2910,27725,4950,3190,5650,1460,1870,5900,7250,3600
3/16/2026 16:00:00,6750,4700,3480,4320,5850,2110,1250,1360,130,1285,52,276,50,2480,735,121,4450,790,555,1740,200,2610,885,2000,100,318,8775,151,190,69,2020,985,1440,1675,980,755,232,2960,1605,490,146,1035,1215,4700,176,1945,765,1125,2440,5975,2920,27825,4510,3060,5350,1420,1855,5975,7075,3970
3/17/2026 16:00:00,6775,4730,3480,4390,5800,2110,1270,1385,131,1275,51,288,50,2510,720,120,4480,805,560,1785,204,2530,855,1955,103,324,8975,151,190,70,2025,985,1455,1685,985,770,236,3050,1645,488,146,1035,1230,4700,181,1980,785,1145,2450,5800,2910,28000,4630,3310,5575,1445,2000,5975,7100,3970
3/25/2026 16:00:00,6900,4970,3540,4040,6600,2140,1285,1400,130,1285,53,298,50,2560,735,122,4490,820,565,1805,204,2720,890,1990,105,326,8975,157,188,71,2075,1015,1480,1680,995,760,240,3300,1700,505,147,1075,1270,4700,182,2000,825,1210,2630,5800,3160,30050,5000,3190,5725,1525,1935,6025,7250,4140
3/26/2026 16:00:00,6875,4840,3490,4000,6250,2110,1290,1385,130,1340,52,298,51,2560,715,120,4390,820,565,1800,204,2540,865,1990,105,328,8975,159,189,70,2275,1020,1485,1680,995,765,242,3170,1735,520,148,1050,1290,4710,181,2000,800,1155,2580,5550,3130,29500,4900,3240,5600,1460,1940,6075,7275,4030
3/27/2026 16:00:00,6700,4760,3420,3900,6125,2130,1260,1375,130,1350,51,292,52,2540,705,118,4450,820,555,1780,202,2700,895,1990,105,328,9075,157,189,69,2345,1040,1470,1680,980,760,236,3050,1705,515,150,1055,1270,4750,178,2000,870,1155,2540,5525,3100,28825,4850,3230,5350,1455,1860,5975,7100,4100
3/30/2026 16:00:00,6450,4700,3360,3850,6350,2160,1265,1350,132,1350,52,282,52,2530,700,113,4390,820,560,1765,204,2660,900,1990,104,330,9075,156,185,70,2270,1020,1455,1675,960,750,234,3040,1745,510,146,1035,1220,4690,175,1945,780,1115,2620,5475,3150,30075,4880,3100,5100,1405,1835,5950,7225,4010
3/31/2026 16:00:00,6450,4720,3330,3760,6250,2110,1255,1320,130,1335,51,282,51,2540,710,112,4300,810,570,1765,204,2690,895,1930,104,328,9200,155,190,68,2275,995,1465,1680,945,760,234,3060,1735,500,146,1065,1250,4720,172,1980,795,1085,2580,5250,3180,29725,4920,3140,5350,1480,1820,6350,7350,4100
4/1/2026 16:00:00,6500,4720,3350,3720,6250,2130,1275,1320,131,1320,53,308,51,2570,700,112,4300,820,570,1790,204,2920,915,1960,106,330,9175,156,187,70,2125,995,1480,1690,945,760,238,3150,1765,520,149,1090,1260,4740,173,1980,785,1170,2490,5500,2980,27775,5125,3340,5750,1475,1910,6575,7400,4150
4/2/2026 16:00:00,6575,4650,3320,3700,6075,2100,1265,1295,130,1300,53,304,52,2550,685,112,4220,825,570,1805,206,2890,885,1950,106,334,9125,155,188,69,2125,1000,1490,1680,940,770,236,3130,1775,510,152,1065,1280,4700,173,1980,745,1120,2500,4800,2910,27325,4700,3260,5500,1440,1930,6625,7375,4250
4/6/2026 16:00:00,6500,4610,3310,3640,6100,2080,1255,1300,131,1300,52,308,53,2570,680,114,4280,815,570,1790,204,2850,865,1930,106,330,9125,154,187,69,2245,1020,1490,1690,945,760,238,3160,1705,515,158,1065,1255,4600,170,1980,725,1110,2510,4360,2980,26650,5025,3250,5675,1455,1915,6575,7425,4150
4/7/2026 16:00:00,6500,4510,3230,3510,5900,2080,1265,1310,131,1290,51,294,51,2560,665,110,4250,825,565,1790,204,2830,870,1985,105,330,9125,153,186,68,2800,1020,1480,1680,935,755,232,3100,1690,515,157,1030,1235,4700,168,1980,720,1125,2410,4650,2930,26650,4870,3160,5725,1405,1905,6575,7325,4230
4/8/2026 16:00:00,6750,4670,3340,3780,6200,2090,1295,1365,131,1330,52,332,52,2600,680,114,4350,830,580,1815,208,2980,900,2010,109,334,9100,159,192,70,2763,1020,1505,1690,955,765,240,3160,1760,555,157,1065,1260,4700,176,1980,700,1175,2420,5000,2860,26175,5525,3300,6200,1530,1955,6650,7525,4490
4/9/2026 16:00:00,6475,4570,3280,3710,6175,2130,1295,1410,130,1315,52,318,52,2620,690,113,4250,830,575,1805,204,3100,895,1995,107,332,9075,157,191,70,2525,995,1380,1705,945,765,238,3190,1720,550,158,1065,1240,4620,172,1900,700,1135,2410,5700,2880,27125,5350,3230,6100,1505,1910,6600,7450,4400
4/10/2026 16:00:00,6700,4670,3390,3730,6300,2110,1290,1425,130,1300,52,326,52,2500,700,116,4350,835,575,1820,204,3380,895,2000,108,336,9200,163,195,71,2950,1025,1365,1710,955,770,244,3210,1720,570,157,1080,1250,4720,173,1930,700,1145,2440,5800,2890,27000,5425,3220,6150,1490,1920,6700,7375,4400
4/13/2026 16:00:00,6575,4600,3370,3680,6175,2110,1275,1425,130,1295,52,332,53,2480,710,119,4220,835,580,1820,204,3390,900,1995,109,336,9225,166,194,70,2900,1005,1350,1715,950,770,242,3190,1740,590,160,1075,1255,4700,171,1930,720,1100,2480,6075,2920,26650,5425,3150,6150,1500,1910,6750,7225,4310
4/14/2026 16:00:00,6750,4710,3460,3740,6150,2130,1345,1425,134,1290,52,336,53,2500,720,119,4210,850,585,1835,208,3430,915,2050,110,336,9400,165,196,72,2800,1040,1360,1720,970,775,250,3120,1790,590,164,1095,1250,4700,177,1930,705,1120,2450,6500,2930,27250,5725,3210,6425,1530,1910,6825,7225,4330
4/15/2026 16:00:00,6550,4650,3400,3670,6300,2090,1345,1415,142,1295,52,332,54,2480,725,119,4210,840,585,1825,208,3390,900,2050,109,338,9375,164,220,73,2780,1060,1365,1720,975,780,250,3090,1805,585,163,1095,1270,4740,178,1930,705,1150,2520,6450,2900,27425,5600,3350,6800,1530,1895,6825,7200,4400
4/16/2026 16:00:00,6525,4640,3410,3700,6200,2080,1335,1450,143,1300,52,334,54,2480,905,124,4170,845,590,1825,210,3400,905,2050,111,344,9375,170,212,72,2740,1055,1355,1720,980,780,250,3120,1805,590,164,1095,1290,4700,230,1930,690,1170,2510,6325,2870,26825,5600,3320,6775,1540,1860,6975,7275,4470
4/17/2026 16:00:00,6425,4620,3430,3710,6375,2080,1310,1420,144,1295,52,340,54,2560,870,125,4220,845,585,1855,212,3360,915,1985,112,346,9425,168,204,72,2730,1060,1365,1730,985,780,252,3100,1800,580,167,1095,1280,4750,204,1930,690,1230,2560,6625,2900,26575,5550,3370,6900,1530,1865,6975,7300,4530
4/20/2026 16:00:00,6475,4620,3440,3670,6350,2040,1305,1370,143,1295,53,328,53,2600,830,125,4180,845,580,1865,208,3180,895,1965,110,346,9200,166,204,72,2650,1070,1350,1755,980,785,244,3100,1785,580,168,1080,1290,4730,197,1900,670,1205,2530,6600,2870,26075,5550,3350,6800,1460,1820,6925,7175,4480
4/21/2026 16:00:00,6500,4700,3270,3730,6325,2000,1330,1375,143,1290,56,330,53,3080,820,124,4180,855,595,1885,210,3200,895,1960,109,342,9475,163,204,71,2630,1070,1360,1765,980,785,244,3010,1760,595,171,1075,1310,4740,195,2040,705,1165,2500,5975,2910,26250,5650,3370,6925,1490,1800,7000,7150,4500
4/22/2026 16:00:00,6450,4750,3240,3830,6600,1995,1415,1390,146,1295,56,338,54,3850,815,128,4180,880,600,1900,214,3350,900,2130,112,352,9425,165,206,73,2720,1085,1410,1795,1080,815,268,3000,1775,590,173,1095,1310,4700,199,2010,700,1125,2520,5400,3000,26800,5475,3400,6875,1465,1765,7025,7100,4390
4/23/2026 16:00:00,6425,4630,3160,3870,6325,1955,1490,1355,143,1295,54,330,59,4290,775,127,4140,865,595,1890,212,3390,890,2270,108,346,9425,162,206,72,2650,1075,1410,1790,1035,795,254,2880,1770,595,168,1080,1290,4740,192,2020,685,1120,2510,4930,2960,26750,5225,3380,6700,1430,1675,6975,7075,4290
4/24/2026 16:00:00,6050,4500,3070,3770,6325,1880,1400,1300,140,1285,52,304,53,4030,825,122,4180,855,580,1865,204,3400,890,2110,105,342,9425,159,199,71,2570,1085,1350,1760,1010,770,246,2810,1755,540,164,1065,1265,4500,181,2020,680,1115,2510,4620,2900,26400,5000,3380,6700,1410,1575,6900,6825,4140
4/27/2026 16:00:00,5975,4400,3050,3720,6125,1840,1380,1290,140,1265,53,304,53,3940,780,125,4140,855,575,1860,206,3250,880,2040,104,338,9400,161,199,70,2590,1015,1345,1765,1020,785,250,2830,1810,560,166,1005,1245,4700,184,2020,675,1135,2510,4660,2910,25450,5400,3470,6850,1405,1520,6900,6900,4070
4/28/2026 16:00:00,6000,4430,3070,3790,6025,1800,1395,1320,137,1255,53,306,52,3700,795,122,4110,865,575,1705,200,3160,885,2000,106,338,9400,159,202,71,2540,1035,1330,1770,1010,780,246,2820,1835,565,163,1015,1240,4740,183,2020,685,1125,2410,4650,2890,25475,5125,3420,6800,1325,1485,6825,6775,4090
4/29/2026 16:00:00,5975,4430,3070,3800,6050,1790,1410,1425,138,1265,55,316,54,4250,830,122,4240,875,580,1695,202,3100,875,1965,106,344,9400,160,202,69,2510,1045,1340,1775,1020,790,248,2870,1840,595,164,1005,1270,4740,186,2000,670,1105,2440,4730,2910,26200,5200,3400,6825,1360,1575,6850,6725,4110
4/30/2026 16:00:00,5850,4390,2990,3720,5975,1775,1355,1305,137,1280,54,306,52,4240,800,121,4450,870,580,1670,204,3000,860,1955,105,336,9475,158,199,69,2210,1060,1325,1745,1020,775,242,2810,1795,570,165,1000,1265,4700,181,1990,665,1045,2520,4460,2870,26650,5100,3230,6850,1320,1535,6750,6775,4010
5/4/2026 16:00:00,5900,4420,3040,3840,6075,1790,1360,1250,136,1240,51,302,52,4250,780,120,4060,875,585,1655,204,2890,870,2010,105,340,9450,159,197,70,2100,1040,1325,1730,1015,795,252,2890,1840,575,166,975,1245,4620,180,1915,650,1035,2500,4600,2950,26800,4950,3200,6875,1425,1560,6950,6800,4090
5/5/2026 16:00:00,5950,4490,3150,3920,5875,1820,1365,1245,136,1225,50,302,52,4350,805,123,4070,880,590,1685,206,3400,855,2050,104,338,9400,162,198,69,2110,1060,1345,1760,1005,795,248,2880,1825,575,162,990,1270,4740,185,1915,665,1005,2510,4730,2950,26850,5175,3100,5975,1440,1640,6950,6725,4090
5/6/2026 16:00:00,5950,4510,3160,3830,5750,1815,1355,1235,136,1205,50,300,51,4080,810,123,4010,885,590,1670,206,3240,865,2010,104,346,9400,162,199,69,2050,1060,1340,1750,1005,795,250,2900,1790,575,163,985,1265,4740,182,1915,690,1060,2530,4820,2930,26175,5000,3110,6125,1520,1805,7050,6800,4040
5/7/2026 16:00:00,6225,4640,3310,3980,5850,1990,1420,1270,141,1160,50,322,51,4060,770,125,4040,895,595,1700,206,3440,870,2050,105,348,9450,165,199,70,2070,1020,1370,1750,1055,810,268,2930,1775,585,170,1020,1295,4740,191,1935,670,1105,2500,4650,2880,25500,4640,3200,6300,1510,1835,7125,7175,4220
5/8/2026 16:00:00,6175,4630,3260,3860,5825,1910,1370,1245,136,1140,50,304,50,4510,790,123,4030,805,605,1690,202,3420,870,2100,102,348,9450,158,199,70,2050,1000,1350,1750,1055,805,272,2960,1690,560,165,1015,1260,4740,182,2000,670,1015,2490,4100,2860,24300,4210,2780,5425,1480,1800,6975,7050,4050
5/11/2026 16:00:00,6150,4250,3200,3820,6050,1835,1360,1215,133,1050,50,306,51,4700,770,122,4000,800,595,1660,202,3440,850,2200,103,350,9400,158,195,70,2020,1000,1340,1740,1035,805,276,2960,1700,565,162,1000,1205,4740,182,2000,660,1050,2450,3790,2870,24150,4130,2870,6025,1485,1785,6925,7100,4030
5/12/2026 16:00:00,6125,4240,3220,3910,5850,1855,1380,1220,134,1030,50,300,51,4390,790,120,3960,795,590,1660,202,3290,845,2150,103,350,9400,154,194,69,1990,1010,1335,1730,1020,790,266,2950,1710,550,160,1005,1200,4740,180,1915,660,1045,2600,3610,2860,24100,4070,2870,6075,1415,1800,6975,6950,3980
5/13/2026 16:00:00,6100,4200,3120,3870,5750,1830,1340,1210,132,1030,50,298,51,4400,790,120,4000,785,585,1675,200,3340,840,2270,102,348,9450,155,194,70,1975,1015,1335,1735,1020,790,266,2960,1665,545,162,1010,1195,4700,179,1915,650,1000,2520,3200,2830,23950,3700,2730,5875,1415,1785,6825,6825,4160
5/14/2026 16:00:00,6100,4200,3120,3870,5750,1830,1340,1210,132,1030,50,298,51,4400,790,120,4000,785,585,1675,200,3340,840,2270,102,348,9450,155,194,70,1975,1015,1335,1735,1020,790,266,2960,1665,545,162,1010,1195,4700,179,1915,650,1000,2520,3200,2830,23950,3700,2730,5875,1415,1785,6825,6825,4160
5/15/2026 16:00:00,6100,4200,3120,3870,5750,1830,1340,1210,132,1030,50,298,51,4400,790,120,4000,785,585,1675,200,3340,840,2270,102,348,9450,155,194,70,1975,1015,1335,1735,1020,790,266,2960,1665,545,162,1010,1195,4700,179,1915,650,1000,2520,3200,2830,23950,3700,2730,5875,1415,1785,6825,6825,4160
5/18/2026 16:00:00,6125,4130,3060,3800,6000,1700,1270,1170,132,1000,50,282,50,4250,810,115,3990,780,580,1690,198,3180,835,2310,101,342,9450,153,188,69,1870,995,1300,1720,980,780,254,3080,1680,510,160,990,1165,4700,173,1895,640,990,2460,3190,2850,24950,3450,2660,5350,1415,1770,6725,6800,4200
5/19/2026 16:00:00,5950,4130,3040,3810,5950,1770,1285,1135,131,940,50,278,50,4410,780,115,4020,765,515,1655,195,3130,825,2240,100,338,9475,150,187,68,1870,995,1310,1710,955,770,254,3080,1585,488,147,980,1165,4700,168,1900,640,870,2330,3020,2650,23225,3170,2500,4950,1445,1755,6650,6725,4060
5/20/2026 16:00:00,5975,4230,3040,3800,5975,1790,1300,1145,124,890,50,274,50,4740,745,117,4000,760,510,1645,195,3050,805,2300,100,340,9475,147,185,68,1845,975,1305,1715,960,775,250,3100,1590,500,144,975,1155,4300,169,1930,615,825,2230,2790,2820,23525,2970,2350,4830,1405,1795,6600,6750,4170
5/21/2026 16:00:00,5950,4170,3020,3800,5600,1800,1275,1115,122,830,50,256,50,4620,710,116,3990,765,515,1655,191,2870,795,2370,98,332,9325,127,187,68,1855,980,1295,1710,945,760,236,3000,1590,490,144,955,1165,4590,160,1930,610,815,2210,2570,2710,22325,3040,2180,4670,1440,1750,6750,6675,4270
5/22/2026 16:00:00,5900,4120,3050,3780,5400,1775,1285,1130,124,785,50,266,50,4530,715,117,3960,765,515,1645,194,3100,790,2380,100,336,9500,136,188,67,1865,975,1300,1710,955,765,236,2920,1645,496,138,965,1165,4530,160,1930,620,855,2350,2450,2720,23175,2900,2720,5550,1425,1765,6725,6825,4350
5/25/2026 16:00:00,6100,4220,3170,3890,5600,1935,1390,1150,126,980,50,276,51,4880,720,117,3970,775,525,1635,195,3140,795,2400,99,340,9750,143,190,69,1865,985,1310,1725,955,780,240,2930,1625,492,145,975,1175,4550,167,1930,620,875,2300,2380,2800,22525,3150,2850,5475,1295,1770,6950,7100,4400
5/26/2026 16:00:00,5975,4130,3070,3840,5125,1930,1340,1145,122,935,50,266,50,4740,705,118,3960,775,520,1610,195,3080,795,2350,99,342,9900,140,189,69,1815,985,1295,1730,960,780,240,3090,1645,498,142,970,1160,4420,164,1915,670,845,2300,2640,2840,22725,3110,2720,4890,1190,1760,6825,6875,4480
5/27/2026 16:00:00,5975,4130,3070,3840,5125,1930,1340,1145,122,935,50,266,50,4740,705,118,3960,775,520,1610,195,3080,795,2350,99,342,9900,140,189,69,1815,985,1295,1730,960,780,240,3090,1645,498,142,970,1160,4420,164,1915,670,845,2300,2640,2840,22725,3110,2720,4890,1190,1760,6825,6875,4480
5/28/2026 16:00:00,5975,4130,3070,3840,5125,1930,1340,1145,122,935,50,266,50,4740,705,118,3960,775,520,1610,195,3080,795,2350,99,342,9900,140,189,69,1815,985,1295,1730,960,780,240,3090,1645,498,142,970,1160,4420,164,1915,670,845,2300,2640,2840,22725,3110,2720,4890,1190,1760,6825,6875,4480
5/29/2026 16:00:00,5700,4080,2950,3700,5000,1980,1270,1180,122,995,50,260,50,4660,690,116,4390,765,520,1615,193,3110,805,2340,99,338,10950,139,187,69,1800,985,1295,1735,945,765,238,3030,1560,505,142,930,1125,4420,165,1915,635,890,2300,3300,2780,22100,3300,2590,4730,1150,1710,6925,7100,4270
6/1/2026 16:00:00,5700,4080,2950,3700,5000,1980,1270,1180,122,995,50,260,50,4660,690,116,4390,765,520,1615,193,3110,805,2340,99,338,10950,139,187,69,1800,985,1295,1735,945,765,238,3030,1560,505,142,930,1125,4420,165,1915,635,890,2300,3300,2780,22100,3300,2590,4730,1150,1710,6925,7100,4270
6/2/2026 16:00:00,5825,4170,3040,3760,4900,1945,1280,1160,121,1055,50,262,50,4610,705,113,3950,780,525,1615,195,3080,780,2350,100,342,9900,138,186,68,1915,975,1280,1740,930,760,242,2950,1560,525,143,925,1135,4400,164,1955,630,885,2280,4120,2760,22000,3890,2640,4730,1380,1665,6575,6800,4060
6/3/2026 16:00:00,5525,4050,2900,3570,4840,1885,1210,1090,118,940,50,240,50,4500,680,110,3940,760,515,1590,188,3010,760,2250,96,336,9600,132,180,66,1875,985,1240,1725,905,735,226,2850,1470,490,144,900,1090,4250,154,1955,600,840,2180,4160,2620,22075,3310,2320,4320,1350,1600,6250,6525,3860
6/4/2026 16:00:00,5425,3970,2810,3420,4630,1890,1215,1035,110,970,50,232,50,4290,655,106,3900,760,505,1580,188,2850,755,2200,84,328,10075,123,176,64,1800,960,1215,1680,870,705,216,2900,1410,492,131,880,1075,4250,145,1955,600,845,2270,4000,2660,22075,3500,2490,4390,1330,1615,6250,6625,3420
6/5/2026 16:00:00,5075,3840,2740,3210,4570,1765,1140,930,104,870,50,214,50,4200,625,100,3900,735,500,1550,182,2770,745,2160,81,316,10075,120,171,64,1810,945,1170,1645,855,670,204,2760,1375,486,127,855,1060,3920,142,1955,600,785,2240,3590,2590,21900,3290,2570,4570,1255,1570,6050,6450,3380
6/8/2026 16:00:00,4850,3710,2590,3010,4360,1615,1050,805,102,820,50,192,50,3760,585,91,3900,705,492,1470,174,2680,695,1995,72,302,9950,108,165,62,1800,940,1120,1540,830,650,195,2350,1250,466,126,860,1020,3890,124,1955,580,780,2170,3590,2500,21875,3150,2420,4240,1195,1575,5925,6000,3150
6/9/2026 16:00:00,5150,4090,2790,3270,4670,1840,1175,940,105,875,50,218,50,3970,640,95,3900,735,500,1520,184,2770,700,2020,76,324,10000,127,169,64,1900,940,1155,1570,895,700,206,2620,1325,490,136,905,1040,4470,133,1955,580,820,2250,4090,2640,21800,3410,2580,4710,1365,1605,6200,6325,3300
6/10/2026 16:00:00,5650,4260,2880,3450,4700,1850,1210,970,108,965,50,226,50,3880,655,99,3900,740,510,1545,186,2860,705,2070,83,328,10375,131,181,65,1970,970,1205,1650,930,705,206,2810,1370,490,135,920,1060,4570,142,1955,575,800,2300,4220,2740,22000,3310,2660,4550,1370,1600,6250,6250,3240
6/11/2026 16:00:00,5825,4250,2850,3500,4700,1795,1185,970,106,960,50,226,50,3870,665,101,3870,740,505,1525,185,2840,720,2140,84,320,10400,130,180,63,1990,970,1195,1650,915,700,206,2870,1390,505,135,935,1095,4570,140,1865,575,785,2250,4040,2630,22350,3060,2470,4270,1335,1635,6225,6250,3260
6/12/2026 16:00:00,5925,4200,2850,3560,4740,1870,1260,1010,110,970,50,234,50,3920,670,104,3880,750,515,1550,188,3220,730,2140,87,326,10150,132,186,64,2010,985,1230,1675,915,710,212,2860,1435,515,142,965,1090,4400,151,1955,575,890,2280,4080,2620,23475,3450,2540,4710,1375,1665,6425,6350,3300
6/15/2026 16:00:00,6275,4500,2990,3800,4890,1875,1290,1025,119,990,50,244,50,4000,700,112,3650,770,525,1585,190,3210,735,2140,90,344,10300,139,192,65,2100,955,1265,1710,920,740,216,2930,1495,565,145,1015,1100,4590,157,1980,575,905,2320,4250,2620,23375,3780,2740,5075,1385,1660,6650,6600,3410
6/17/2026 16:00:00,6275,4490,3080,3800,4800,1850,1250,1000,114,975,50,246,50,4040,715,110,3110,775,520,1600,189,3100,730,2140,89,362,10300,139,189,66,2150,970,1255,1750,935,735,216,2960,1515,545,140,1005,1145,4600,156,1960,575,965,2330,3740,2590,22550,3720,2730,4990,1425,1650,6750,6625,3350
6/18/2026 16:00:00,6075,4470,2960,3730,4770,1800,1240,995,116,955,50,240,50,4110,690,109,3550,770,520,1590,189,3170,725,2150,87,370,10300,136,191,66,2130,970,1275,1745,925,735,218,2780,1520,540,142,1015,1140,4640,153,1910,585,910,2260,3820,2580,22250,4000,2860,5125,1390,1665,6800,6625,3340
6/19/2026 16:00:00,6300,4310,2930,3670,4810,1835,1225,970,114,980,50,226,50,4140,680,108,3600,770,510,1610,189,2700,705,2130,88,366,10300,134,191,66,2110,970,1280,1830,920,745,218,2580,1515,555,141,1000,1125,4500,155,1990,575,865,2220,3730,2530,22225,3820,2930,5075,1350,1685,6725,6700,3320
6/22/2026 16:00:00,6225,4220,2870,3490,4730,1770,1190,935,113,965,50,226,50,4150,685,108,3150,765,515,1600,187,2640,735,2130,85,368,10275,128,191,66,2060,970,1255,1850,925,740,214,2510,1505,545,140,1020,1185,4770,150,1990,580,870,2290,3670,2570,22550,3760,2940,5175,1410,1700,6725,6575,3170
6/23/2026 16:00:00,6125,4120,2910,3430,4680,1770,1150,930,110,950,50,228,50,4160,700,108,3220,765,515,1575,187,2550,725,2120,85,378,10300,131,190,66,2070,970,1240,1855,920,745,214,2540,1485,540,142,1000,1170,4770,151,1995,565,865,2290,3690,2480,22350,3770,2840,4960,1440,1655,6750,6600,3150
6/24/2026 16:00:00,5925,3970,2810,3320,4640,1700,1120,870,109,920,50,212,50,4010,715,110,3510,755,510,1560,186,2500,710,2120,83,374,10300,125,186,64,2050,960,1215,1860,905,730,208,2500,1435,535,139,975,1185,4770,147,1900,550,815,2250,3650,2420,21975,3460,2720,4590,1385,1685,6750,6500,3120
6/25/2026 16:00:00,6025,4000,2850,3350,4920,1785,1120,920,109,925,50,222,50,4020,760,111,3550,765,510,1585,187,2560,705,2120,86,378,10300,129,189,66,2060,970,1230,1860,925,745,216,2500,1485,550,139,985,1190,4770,150,2000,555,830,2290,3650,2370,21900,3430,2900,4530,1450,1735,6725,6725,3210
6/26/2026 16:00:00,6175,3990,2870,3320,4760,1730,1110,905,105,930,50,212,50,3990,765,109,3780,760,510,1570,186,2510,705,2090,84,378,10300,127,189,65,2040,960,1215,1840,895,745,218,2480,1475,550,136,980,1185,4750,146,1995,545,820,2250,3350,2360,22050,3340,2690,4450,1460,1730,6725,6600,3160
6/29/2026 16:00:00,5925,3940,2840,3260,4710,1705,1135,905,100,885,50,210,50,3990,740,108,4050,755,510,1555,186,2450,705,2100,78,328,10400,126,188,68,2030,920,1195,1860,900,725,222,2410,1480,540,133,970,1175,4750,141,1900,540,810,2280,3200,2320,22100,3300,2630,4400,1420,1770,6600,6650,3100
6/30/2026 16:00:00,5550,3850,2730,3160,4520,1705,1100,965,99,995,50,206,50,3750,735,104,4400,820,505,1555,183,2300,700,2100,77,320,9800,123,185,67,1965,920,1175,1585,885,720,216,2350,1590,600,135,980,1150,4750,134,1900,535,780,2260,3090,2290,22025,3100,2420,4120,1370,1805,6675,6800,3400
7/1/2026 16:00:00,5600,3810,2670,3100,4600,1665,1080,925,99,935,50,204,50,3730,745,101,4190,750,505,1525,184,2310,690,2120,79,316,10150,124,187,67,2020,920,1155,1465,875,705,212,2440,1560,565,131,955,1165,4750,133,1905,545,820,2260,3360,2290,22350,3210,2540,4330,1380,1775,6600,6800,3170
7/2/2026 16:00:00,5800,3900,2690,3170,4580,1690,1090,940,101,930,50,212,50,3760,735,112,3990,755,505,1515,186,2320,700,2130,78,320,9900,126,189,66,2000,920,1165,1470,860,710,210,2450,1530,570,131,965,1195,4550,134,1905,530,815,2280,3250,2270,22475,3240,2540,4340,1375,1760,6775,6750,3110
7/3/2026 16:00:00,6050,4010,2710,3250,4810,1750,1160,920,101,930,50,212,50,3830,745,110,3970,765,510,1545,188,2330,700,2140,80,322,9825,132,190,68,2000,920,1185,1465,885,710,212,2520,1555,565,131,990,1205,4600,137,1905,520,860,2300,3400,2310,22525,3500,2700,4580,1395,1800,6925,6950,3080
7/6/2026 16:00:00,6125,4030,2790,3280,4780,1835,1165,950,101,930,50,214,50,3810,750,109,3690,765,505,1540,190,2380,695,2220,80,324,9350,130,189,68,2000,920,1190,1465,875,715,212,2480,1560,560,132,1000,1210,4610,141,1905,520,845,2300,3440,2330,22625,3450,2710,4580,1395,1770,6900,6925,3070
7/7/2026 16:00:00,6300,4070,2860,3470,4930,1800,1220,1040,104,915,50,222,50,3840,775,109,3770,765,515,1570,191,2420,695,2200,82,326,9600,129,191,67,2000,920,1205,1480,880,720,220,2480,1570,570,131,1000,1200,4610,143,2000,520,835,2350,3420,2370,22750,3560,2720,4620,1395,1765,6675,6725,3180
7/8/2026 16:00:00,6175,3970,2790,3380,4890,1740,1175,1015,103,910,50,212,50,3810,755,109,3870,760,510,1575,191,2410,690,2170,80,324,9800,133,189,67,2010,920,1195,1475,860,720,216,2510,1545,570,133,995,1190,4710,144,1900,525,825,2300,3250,2350,22875,3350,2570,4510,1390,1735,6575,6625,3060
7/9/2026 16:00:00,6200,4040,2780,3420,4880,1735,1170,1200,101,910,50,226,50,3940,805,108,3800,760,510,1580,190,2370,690,2190,80,328,9900,132,191,68,1990,920,1200,1470,865,720,214,2510,1550,570,137,1005,1245,4710,141,1900,530,805,2290,3280,2360,23000,3450,2570,4600,1420,1715,6625,6675,3070
7/10/2026 16:00:00,6175,4080,2790,3420,4810,1730,1180,1135,103,915,50,218,50,4140,800,109,3770,770,510,1580,190,2390,690,2170,81,332,9800,130,189,67,1995,920,1205,1525,880,730,216,2480,1585,570,134,1005,1245,4710,141,1900,535,795,2390,3170,2380,23300,3510,2570,4690,1400,1730,6775,6650,3120
7/13/2026 16:00:00,6225,4250,2870,3530,4850,1750,1205,1200,101,920,50,224,50,4150,785,110,3750,770,515,1595,189,2360,690,2150,81,338,9850,134,190,67,2010,920,1205,1545,875,720,218,2510,1615,560,135,1000,1245,4610,142,1990,535,810,2450,3230,2410,23925,3780,2640,4740,1400,1680,6750,6625,3120
7/14/2026 16:00:00,6125,4160,2800,3470,4880,1735,1190,1160,102,910,50,224,50,4160,780,109,3690,765,510,1585,190,2330,695,2180,81,338,9750,131,191,67,2010,920,1205,1580,865,730,220,2560,1620,565,133,1030,1275,4700,142,1920,545,825,2480,3380,2420,24000,3660,2660,4930,1400,1675,6775,6650,3100
7/15/2026 16:00:00,6125,4200,2830,3460,4850,1730,1205,1250,103,925,50,232,50,4160,760,107,3900,770,510,1585,190,2330,695,2200,82,334,9800,132,188,68,1995,920,1205,1590,880,735,224,2520,1675,570,134,1035,1275,4710,145,1920,535,835,2480,3430,2420,24025,3760,2650,4930,1360,1670,6750,6600,3070
7/16/2026 16:00:00,6225,4310,2860,3500,5100,1740,1210,1320,103,925,50,234,50,4220,785,108,3940,770,515,1585,189,2340,695,2220,84,334,9825,134,189,68,1995,920,1200,1580,890,735,226,2530,1685,565,136,1025,1245,4710,145,1955,570,840,2510,3490,2420,23825,3920,2660,4960,1330,1685,6750,6700,3110
7/17/2026 16:00:00,6475,4480,2970,3580,5100,1910,1260,1405,121,945,50,262,50,4270,785,113,4250,785,525,1620,190,2390,680,2240,93,334,9725,145,198,70,1995,920,1240,1580,915,750,228,2660,1710,560,138,1040,1240,4720,152,1975,570,845,2490,3420,2410,23850,3940,2660,4910,1335,1700,6700,6850,3120
7/20/2026 16:00:00,6475,4450,3020,3590,5050,1865,1265,1395,119,945,50,256,50,4250,785,113,4260,785,530,1620,191,2360,700,2270,93,336,9600,142,199,68,1995,920,1235,1585,905,745,230,2710,1795,560,138,1030,1235,4700,152,1925,580,860,2570,3360,2440,24325,4010,2670,4920,1370,1735,6800,6900,3110
7/21/2026 16:00:00,6525,4480,3070,3620,5100,1900,1265,1380,118,930,50,262,50,4250,785,116,4260,790,530,1635,191,2380,700,2250,94,338,9375,142,200,68,2010,920,1245,1580,920,735,230,2750,1760,560,142,1030,1235,4700,154,1945,645,885,2540,3500,2420,24175,4290,2720,4940,1390,1710,6850,7000,3130
7/22/2026 16:00:00,6500,4420,3020,3610,5150,1900,1260,1330,120,920,50,262,51,4170,770,114,4200,790,525,1655,191,2410,710,2270,94,344,9675,142,200,67,2000,920,1245,1570,910,730,228,2700,1750,565,140,1025,1230,4700,153,1985,630,865,2580,3710,2430,24275,4150,2730,5000,1400,1705,6900,7075,3210
7/23/2026 16:00:00,6275,4380,2990,3600,5000,1900,1260,1340,115,920,50,254,51,4100,770,113,4240,790,525,1655,191,2390,715,2260,92,342,9675,140,199,68,2000,920,1250,1570,900,730,228,2650,1740,585,140,1020,1230,4690,152,1970,605,890,2540,3640,2440,24400,4220,2780,5075,1415,1680,6925,7125,3310
7/24/2026 16:00:00,6275,4130,2960,3520,4980,1845,1205,1250,113,905,50,244,50,4070,760,109,4050,785,520,1640,189,2370,690,2250,92,336,9700,136,200,68,1990,920,1240,1560,885,715,228,2630,1710,580,140,1005,1220,4690,147,2010,580,850,2540,3550,2390,24500,4040,2650,4870,1375,1685,6850,6975,3230
7/27/2026 16:00:00,6300,4160,2950,3520,4910,1845,1220,1200,115,910,50,244,50,4080,780,109,4140,775,515,1655,188,2330,695,2170,92,332,9900,137,200,68,1995,920,1250,1575,875,720,226,2590,1760,585,141,960,1205,4690,146,1995,610,840,2520,3460,2360,24350,4030,2640,4770,1310,1680,6875,6950,3140
7/28/2026 16:00:00,6225,4100,2930,3480,4970,1790,1215,1185,114,910,50,238,50,4070,845,108,4100,785,515,1645,189,2340,690,2220,93,332,9675,136,199,68,1985,920,1255,1570,890,705,226,2560,1730,560,142,970,1195,4700,144,2000,590,845,2460,3430,2330,24225,4010,2630,4750,1340,1705,6850,6950,3130
7/29/2026 16:00:00,6275,4090,2920,3460,4960,1760,1195,1150,114,900,50,232,50,4050,845,105,4040,780,510,1640,188,2260,690,2160,92,334,9700,134,196,68,1985,920,1245,1565,885,705,224,2560,1730,550,141,965,1190,4690,142,1990,575,850,2450,3300,2330,24450,3940,2610,4640,1305,1695,6875,6950,3160
7/30/2026 16:00:00,6450,4160,2990,3550,4950,1785,1205,1225,114,905,50,244,50,4150,920,112,4200,775,520,1640,188,2190,700,2150,93,340,9875,137,197,69,1990,920,1260,1570,895,720,228,2670,1735,550,141,990,1200,4690,144,1955,580,885,2510,3250,2350,24800,3980,2690,4900,1335,1715,6950,7025,3280
7/31/2026 16:00:00,6325,4190,3040,3530,5100,1820,1215,1220,115,945,50,264,50,4200,915,114,4400,790,520,1650,191,2170,710,2190,93,344,9800,140,196,69,1970,920,1290,1525,895,725,228,2630,1785,565,141,990,1220,4690,147,1960,590,895,2460,3350,2320,24575,4100,2720,5275,1325,1755,6975,6975,3290
8/3/2026 16:00:00,6300,4170,3020,3520,5050,1795,1210,1205,116,920,50,252,50,4180,900,115,4280,790,515,1645,192,2170,690,2170,93,344,9900,139,199,68,1985,920,1280,1530,905,715,224,2740,1750,615,140,995,1220,4690,143,2000,655,935,2470,3210,2320,24625,4280,2720,5200,1325,1740,7075,7200,3160
8/4/2026 16:00:00,6500,4260,3060,3660,5125,1795,1225,1315,118,915,50,260,50,4190,920,112,4050,790,515,1645,193,2180,690,2190,94,346,9800,141,202,69,1980,920,1280,1535,910,715,226,2790,1715,605,140,990,1225,4690,145,1990,625,955,2520,3260,2360,24825,4280,2910,5500,1325,1820,7200,7175,3150
8/5/2026 16:00:00,6450,4220,3020,3630,5025,1800,1220,1340,116,915,50,260,50,4220,935,112,4030,790,520,1650,196,2200,700,2160,95,348,9800,143,204,69,1980,920,1280,1550,915,720,228,2710,1740,595,141,990,1235,4700,146,2000,610,940,2550,3330,2360,24700,4420,2910,5425,1425,1845,7250,7300,3110
8/6/2026 16:00:00,6350,4200,3040,3620,5100,1795,1220,1300,116,910,50,260,50,4530,915,109,4000,785,520,1655,195,2180,705,2170,93,354,9800,145,206,69,1985,920,1275,1540,910,715,226,2650,1775,610,142,990,1230,4610,148,2000,605,935,2500,3440,2350,24700,4320,2840,5450,1400,1805,7275,7450,3160
8/7/2026 16:00:00,6375,4240,3130,3630,5100,1820,1230,1305,120,910,50,270,50,4450,905,114,4000,790,520,1650,194,2190,705,2160,93,356,9775,143,202,69,1985,920,1275,1545,900,700,228,2710,1820,600,141,990,1230,4650,153,2000,610,945,2540,3510,2370,25125,4400,2940,5400,1420,1820,7450,7750,3140
8/10/2026 16:00:00,6375,4180,3090,3650,5000,1795,1235,1290,117,905,50,264,50,4340,905,112,4000,795,515,1650,194,2180,700,2160,91,350,10000,140,202,68,1985,920,1275,1545,910,715,232,2620,1830,600,142,995,1240,4700,151,2040,605,930,2530,3370,2390,24900,4370,3040,5375,1385,1800,7325,7600,3080
8/11/2026 16:00:00,6300,4120,3090,3550,4870,1770,1210,1230,116,905,50,254,50,4200,875,110,4040,785,510,1635,193,2150,695,2160,92,348,9700,140,200,69,1985,920,1260,1540,895,710,228,2610,1800,600,142,980,1235,4700,149,2020,590,915,2530,3310,2350,24675,4250,2920,5250,1395,1745,7275,7575,3100
8/12/2026 16:00:00,6350,4130,3130,3580,4860,1795,1210,1255,117,900,50,256,50,4300,915,110,4090,785,515,1640,194,2160,695,2170,92,350,9500,140,199,69,1985,920,1270,1555,895,720,230,2590,1830,590,143,980,1275,4610,150,2020,585,935,2520,3750,2350,24750,4370,2910,5275,1390,1760,7375,7550,3150
8/13/2026 16:00:00,6375,4130,3110,3610,4800,1775,1220,1195,116,900,50,250,50,4160,915,110,4060,790,515,1645,193,2150,690,2170,92,350,9675,139,198,68,1980,920,1265,1525,905,715,236,2590,1825,595,144,990,1280,4600,148,2020,610,910,2470,3660,2340,24425,4220,2790,5000,1350,1730,7350,7550,3070
8/14/2026 16:00:00,6350,4170,3120,3630,4780,1790,1220,1185,117,905,50,250,50,4150,910,111,4110,790,515,1655,193,2110,700,2130,93,350,9875,139,200,69,1980,920,1255,1545,910,715,236,2620,1840,595,144,990,1390,4700,148,2020,600,925,2530,3570,2360,25000,4270,2900,5225,1370,1775,7425,7600,3070
8/17/2026 16:00:00,6350,4170,3120,3630,4780,1790,1220,1185,117,905,50,250,50,4150,910,111,4110,790,515,1655,193,2110,700,2130,93,350,9875,139,200,69,1980,920,1255,1545,910,715,236,2620,1840,595,144,990,1390,4700,148,2020,600,925,2530,3570,2360,25000,4270,2900,5225,1370,1775,7425,7600,3070
8/18/2026 16:00:00,6300,4150,3080,3590,4790,1790,1215,1135,117,905,50,252,50,4300,930,109,4150,790,515,1690,194,2140,710,2130,92,350,9900,138,199,69,1975,920,1260,1565,905,715,238,2600,1865,595,145,985,1425,4670,151,2020,600,935,2570,3520,2370,24750,4250,2880,5250,1400,1800,7350,7625,3010
8/19/2026 16:00:00,6300,4140,3080,3560,4730,1760,1200,1075,117,905,50,250,50,4300,910,109,4320,785,515,1680,193,2170,695,2120,92,356,9900,145,198,68,1985,920,1250,1560,900,715,238,2600,1880,600,145,985,1385,4670,150,1955,690,925,2560,3450,2370,25000,4140,2850,5075,1355,1780,7275,7675,2960
8/20/2026 16:00:00,6400,4150,3140,3590,4790,1770,1205,1055,116,905,50,254,50,4300,890,112,4140,790,520,1665,193,2160,705,2200,94,358,9900,146,200,70,1985,920,1260,1560,905,715,238,2610,1925,610,144,990,1365,4680,152,1950,685,950,2560,3450,2400,25400,4470,2940,5250,1375,1835,7350,7700,3020
8/21/2026 16:00:00,6450,4220,3230,3730,4780,1805,1225,1060,118,905,50,256,50,4300,880,111,4170,790,520,1665,193,2170,705,2200,94,358,9950,145,202,69,1980,920,1260,1565,905,705,236,2610,1915,610,145,990,1370,4670,153,1950,680,955,2550,3460,2400,25200,4480,2950,5200,1440,1795,7375,7625,3030
8/24/2026 16:00:00,6400,4200,3180,3680,4790,1805,1210,1005,117,905,50,252,50,4270,860,110,4150,795,520,1675,192,2150,710,2180,93,356,10450,143,199,70,1980,920,1265,1565,900,725,230,2620,1935,610,145,985,1380,4660,150,1995,675,955,2630,3400,2480,25400,4500,2960,5275,1415,1800,7375,7750,3020
8/25/2026 16:00:00,6400,4200,3180,3680,4790,1805,1210,1005,117,905,50,252,50,4270,860,110,4150,795,520,1675,192,2150,710,2180,93,356,10450,143,199,70,1980,920,1265,1565,900,725,230,2620,1935,610,145,985,1380,4660,150,1995,675,955,2630,3400,2480,25400,4500,2960,5275,1415,1800,7375,7750,3020
8/26/2026 16:00:00,6350,4160,3130,3680,4780,1780,1205,980,115,895,50,242,50,4200,880,108,4160,785,520,1665,191,2150,695,2200,91,350,9850,141,198,69,1975,920,1245,1560,895,715,226,2600,1900,600,144,975,1315,4660,145,1990,670,940,2610,3310,2420,25100,4390,3020,5200,1380,1765,7275,7850,2970
8/27/2026 16:00:00,6400,4210,3150,3710,4790,1785,1220,1000,117,900,50,248,50,4310,880,112,4150,790,520,1680,192,2160,725,2240,92,352,9800,143,198,68,1970,920,1245,1570,895,735,228,2610,1955,600,154,975,1335,4690,145,1970,700,965,2700,3400,2500,25550,4450,3030,5300,1375,1760,7300,7950,3020
8/28/2026 16:00:00,6475,4250,3190,3780,4800,1785,1235,1000,119,905,50,254,50,4280,920,118,4100,790,520,1695,194,2160,705,2240,92,354,9950,153,202,69,1950,920,1240,1580,895,735,228,2570,1935,630,152,985,1365,4680,146,2000,690,955,2670,3360,2530,25650,4410,3040,5225,1340,1755,7300,7950,3060
8/31/2026 16:00:00,6475,4230,3250,3860,4800,1775,1240,970,119,900,50,254,50,4300,930,116,4380,790,525,1685,194,2150,880,2240,95,352,9950,151,197,70,1960,920,1240,1585,890,720,224,2600,1855,630,151,985,1370,4680,147,2000,680,970,2840,3320,2560,26050,4330,2940,5250,1335,1755,7500,7600,2980
9/1/2026 16:00:00,6600,4320,3380,3870,4920,1790,1240,990,119,875,50,266,50,4370,980,123,4160,795,530,1690,195,2170,1100,2270,96,360,9950,152,200,71,1970,920,1240,1590,895,720,228,2610,1840,640,152,985,1370,4680,151,2020,720,950,2780,3420,2670,26000,4360,2910,5050,1340,1710,7200,7375,3060
9/2/2026 16:00:00,6675,4360,3390,3900,4840,1800,1225,1030,123,900,50,278,50,4330,950,125,4260,795,525,1705,196,2180,1230,2320,96,360,9950,155,200,70,1970,920,1245,1595,895,720,224,2590,1805,665,154,990,1340,4680,153,2020,690,945,2650,3350,2720,26100,4270,2880,4820,1305,1700,7175,7375,3030
9/3/2026 16:00:00,6775,4460,3410,3960,5050,1800,1255,1040,122,900,50,274,50,4470,965,123,4190,800,530,1705,195,2160,1220,2500,96,362,9975,169,198,69,1980,920,1250,1600,915,730,230,2600,1805,700,152,1010,1345,4660,155,1955,680,970,2740,3360,2890,26150,4430,2920,4950,1325,1710,7250,7375,3280
9/4/2026 16:00:00,6700,4420,3390,3940,4900,1790,1240,1050,120,900,50,270,50,4460,950,124,4150,805,530,1710,195,2150,1185,2470,95,368,9950,178,200,70,1985,920,1250,1605,925,730,228,2610,1795,700,154,1015,1355,4680,153,1955,695,955,2720,3360,2880,26100,4390,2900,4960,1310,1685,7225,7275,3210
9/7/2026 16:00:00,6625,4390,3370,3910,4910,1770,1235,1020,119,900,50,264,50,4400,1015,123,4180,805,530,1725,194,2140,1120,2410,94,374,10000,170,198,70,1990,920,1245,1640,915,730,228,2610,1805,700,153,1060,1320,4670,155,1950,680,940,2700,3330,3010,26525,4410,2880,4860,1315,1670,7350,7250,3210
9/8/2026 16:00:00,6675,4430,3410,3870,4930,1775,1250,1025,120,900,50,266,50,4410,1020,120,4180,800,530,1725,194,2150,1180,2420,95,374,10000,172,198,69,1985,920,1255,1655,915,730,228,2650,1830,750,152,1070,1345,4670,154,1995,675,960,2690,3300,3000,26750,4670,3120,4900,1310,1675,7500,7200,3340
9/9/2026 16:00:00,6525,4390,3420,3820,4850,1775,1220,1005,119,900,50,260,50,4540,1010,121,4180,800,530,1760,192,2160,1150,2420,95,378,10000,170,199,70,1980,920,1260,1665,910,725,226,2660,1845,715,161,1050,1355,4670,151,1985,665,1005,2690,3300,3100,26550,4910,3110,4900,1310,1675,7500,7200,3260